group,capture,video,frame_index,timestamp_sec,bin_id,ordinal,stem,image_path,group_key,status,mask_path,ring_fit_json,crop_x0,crop_y0,crop_x1,crop_y1,ring_cx,ring_cy,ring_radius_equiv_px,rectified_mm_per_px,n_components,n_graph_edges,n_inside_components,n_outside_components,n_broad_outside,candidate_A_source,candidate_A_area_px,candidate_B_area_px,candidate_A_visible_points,candidate_B_visible_points,candidate_A_ring_contour_removed,candidate_B_ring_contour_removed,A_valid,A_reason,A_n_visible,A_cx,A_cy,A_radius_px,A_norm_residual,A_norm_residual_all,A_arc_coverage,A_inlier_ratio,A_triplets,A_center_pass,A_radius_pass,A_inlier_pass,A_Dxy_mm,B_valid,B_reason,B_n_visible,B_cx,B_cy,B_radius_px,B_norm_residual,B_norm_residual_all,B_arc_coverage,B_inlier_ratio,B_triplets,B_center_pass,B_radius_pass,B_inlier_pass,B_Dxy_mm,A_ellipse_valid,A_ellipse_reason,A_ellipse_cx,A_ellipse_cy,A_ellipse_major_diameter_px,A_ellipse_minor_diameter_px,A_ellipse_angle_deg,A_ellipse_axis_ratio,A_ellipse_norm_residual,A_ellipse_norm_residual_all,A_ellipse_arc_coverage,A_ellipse_inlier_ratio,A_ellipse_Dxy_mm,B_ellipse_valid,B_ellipse_reason,B_ellipse_cx,B_ellipse_cy,B_ellipse_major_diameter_px,B_ellipse_minor_diameter_px,B_ellipse_angle_deg,B_ellipse_axis_ratio,B_ellipse_norm_residual,B_ellipse_norm_residual_all,B_ellipse_arc_coverage,B_ellipse_inlier_ratio,B_ellipse_Dxy_mm,ring_source,ring_json_path,mm_per_px,ring_px,ring_inner_residual,sharpness,processing_failure_reason,chosen_candidate,chosen_Dxy_mm,chosen_score,chosen_reason,chosen_model_candidate,chosen_shape,chosen_model_Dxy_mm,chosen_model_score,chosen_model_reason,valid_pre_support,Dxy_mm,L_px,q_L_over_ring,C,P,mask_area_px,ellipse_area_px,intersection_px,observed_ellipse_area_px,observed_intersection_px,unknown_area_px,geometry_candidate,geometry_shape,geometry_major_px,geometry_minor_px,geometry_angle_deg,geometry_cx,geometry_cy,support_assessed,support_reason,raw_selected,raw_rank,selection_outcome,raw_stem,retry_rank
GP_Ip_8.8mm_closed_R10_single_refY,GP_Ip_8.8mm_closed_R10_single_refY_004,/home/liu/polyp_research/smart_endoscope_20260805/raw/GP_Ip_8.8mm_closed_R10_single_refY_004.mp4,43.0,0.3671628484608271,1,1.0,GP_Ip_8.8mm_closed_R10_single_refY_004-reacq01-01,/home/liu/polyp_research/experiments/dxy_ip88_raw_video_reacquisition_20260923/frames/images/GP_Ip_8.8mm_closed_R10_single_refY_004-reacq01-01.jpg,GP_Ip_8.8mm_closed_R10_single_refY,ok,/home/liu/polyp_research/experiments/dxy_ip88_raw_video_reacquisition_20260923/frames/masks/GP_Ip_8.8mm_closed_R10_single_refY_004-reacq01-01.png,/home/liu/polyp_research/experiments/dxy_ip88_raw_video_reacquisition_20260923/frames/ring_adapted/GP_Ip_8.8mm_closed_R10_single_refY_004-reacq01-01.json,250.0,229.0,681.0,659.0,219.6085205078125,264.25213623046875,104.6617437217728,0.0360614528182969,2.0,1.0,1.0,1.0,1.0,broad_outside,28738.0,47680.0,391.0,602.0,266.0,521.0,True,ok,391.0,215.32088523776287,170.63585502321212,130.37769980934937,0.0121573950922299,0.0122173680873951,0.5555555555555556,0.989769820971867,179.0,176.0,176.0,164.0,9.403218540465874,True,ok,602.0,215.05978350981428,170.88504059020528,130.40833036996295,0.0120560797360035,0.01622825072019,0.7222222222222222,0.7475083056478405,180.0,179.0,179.0,128.0,9.405427705498605,True,ok,219.0703887939453,170.08914184570312,270.4225769042969,252.18832397460935,125.29249572753906,1.072304112427994,0.003102501520104,0.0042586900606094,0.5277777777777778,0.8005115089514067,9.751830998036583,True,ok,218.35198974609372,170.1936492919922,269.1300964355469,252.4369659423828,128.62120056152344,1.0661279160555834,0.0063028490351222,0.0081678392608738,0.8055555555555556,0.7990033222591362,9.705222274594185,centerline_adapted_inner,/home/liu/polyp_research/experiments/dxy_ip88_raw_video_reacquisition_20260923/frames/ring_adapted/GP_Ip_8.8mm_closed_R10_single_refY_004-reacq01-01.json,0.0360614528182969,277.3044128417969,,32.278326663471745,,A,9.403218540465874,0.4389651672147572,quality_and_group_consistency,A,circle,9.403218540465874,0.4387551058033456,fit_quality_and_group_consistency,True,9.403218540465874,260.75539961869873,0.9403218540465874,0.9780244761868676,0.9729004058694972,52786.0,53491.0,51626.0,48045.0,46743.0,35921.0,A,circle,260.75539961869873,260.75539961869873,0.0,465.3208852377629,399.6358550232121,True,,True,1.0,raw_kept,GP_Ip_8.8mm_closed_R10_single_refY_004-reacq01-01,
GP_Ip_8.8mm_closed_R10_single_refY,GP_Ip_8.8mm_closed_R10_single_refY_004,/home/liu/polyp_research/smart_endoscope_20260805/raw/GP_Ip_8.8mm_closed_R10_single_refY_004.mp4,274.0,2.339595825075968,2,27.0,GP_Ip_8.8mm_closed_R10_single_refY_004-reacq02-27,/home/liu/polyp_research/experiments/dxy_ip88_raw_video_reacquisition_20260923/frames/images/GP_Ip_8.8mm_closed_R10_single_refY_004-reacq02-27.jpg,GP_Ip_8.8mm_closed_R10_single_refY,ok,/home/liu/polyp_research/experiments/dxy_ip88_raw_video_reacquisition_20260923/frames/masks/GP_Ip_8.8mm_closed_R10_single_refY_004-reacq02-27.png,/home/liu/polyp_research/experiments/dxy_ip88_raw_video_reacquisition_20260923/frames/ring_adapted/GP_Ip_8.8mm_closed_R10_single_refY_004-reacq02-27.json,506.0,98.0,941.0,514.0,219.07550048828125,259.8395690917969,102.68063975057969,0.0353447755140783,1.0,0.0,0.0,1.0,1.0,broad_outside,51645.0,51427.0,560.0,561.0,237.0,201.0,True,ok,560.0,227.14444942234005,165.25606397323315,125.86189041132418,0.0092934937277853,0.0104860372575866,0.7777777777777778,0.8607142857142858,180.0,178.0,178.0,133.0,8.897120524731573,True,ok,561.0,227.4153804152096,164.80828968383975,125.53018771020568,0.0105444726957001,0.0118525826666765,0.7777777777777778,0.8787878787878788,180.0,179.0,179.0,132.0,8.87367260971468,True,ok,226.12515258789065,166.00112915039062,255.5586853027344,251.3671875,93.65656280517578,1.016674800893551,0.0045049662682851,0.0057176505780623,0.7222222222222222,0.8,9.032664362698146,True,ok,226.14370727539065,165.98065185546875,255.4367828369141,251.3491973876953,93.47103881835938,1.0162625760961306,0.0045366130061976,0.005629747823989,0.7222222222222222,0.8003565062388592,9.028355747409115,centerline_adapted_inner,/home/liu/polyp_research/experiments/dxy_ip88_raw_video_reacquisition_20260923/frames/ring_adapted/GP_Ip_8.8mm_closed_R10_single_refY_004-reacq02-27.json,0.0353447755140783,282.92724609375,,19.991793616964785,,B,8.87367260971468,0.609942758695612,quality_and_group_consistency,B,circle,8.87367260971468,0.6029048676791788,fit_quality_and_group_consistency,True,8.87367260971468,251.0603754204114,0.8873672609714679,0.9247609366764552,0.9882973935103728,53124.0,50197.0,49127.0,48878.0,48306.0,30825.0,B,circle,251.06037542041136,251.06037542041136,0.0,733.4153804152096,262.80828968383975,True,,True,1.0,raw_kept,GP_Ip_8.8mm_closed_R10_single_refY_004-reacq02-27,
GP_Ip_8.8mm_closed_R10_single_refY,GP_Ip_8.8mm_closed_R10_single_refY_004,/home/liu/polyp_research/smart_endoscope_20260805/raw/GP_Ip_8.8mm_closed_R10_single_refY_004.mp4,422.0,3.603319117452768,3,26.0,GP_Ip_8.8mm_closed_R10_single_refY_004-reacq03-26,/home/liu/polyp_research/experiments/dxy_ip88_raw_video_reacquisition_20260923/frames/images/GP_Ip_8.8mm_closed_R10_single_refY_004-reacq03-26.jpg,GP_Ip_8.8mm_closed_R10_single_refY,ok,/home/liu/polyp_research/experiments/dxy_ip88_raw_video_reacquisition_20260923/frames/masks/GP_Ip_8.8mm_closed_R10_single_refY_004-reacq03-26.png,/home/liu/polyp_research/experiments/dxy_ip88_raw_video_reacquisition_20260923/frames/ring_adapted/GP_Ip_8.8mm_closed_R10_single_refY_004-reacq03-26.json,715.0,120.0,1166.0,536.0,221.58160400390625,254.8910217285156,108.1089482202354,0.033784435137091,1.0,0.0,0.0,1.0,1.0,broad_outside,52232.0,52113.0,641.0,636.0,152.0,140.0,True,ok,641.0,240.87802122813224,176.92079428495651,136.19308118634922,0.0080698839970566,0.0154245983709793,0.6111111111111112,0.6661466458658346,180.0,179.0,179.0,104.0,9.202412634921568,True,ok,636.0,240.9962716041929,176.13025077009087,135.53770840800252,0.0073194924380571,0.0152125026631949,0.6111111111111112,0.6729559748427673,180.0,180.0,179.0,114.0,9.158129836680232,True,ok,238.00804138183597,175.44747924804688,277.9370422363281,262.0710754394531,39.9118766784668,1.0605407016790014,0.0147868265044872,0.0181758592939631,0.7222222222222222,0.8003120124804992,9.389945975628152,True,ok,238.14817810058597,175.3114471435547,277.43914794921875,262.1521911621094,40.06087493896485,1.058313290151583,0.0147139412352617,0.0180587264888224,0.7222222222222222,0.800314465408805,9.373124898380176,centerline_adapted_inner,/home/liu/polyp_research/experiments/dxy_ip88_raw_video_reacquisition_20260923/frames/ring_adapted/GP_Ip_8.8mm_closed_R10_single_refY_004-reacq03-26.json,0.033784435137091,295.9942932128906,,18.517362939103453,,B,9.158129836680232,0.3571571450428257,quality_and_group_consistency,B,circle,9.158129836680232,0.3342452792410462,fit_quality_and_group_consistency,True,9.158129836680232,271.07541681600503,0.9158129836680232,0.99241768579492,0.9254682784850812,53150.0,58421.0,52747.0,56003.0,51829.0,33265.0,B,circle,271.07541681600503,271.07541681600503,0.0,955.9962716041928,296.13025077009087,True,,True,1.0,raw_kept,GP_Ip_8.8mm_closed_R10_single_refY_004-reacq03-26,
GP_Ip_8.8mm_closed_R10_single_refY,GP_Ip_8.8mm_closed_R10_single_refY_004,/home/liu/polyp_research/smart_endoscope_20260805/raw/GP_Ip_8.8mm_closed_R10_single_refY_004.mp4,646.0,5.515981397806844,4,50.0,GP_Ip_8.8mm_closed_R10_single_refY_004-reacq04-50,/home/liu/polyp_research/experiments/dxy_ip88_raw_video_reacquisition_20260923/frames/images/GP_Ip_8.8mm_closed_R10_single_refY_004-reacq04-50.jpg,GP_Ip_8.8mm_closed_R10_single_refY,ok,/home/liu/polyp_research/experiments/dxy_ip88_raw_video_reacquisition_20260923/frames/masks/GP_Ip_8.8mm_closed_R10_single_refY_004-reacq04-50.png,/home/liu/polyp_research/experiments/dxy_ip88_raw_video_reacquisition_20260923/frames/ring_adapted/GP_Ip_8.8mm_closed_R10_single_refY_004-reacq04-50.json,526.0,192.0,929.0,584.0,196.74139404296875,229.962158203125,103.35758634464987,0.0375896077032082,1.0,0.0,0.0,1.0,1.0,broad_outside,41416.0,41310.0,548.0,546.0,141.0,130.0,True,ok,548.0,210.64617189719985,154.09684587491958,113.74237274738968,0.0113472975603531,0.0157820834749426,0.8055555555555556,0.7937956204379562,180.0,180.0,180.0,119.0,8.551062341612916,True,ok,546.0,209.602506994001,155.09723650188778,114.67273495149853,0.0112162170154834,0.014422345670815,0.75,0.782051282051282,180.0,180.0,180.0,124.0,8.621006242161602,True,ok,209.5421600341797,155.85279846191406,231.1902618408203,229.7322998046875,131.78460693359375,1.0063463519817295,0.013468821716901,0.0160597345346249,0.75,0.7992700729927007,8.690351247398421,True,ok,209.80780029296875,155.43182373046875,231.33108520507807,228.49192810058597,124.55773162841795,1.0124256341486266,0.0124912807105378,0.0150669629374892,0.7222222222222222,0.8003663003663004,8.695644742416318,centerline_adapted_inner,/home/liu/polyp_research/experiments/dxy_ip88_raw_video_reacquisition_20260923/frames/ring_adapted/GP_Ip_8.8mm_closed_R10_single_refY_004-reacq04-50.json,0.0375896077032082,266.0309753417969,,23.661372270794853,,A,8.551062341612916,0.5454238764585104,quality_and_group_consistency,A,circle,8.551062341612916,0.5255440877455176,fit_quality_and_group_consistency,True,8.551062341612916,227.48474549477936,0.8551062341612916,0.9553062045782732,0.9877297553432924,42243.0,41105.0,40355.0,40097.0,39605.0,27185.0,A,circle,227.48474549477933,227.48474549477933,0.0,736.6461718971998,346.0968458749196,True,,True,1.0,raw_kept,GP_Ip_8.8mm_closed_R10_single_refY_004-reacq04-50,
GP_Ip_8.8mm_closed_R10_single_refY,GP_Ip_8.8mm_closed_R10_single_refY_004,/home/liu/polyp_research/smart_endoscope_20260805/raw/GP_Ip_8.8mm_closed_R10_single_refY_004.mp4,699.0,5.968530955212049,5,18.0,GP_Ip_8.8mm_closed_R10_single_refY_004-reacq05-18,/home/liu/polyp_research/experiments/dxy_ip88_raw_video_reacquisition_20260923/frames/images/GP_Ip_8.8mm_closed_R10_single_refY_004-reacq05-18.jpg,GP_Ip_8.8mm_closed_R10_single_refY,ok,/home/liu/polyp_research/experiments/dxy_ip88_raw_video_reacquisition_20260923/frames/masks/GP_Ip_8.8mm_closed_R10_single_refY_004-reacq05-18.png,/home/liu/polyp_research/experiments/dxy_ip88_raw_video_reacquisition_20260923/frames/ring_adapted/GP_Ip_8.8mm_closed_R10_single_refY_004-reacq05-18.json,449.0,202.0,839.0,590.0,199.86236572265625,223.1016845703125,104.4170866839006,0.037844669390987,1.0,0.0,0.0,1.0,1.0,broad_outside,40093.0,39967.0,532.0,527.0,135.0,122.0,True,ok,532.0,199.1620832999419,153.29798475694332,112.514479716649,0.0104081722063776,0.0133899034531598,0.75,0.7744360902255639,180.0,179.0,179.0,128.0,8.51614657315099,True,ok,527.0,199.08417365176797,153.87434225110553,112.84247940396357,0.0114091627634117,0.0141531343483207,0.7222222222222222,0.7893738140417458,179.0,178.0,178.0,118.0,8.540972652604525,True,ok,197.25352478027344,158.70741271972656,237.8028717041016,225.9771270751953,15.190357208251951,1.0523316000250378,0.0176047587874752,0.0216951849824373,0.7777777777777778,0.7988721804511278,8.999571059869023,True,ok,198.009521484375,156.4569091796875,232.0546112060547,225.8947296142578,14.683112144470217,1.0272688150020834,0.0147119936835289,0.0188055352602526,0.75,0.7988614800759013,8.78203004174717,centerline_adapted_inner,/home/liu/polyp_research/experiments/dxy_ip88_raw_video_reacquisition_20260923/frames/ring_adapted/GP_Ip_8.8mm_closed_R10_single_refY_004-reacq05-18.json,0.037844669390987,264.2380065917969,,26.09558148553166,,A,8.51614657315099,0.4959347723251471,quality_and_group_consistency,A,circle,8.51614657315099,0.4836220992851545,fit_quality_and_group_consistency,True,8.51614657315099,225.028959433298,0.8516146573150992,0.9580414459713442,0.979772021780062,40969.0,40473.0,39250.0,39302.0,38507.0,25926.0,A,circle,225.028959433298,225.028959433298,0.0,648.162083299942,355.2979847569433,True,,True,1.0,raw_kept,GP_Ip_8.8mm_closed_R10_single_refY_004-reacq05-18,
GP_Ip_8.8mm_closed_R10_single_refY,GP_Ip_8.8mm_closed_R10_single_refY_005,,,,1,,,,,,,,,,,,,,,,,,,,,,,,,,,,,,,,,,,,,,,,,,,,,,,,,,,,,,,,,,,,,,,,,,,,,,,,,,,,,,,,,,,,,,,,,,,,,,,,,,,,False,,,,,,,,,,,,,,,,,,,False,,False,,raw_missing,,
GP_Ip_8.8mm_closed_R10_single_refY,GP_Ip_8.8mm_closed_R10_single_refY_005,/home/liu/polyp_research/smart_endoscope_20260805/raw/GP_Ip_8.8mm_closed_R10_single_refY_005.mp4,172.0,1.4985850700441374,2,19.0,GP_Ip_8.8mm_closed_R10_single_refY_005-reacq02-19,/home/liu/polyp_research/experiments/dxy_ip88_raw_video_reacquisition_20260923/frames/images/GP_Ip_8.8mm_closed_R10_single_refY_005-reacq02-19.jpg,GP_Ip_8.8mm_closed_R10_single_refY,ok,/home/liu/polyp_research/experiments/dxy_ip88_raw_video_reacquisition_20260923/frames/masks/GP_Ip_8.8mm_closed_R10_single_refY_005-reacq02-19.png,/home/liu/polyp_research/experiments/dxy_ip88_raw_video_reacquisition_20260923/frames/ring_adapted/GP_Ip_8.8mm_closed_R10_single_refY_005-reacq02-19.json,495.0,171.0,868.0,535.0,197.25921630859372,194.1436767578125,108.74990334645244,0.0397018147514389,1.0,0.0,1.0,0.0,0.0,all_substantial,35357.0,35288.0,481.0,480.0,148.0,139.0,True,ok,481.0,221.99295363751267,146.96952787727702,107.84581510049092,0.0078062373353809,0.0114334059248179,0.6944444444444444,0.8232848232848233,180.0,180.0,180.0,135.0,8.563349145675264,True,ok,480.0,221.2025472543452,147.5789241365735,108.46581568308416,0.0077278137172245,0.0116899004104193,0.7222222222222222,0.8375,179.0,179.0,179.0,140.0,8.612579442227068,True,ok,221.4163818359375,146.7958984375,218.3929901123047,214.0865631103516,93.02811431884766,1.0201153539922698,0.0077038917911789,0.0104386772886619,0.6666666666666666,0.8004158004158004,8.670598036451567,True,ok,221.4029541015625,146.79257202148438,218.3057403564453,214.09527587890625,92.13966369628906,1.0196663119270344,0.0073747125406366,0.0102141936358321,0.6666666666666666,0.8,8.66713406280733,centerline_adapted_inner,/home/liu/polyp_research/experiments/dxy_ip88_raw_video_reacquisition_20260923/frames/ring_adapted/GP_Ip_8.8mm_closed_R10_single_refY_005-reacq02-19.json,0.0397018147514389,251.87765502929688,,32.08550001424037,,B,8.612579442227068,0.539162565541762,quality_and_group_consistency,B,circle,8.612579442227068,0.5207703400137872,fit_quality_and_group_consistency,True,8.612579442227068,216.93163136616835,0.8612579442227067,0.979660923652777,0.9755611112671704,36334.0,36899.0,35595.0,35599.0,34729.0,26659.0,B,circle,216.93163136616835,216.93163136616835,0.0,716.2025472543452,318.5789241365735,True,,True,1.0,raw_kept,GP_Ip_8.8mm_closed_R10_single_refY_005-reacq02-19,
GP_Ip_8.8mm_closed_R10_single_refY,GP_Ip_8.8mm_closed_R10_single_refY_005,/home/liu/polyp_research/smart_endoscope_20260805/raw/GP_Ip_8.8mm_closed_R10_single_refY_005.mp4,291.0,2.5353968336211863,3,26.0,GP_Ip_8.8mm_closed_R10_single_refY_005-reacq03-26,/home/liu/polyp_research/experiments/dxy_ip88_raw_video_reacquisition_20260923/frames/images/GP_Ip_8.8mm_closed_R10_single_refY_005-reacq03-26.jpg,GP_Ip_8.8mm_closed_R10_single_refY,ok,/home/liu/polyp_research/experiments/dxy_ip88_raw_video_reacquisition_20260923/frames/masks/GP_Ip_8.8mm_closed_R10_single_refY_005-reacq03-26.png,/home/liu/polyp_research/experiments/dxy_ip88_raw_video_reacquisition_20260923/frames/ring_adapted/GP_Ip_8.8mm_closed_R10_single_refY_005-reacq03-26.json,567.0,78.0,937.0,431.0,185.0806884765625,192.68060302734372,100.06206265898328,0.0410712826403139,1.0,0.0,1.0,0.0,0.0,all_substantial,33459.0,33349.0,496.0,496.0,137.0,126.0,True,ok,496.0,226.2404608984461,142.59646524454502,102.8370556857427,0.0083426516273387,0.0119073649210651,0.7777777777777778,0.842741935483871,180.0,179.0,179.0,143.0,8.44729955993368,True,ok,496.0,226.3393763466993,142.24279108605998,102.59444590556627,0.0090318609357046,0.0142959432745209,0.7777777777777778,0.8125,180.0,177.0,177.0,123.0,8.427370970227821,True,ok,224.4864959716797,143.7017059326172,208.6112823486328,207.88609313964844,28.39918708801269,1.0034883969294532,0.0077240430250093,0.0099499667580333,0.7222222222222222,0.8004032258064516,8.56793293929903,True,ok,224.4475555419922,143.6920928955078,208.65921020507807,207.7258758544922,29.711009979248047,1.0044931058624575,0.0078621712525874,0.010099799849655,0.7222222222222222,0.8004032258064516,8.56990139783744,centerline_adapted_inner,/home/liu/polyp_research/experiments/dxy_ip88_raw_video_reacquisition_20260923/frames/ring_adapted/GP_Ip_8.8mm_closed_R10_single_refY_005-reacq03-26.json,0.0410712826403139,243.4791259765625,,27.21239518511265,,A,8.44729955993368,0.5617852195702293,quality_and_group_consistency,A,circle,8.44729955993368,0.5451302046960892,fit_quality_and_group_consistency,True,8.44729955993368,205.67411137148537,0.8447299559933681,0.966129927817879,0.989507494646681,34219.0,33617.0,33060.0,32690.0,32347.0,23217.0,A,circle,205.6741113714854,205.6741113714854,0.0,793.240460898446,220.59646524454504,True,,True,1.0,raw_kept,GP_Ip_8.8mm_closed_R10_single_refY_005-reacq03-26,
GP_Ip_8.8mm_closed_R10_single_refY,GP_Ip_8.8mm_closed_R10_single_refY_005,/home/liu/polyp_research/smart_endoscope_20260805/raw/GP_Ip_8.8mm_closed_R10_single_refY_005.mp4,342.0,2.979744732297064,4,1.0,GP_Ip_8.8mm_closed_R10_single_refY_005-reacq04-01,/home/liu/polyp_research/experiments/dxy_ip88_raw_video_reacquisition_20260923/frames/images/GP_Ip_8.8mm_closed_R10_single_refY_005-reacq04-01.jpg,GP_Ip_8.8mm_closed_R10_single_refY,ok,/home/liu/polyp_research/experiments/dxy_ip88_raw_video_reacquisition_20260923/frames/masks/GP_Ip_8.8mm_closed_R10_single_refY_005-reacq04-01.png,/home/liu/polyp_research/experiments/dxy_ip88_raw_video_reacquisition_20260923/frames/ring_adapted/GP_Ip_8.8mm_closed_R10_single_refY_005-reacq04-01.json,609.0,10.0,988.0,374.0,192.7095947265625,204.66966247558597,98.097435151691,0.0408554356194614,1.0,0.0,0.0,1.0,1.0,broad_outside,35604.0,35491.0,514.0,515.0,131.0,117.0,True,ok,514.0,232.5983817495052,147.92642365132568,106.30105040707372,0.0107239099232166,0.0132902353709946,0.8055555555555556,0.8249027237354085,180.0,180.0,180.0,128.0,8.685951442374654,True,ok,515.0,232.4158211593808,147.8010901855296,106.35255542859366,0.0107237036072979,0.013434753469807,0.7777777777777778,0.829126213592233,180.0,180.0,180.0,133.0,8.690159962556226,True,ok,232.06900024414065,148.58209228515625,216.47979736328125,210.98521423339844,5.205926895141602,1.0260425032618852,0.0075645950504095,0.0097193466792125,0.7777777777777778,0.7996108949416343,8.844376424089596,True,ok,231.8783721923828,148.70860290527344,216.75677490234372,211.1226043701172,9.33972454071045,1.0266867233332786,0.0081444438589938,0.0101377795241555,0.7777777777777778,0.8,8.8556924621048,centerline_adapted_inner,/home/liu/polyp_research/experiments/dxy_ip88_raw_video_reacquisition_20260923/frames/ring_adapted/GP_Ip_8.8mm_closed_R10_single_refY_005-reacq04-01.json,0.0408554356194614,244.76547241210935,,24.91974383778041,,A,8.685951442374654,0.5855454871014277,quality_and_group_consistency,A,circle,8.685951442374654,0.5725968783134586,fit_quality_and_group_consistency,True,8.685951442374654,212.6021008141475,0.8685951442374653,0.9641981768610064,0.9906269827536482,36311.0,35564.0,35011.0,34674.0,34349.0,24242.0,A,circle,212.60210081414743,212.60210081414743,0.0,841.5983817495052,157.92642365132568,True,,True,1.0,raw_kept,GP_Ip_8.8mm_closed_R10_single_refY_005-reacq04-01,
GP_Ip_8.8mm_closed_R10_single_refY,GP_Ip_8.8mm_closed_R10_single_refY_005,/home/liu/polyp_research/smart_endoscope_20260805/raw/GP_Ip_8.8mm_closed_R10_single_refY_005.mp4,513.0,4.469617098445596,5,33.0,GP_Ip_8.8mm_closed_R10_single_refY_005-reacq05-33,/home/liu/polyp_research/experiments/dxy_ip88_raw_video_reacquisition_20260923/frames/images/GP_Ip_8.8mm_closed_R10_single_refY_005-reacq05-33.jpg,GP_Ip_8.8mm_closed_R10_single_refY,ok,/home/liu/polyp_research/experiments/dxy_ip88_raw_video_reacquisition_20260923/frames/masks/GP_Ip_8.8mm_closed_R10_single_refY_005-reacq05-33.png,/home/liu/polyp_research/experiments/dxy_ip88_raw_video_reacquisition_20260923/frames/ring_adapted/GP_Ip_8.8mm_closed_R10_single_refY_005-reacq05-33.json,692.0,167.0,1121.0,564.0,206.5074462890625,214.91033935546875,115.08892955841692,0.0372262490952742,2.0,1.0,1.0,1.0,1.0,broad_outside,18331.0,42035.0,334.0,584.0,248.0,487.0,True,ok,334.0,263.0070123831841,162.82281009961468,123.49850807507563,0.0053394591129248,0.0053394591129248,0.5,1.0,180.0,179.0,178.0,172.0,9.194772448995003,True,ok,584.0,265.7792733870756,158.6217707427524,119.70873680789286,0.0118083124586301,0.0137415846934927,0.7777777777777778,0.8715753424657534,180.0,180.0,180.0,135.0,8.912614510582484,True,ok,264.23883056640625,159.0478973388672,246.1638336181641,237.36436462402344,102.73603057861328,1.0370715672004038,0.0030209445583921,0.0040974530578858,0.5,0.7994011976047904,9.163756188517416,True,ok,264.7060546875,158.48568725585938,244.10055541992188,237.29443359375,103.9310073852539,1.0286821807115123,0.006468368175712,0.0085598204765132,0.75,0.7996575342465754,9.086948080356803,centerline_adapted_inner,/home/liu/polyp_research/experiments/dxy_ip88_raw_video_reacquisition_20260923/frames/ring_adapted/GP_Ip_8.8mm_closed_R10_single_refY_005-reacq05-33.json,0.0372262490952742,268.6276550292969,,20.471695866521205,,B,8.912614510582484,0.5936027909078453,quality_and_group_consistency,B,circle,8.912614510582484,0.5837210416242914,fit_quality_and_group_consistency,True,8.912614510582484,239.4174736157857,0.8912614510582484,0.9704088450182116,0.9881409640868062,46399.0,45565.0,45026.0,41656.0,41162.0,34881.0,B,circle,239.41747361578567,239.41747361578567,0.0,957.7792733870756,325.6217707427524,True,,True,1.0,raw_kept,GP_Ip_8.8mm_closed_R10_single_refY_005-reacq05-33,
