geometry,group,capture,valid_bins,eligible,capture_prediction_mm,capture_MAD_mm,capture_range_mm,capture_range_over_median,small_fit_failures,method
B0,GP_IIa_14.0mm_closed_R10_single_refY,GP_IIa_14.0mm_closed_R10_single_refY_004,5,True,13.031505124319464,0.48269236662278026,2.1133945805613994,0.16217578555967194,0,B0
B0,GP_IIa_14.0mm_closed_R10_single_refY,GP_IIa_14.0mm_closed_R10_single_refY_005,5,True,12.252370965639487,0.06320673176145064,0.7079450719732172,0.0577802511822876,0,B0
B0,GP_IIa_14.0mm_closed_R5_single_refY,GP_IIa_14.0mm_closed_R5_single_refY_004,5,True,15.760268712975748,0.964518184672233,4.214009647419768,0.267381840003165,0,B0
B0,GP_IIa_14.0mm_closed_R5_single_refY,GP_IIa_14.0mm_closed_R5_single_refY_005,4,True,14.342606566137775,0.11181685700546229,0.4680769012987369,0.032635413872666955,0,B0
B0,GP_IIa_22.0mm_closed_R10_single_refY,GP_IIa_22.0mm_closed_R10_single_refY_005,5,True,22.46999347790628,0.24820022242862194,0.7447692841822331,0.033145060096013416,0,B0
B0,GP_IIa_22.0mm_closed_R10_single_refY,GP_IIa_22.0mm_closed_R10_single_refY_006,5,True,20.961646643923565,0.1271184487031647,0.5471523476369384,0.02610254608960069,0,B0
B0,GP_IIa_22.0mm_closed_R5_single_refY,GP_IIa_22.0mm_closed_R5_single_refY_004,4,True,22.386924104383603,0.11019905713878408,1.4526151190926342,0.06488676659283427,0,B0
B0,GP_IIa_22.0mm_closed_R5_single_refY,GP_IIa_22.0mm_closed_R5_single_refY_005,2,False,,0.1588908742950661,0.3177817485901322,0.015530200666611964,0,B0
B0,GP_IIa_4.5mm_closed_R10_single_refY,GP_IIa_4.5mm_closed_R10_single_refY_004,0,False,,,,,0,B0
B0,GP_IIa_4.5mm_closed_R10_single_refY,GP_IIa_4.5mm_closed_R10_single_refY_005,0,False,,,,,0,B0
B0,GP_IIa_5.2mm_closed_R10_single_refY,GP_IIa_5.2mm_closed_R10_single_refY_001,0,False,,,,,0,B0
B0,GP_IIa_5.2mm_closed_R10_single_refY,GP_IIa_5.2mm_closed_R10_single_refY_004,0,False,,,,,0,B0
B0,GP_IIa_9.5mm_closed_R5_single_refY,GP_IIa_9.5mm_closed_R5_single_refY_004,5,True,9.312161159530564,0.24608401734805874,0.7982362637351361,0.08571976473132431,0,B0
B0,GP_IIa_9.5mm_closed_R5_single_refY,GP_IIa_9.5mm_closed_R5_single_refY_005,5,True,7.567806399958471,0.2303022985399794,0.5895332669393722,0.07790015174576974,0,B0
B0,GP_Ip_10.3mm_closed_R5_single_refY,GP_Ip_10.3mm_closed_R5_single_refY_005,5,True,10.173558689432678,0.5603796334919693,2.9667612172132145,0.2916148918760161,0,B0
B0,GP_Ip_12.0mm_closed_R10_single_refY,GP_Ip_12.0mm_closed_R10_single_refY_004,4,True,11.625284711088318,0.03266053206422903,0.27216163193276266,0.02341117991486024,0,B0
B0,GP_Ip_12.0mm_closed_R10_single_refY,GP_Ip_12.0mm_closed_R10_single_refY_005,5,True,12.004148253784576,0.31265068519048533,1.8350264559334857,0.1528660274047309,0,B0
B0,GP_Ip_12.0mm_closed_R5_single_refY,GP_Ip_12.0mm_closed_R5_single_refY_004,5,True,12.118287766143377,0.10905588554284051,0.3724735023436416,0.030736479404646178,0,B0
B0,GP_Ip_12.0mm_closed_R5_single_refY,GP_Ip_12.0mm_closed_R5_single_refY_005,5,True,10.472465895459653,0.05060895186750436,0.232598126233313,0.022210444851785683,0,B0
B0,GP_Ip_2.9mm_closed_R10_single_refY,GP_Ip_2.9mm_closed_R10_single_refY_004,0,False,,,,,0,B0
B0,GP_Ip_2.9mm_closed_R10_single_refY,GP_Ip_2.9mm_closed_R10_single_refY_005,0,False,,,,,0,B0
B0,GP_Ip_2.9mm_closed_R5_single_refY,GP_Ip_2.9mm_closed_R5_single_refY_004,4,True,3.6797680522179155,0.15831842113645278,0.5792910441222374,0.15742596704514566,0,B0
B0,GP_Ip_2.9mm_closed_R5_single_refY,GP_Ip_2.9mm_closed_R5_single_refY_005,3,False,,0.05936735101707624,0.1930339462899191,0.05497739820237607,0,B0
B0,GP_Ip_20.0mm_closed_R10_single_refY,GP_Ip_20.0mm_closed_R10_single_refY_004,5,True,19.23052199714054,0.07049793759916412,0.47538377328723413,0.024720274018454662,0,B0
B0,GP_Ip_20.0mm_closed_R10_single_refY,GP_Ip_20.0mm_closed_R10_single_refY_005,5,True,17.53255239693976,0.3310189053369079,0.9161127822092574,0.052252105766936785,0,B0
B0,GP_Ip_4.0mm_closed_R10_single_refY,GP_Ip_4.0mm_closed_R10_single_refY_004,0,False,,,,,0,B0
B0,GP_Ip_4.0mm_closed_R10_single_refY,GP_Ip_4.0mm_closed_R10_single_refY_005,0,False,,,,,0,B0
B0,GP_Ip_4.0mm_closed_R5_single_refY,GP_Ip_4.0mm_closed_R5_single_refY_005,1,False,,0.0,0.0,0.0,0,B0
B0,GP_Ip_4.0mm_closed_R5_single_refY,GP_Ip_4.0mm_closed_R5_single_refY_006,2,False,,0.01662381725928075,0.0332476345185615,0.006867483315712149,0,B0
B0,GP_Ip_4.0mm_closed_R5_single_refY,GP_Ip_4.0mm_closed_R5_single_refY_007,4,True,4.803742469472379,0.034495836842272976,0.28204505558167803,0.05871360868615769,0,B0
B0,GP_Ip_4.7mm_closed_R5_single_refY,GP_Ip_4.7mm_closed_R5_single_refY_004,3,False,,0.4464367058267342,5.491779242614662,0.18090922997413839,0,B0
B0,GP_Ip_4.7mm_closed_R5_single_refY,GP_Ip_4.7mm_closed_R5_single_refY_005,0,False,,,,,0,B0
B0,GP_Ip_5.6mm_closed_R10_single_refY,GP_Ip_5.6mm_closed_R10_single_refY_005,5,True,6.051050757684977,0.043404798702390224,0.4905418159384416,0.0810672122218512,0,B0
B0,GP_Ip_6.2mm_closed_R10_single_refY,GP_Ip_6.2mm_closed_R10_single_refY_005,1,False,,0.0,0.0,0.0,0,B0
B0,GP_Ip_6.2mm_closed_R5_single_refY,GP_Ip_6.2mm_closed_R5_single_refY_004,5,True,6.498003529691256,0.2888490885291226,0.6677968267617205,0.10276953893766967,0,B0
B0,GP_Ip_6.2mm_closed_R5_single_refY,GP_Ip_6.2mm_closed_R5_single_refY_005,5,True,6.733070598832669,0.1720131664535014,0.5814308413168998,0.08635448459692432,0,B0
B0,GP_Ip_8.8mm_closed_R5_single_refY,GP_Ip_8.8mm_closed_R5_single_refY_004,3,False,,0.10484905610626427,0.27476227390956076,0.029183362157382733,0,B0
B0,GP_Ip_8.8mm_closed_R5_single_refY,GP_Ip_8.8mm_closed_R5_single_refY_005,5,True,8.712177966858627,0.3479250204929727,1.2689925635144963,0.14565732797720388,0,B0
B0,GP_Ip_9.7mm_closed_R5_single_refY,GP_Ip_9.7mm_closed_R5_single_refY_004,4,True,12.818770028898285,0.7775337026672853,2.026369104660855,0.15807827896847074,0,B0
B0,GP_Ip_9.7mm_closed_R5_single_refY,GP_Ip_9.7mm_closed_R5_single_refY_005,5,True,9.691017298183755,0.06013157429783611,0.8777924245911333,0.09057794425314306,0,B0
B0,GP_Is_10.5mm_closed_R5_single_refY,GP_Is_10.5mm_closed_R5_single_refY_004,5,True,11.373434759670284,0.13037096528968917,0.3571507401175307,0.03140218831552734,0,B0
B0,GP_Is_10.5mm_closed_R5_single_refY,GP_Is_10.5mm_closed_R5_single_refY_005,5,True,10.797661625083208,0.1817392037162282,1.090517776749003,0.10099573542994772,0,B0
B0,GP_Is_14.0mm_closed_R10_single_refY,GP_Is_14.0mm_closed_R10_single_refY_004,5,True,11.653511655466373,0.08706866584853223,0.34214930977826086,0.029360189434209483,0,B0
B0,GP_Is_14.0mm_closed_R10_single_refY,GP_Is_14.0mm_closed_R10_single_refY_005,5,True,12.443017967289624,0.46906180601031267,1.7245414719219667,0.13859511225134166,0,B0
B0,GP_Is_14.0mm_closed_R5_single_refY,GP_Is_14.0mm_closed_R5_single_refY_004,5,True,13.623468178645387,0.08682190001305301,0.5952201467771125,0.04369079436836154,0,B0
B0,GP_Is_14.0mm_closed_R5_single_refY,GP_Is_14.0mm_closed_R5_single_refY_005,4,True,13.920235591512094,0.765258921645942,3.179278001090811,0.22839254265419082,0,B0
B0,GP_Is_18.0mm_closed_R10_single_refY,GP_Is_18.0mm_closed_R10_single_refY_004,5,True,16.952410421644604,0.07195742220494594,0.19024204113169318,0.01122212336770674,0,B0
B0,GP_Is_18.0mm_closed_R10_single_refY,GP_Is_18.0mm_closed_R10_single_refY_005,5,True,15.89936316496875,0.4695499621784158,1.3262786730337233,0.08341709408562528,0,B0
B0,GP_Is_18.0mm_closed_R5_single_refY,GP_Is_18.0mm_closed_R5_single_refY_004,5,True,18.43682677835669,0.45430676798551417,1.1443886934724539,0.06207080574276869,0,B0
B0,GP_Is_18.0mm_closed_R5_single_refY,GP_Is_18.0mm_closed_R5_single_refY_005,0,False,,,,,0,B0
B0,GP_Is_4.8mm_closed_R10_single_refY,GP_Is_4.8mm_closed_R10_single_refY_004,0,False,,,,,0,B0
B0,GP_Is_4.8mm_closed_R10_single_refY,GP_Is_4.8mm_closed_R10_single_refY_005,1,False,,0.0,0.0,0.0,0,B0
B0,GP_Is_6.5mm_closed_R10_single_refY,GP_Is_6.5mm_closed_R10_single_refY_004,5,True,5.477010391250971,0.18065776690671154,0.5516325407557412,0.10071781891028074,0,B0
B0,GP_Is_6.5mm_closed_R10_single_refY,GP_Is_6.5mm_closed_R10_single_refY_005,5,True,5.965916630955167,0.1936392901529267,0.7158413508485229,0.11998849382746299,0,B0
B0,GP_Is_7.0mm_closed_R5_single_refY,GP_Is_7.0mm_closed_R5_single_refY_004,5,True,8.562943033162355,0.5133868492563689,1.233960590780736,0.14410472964749196,0,B0
B0,GP_Is_7.0mm_closed_R5_single_refY,GP_Is_7.0mm_closed_R5_single_refY_005,5,True,7.241995837138423,0.16491896062252742,0.5020583540523251,0.06932596556845119,0,B0
B0,GP_Is_7mm_closed_R10_single_refY,GP_Is_7mm_closed_R10_single_refY_004,4,True,7.467297650092568,0.0857252182471222,0.45653781543195393,0.061138290828181265,0,B0
B0,GP_Is_7mm_closed_R10_single_refY,GP_Is_7mm_closed_R10_single_refY_005,3,False,,0.011076866737246505,0.04725458709050301,0.0066644991084380024,0,B0
B0,GP_Is_8.8mm_closed_R10_single_refY,GP_Is_8.8mm_closed_R10_single_refY_005,1,False,,0.0,0.0,0.0,0,B0
B0,GP_Is_8.8mm_closed_R5_single_refY,GP_Is_8.8mm_closed_R5_single_refY_004,5,True,9.753245781025406,0.24780795712329073,0.6887371592687614,0.07061620046617458,0,B0
B0,GP_Is_8.8mm_closed_R5_single_refY,GP_Is_8.8mm_closed_R5_single_refY_005,5,True,8.199280014569032,0.008089206953522776,0.6235521266573159,0.07604961966774479,0,B0
B1,GP_IIa_14.0mm_closed_R10_single_refY,GP_IIa_14.0mm_closed_R10_single_refY_004,5,True,13.078551141093982,0.4083170600826307,1.891960672706393,0.14466133536471656,0,B1
B1,GP_IIa_14.0mm_closed_R10_single_refY,GP_IIa_14.0mm_closed_R10_single_refY_005,5,True,12.252370965639487,0.07482076268155069,0.7660068387601537,0.06251907005659077,0,B1
B1,GP_IIa_14.0mm_closed_R5_single_refY,GP_IIa_14.0mm_closed_R5_single_refY_004,5,True,15.756185617883048,0.9711536810485839,4.214555476352054,0.26748577216357444,0,B1
B1,GP_IIa_14.0mm_closed_R5_single_refY,GP_IIa_14.0mm_closed_R5_single_refY_005,5,True,14.392673167607745,0.09808881898028154,0.5419972140682692,0.03765785603247714,0,B1
B1,GP_IIa_22.0mm_closed_R10_single_refY,GP_IIa_22.0mm_closed_R10_single_refY_005,5,True,22.469993477906282,0.25118064407361373,0.7471812111197131,0.033252399999776694,0,B1
B1,GP_IIa_22.0mm_closed_R10_single_refY,GP_IIa_22.0mm_closed_R10_single_refY_006,5,True,20.961646643923565,0.12547596638280467,0.5472058214167568,0.026105097119141767,0,B1
B1,GP_IIa_22.0mm_closed_R5_single_refY,GP_IIa_22.0mm_closed_R5_single_refY_004,5,True,22.347871527278848,0.22065495897194154,1.4534044694221713,0.06503547631585757,0,B1
B1,GP_IIa_22.0mm_closed_R5_single_refY,GP_IIa_22.0mm_closed_R5_single_refY_005,4,True,20.338268948803663,0.0308085138274361,0.32966815742572564,0.01620925351393376,0,B1
B1,GP_IIa_4.5mm_closed_R10_single_refY,GP_IIa_4.5mm_closed_R10_single_refY_004,0,False,,,,,0,B1
B1,GP_IIa_4.5mm_closed_R10_single_refY,GP_IIa_4.5mm_closed_R10_single_refY_005,0,False,,,,,0,B1
B1,GP_IIa_5.2mm_closed_R10_single_refY,GP_IIa_5.2mm_closed_R10_single_refY_001,0,False,,,,,0,B1
B1,GP_IIa_5.2mm_closed_R10_single_refY,GP_IIa_5.2mm_closed_R10_single_refY_004,0,False,,,,,0,B1
B1,GP_IIa_9.5mm_closed_R5_single_refY,GP_IIa_9.5mm_closed_R5_single_refY_004,5,True,9.291595065867588,0.1774196066906093,0.794775458177698,0.08553703132170312,0,B1
B1,GP_IIa_9.5mm_closed_R5_single_refY,GP_IIa_9.5mm_closed_R5_single_refY_005,5,True,7.567806399958471,0.23347884967422772,0.5813210024282265,0.07681499389722979,0,B1
B1,GP_Ip_10.3mm_closed_R5_single_refY,GP_Ip_10.3mm_closed_R5_single_refY_005,5,True,10.17348941530451,0.5656258513819381,2.9893690533374837,0.2938391078326007,0,B1
B1,GP_Ip_12.0mm_closed_R10_single_refY,GP_Ip_12.0mm_closed_R10_single_refY_004,4,True,11.617301441920947,0.036535818449811686,0.32571426760931566,0.02803699888805313,0,B1
B1,GP_Ip_12.0mm_closed_R10_single_refY,GP_Ip_12.0mm_closed_R10_single_refY_005,5,True,12.004148253784576,0.3252694614617333,1.7838279677941866,0.14860096110790658,0,B1
B1,GP_Ip_12.0mm_closed_R5_single_refY,GP_Ip_12.0mm_closed_R5_single_refY_004,5,True,12.116242755259142,0.10510451530348597,0.3749854018238743,0.030948983888681926,0,B1
B1,GP_Ip_12.0mm_closed_R5_single_refY,GP_Ip_12.0mm_closed_R5_single_refY_005,5,True,10.474083595715326,0.06048394251447675,0.2827281296716606,0.026993113725702678,0,B1
B1,GP_Ip_2.9mm_closed_R10_single_refY,GP_Ip_2.9mm_closed_R10_single_refY_004,0,False,,,,,0,B1
B1,GP_Ip_2.9mm_closed_R10_single_refY,GP_Ip_2.9mm_closed_R10_single_refY_005,0,False,,,,,0,B1
B1,GP_Ip_2.9mm_closed_R5_single_refY,GP_Ip_2.9mm_closed_R5_single_refY_004,4,True,3.6797680522179155,0.15831842113645234,0.5767278087422167,0.15672939178723622,0,B1
B1,GP_Ip_2.9mm_closed_R5_single_refY,GP_Ip_2.9mm_closed_R5_single_refY_005,3,False,,0.06148181298017308,0.19533001971680397,0.0556313357378091,0,B1
B1,GP_Ip_20.0mm_closed_R10_single_refY,GP_Ip_20.0mm_closed_R10_single_refY_004,5,True,19.230627259842457,0.07039267489724566,0.548318888471286,0.028512792695862276,0,B1
B1,GP_Ip_20.0mm_closed_R10_single_refY,GP_Ip_20.0mm_closed_R10_single_refY_005,5,True,17.522640631793326,0.3409306704833419,0.9134619486422224,0.052130381934833735,0,B1
B1,GP_Ip_4.0mm_closed_R10_single_refY,GP_Ip_4.0mm_closed_R10_single_refY_004,0,False,,,,,0,B1
B1,GP_Ip_4.0mm_closed_R10_single_refY,GP_Ip_4.0mm_closed_R10_single_refY_005,0,False,,,,,0,B1
B1,GP_Ip_4.0mm_closed_R5_single_refY,GP_Ip_4.0mm_closed_R5_single_refY_005,1,False,,0.0,0.0,0.0,0,B1
B1,GP_Ip_4.0mm_closed_R5_single_refY,GP_Ip_4.0mm_closed_R5_single_refY_006,2,False,,0.024210403267348912,0.048420806534697824,0.009985708852395794,0,B1
B1,GP_Ip_4.0mm_closed_R5_single_refY,GP_Ip_4.0mm_closed_R5_single_refY_007,4,True,4.807904629910551,0.035947557546673004,0.28213322558949283,0.058681119387083557,0,B1
B1,GP_Ip_4.7mm_closed_R5_single_refY,GP_Ip_4.7mm_closed_R5_single_refY_004,3,False,,0.9988429405063926,5.4178030891962585,0.18381031575308782,0,B1
B1,GP_Ip_4.7mm_closed_R5_single_refY,GP_Ip_4.7mm_closed_R5_single_refY_005,0,False,,,,,0,B1
B1,GP_Ip_5.6mm_closed_R10_single_refY,GP_Ip_5.6mm_closed_R10_single_refY_005,5,True,6.049510778095869,0.04121991058090124,0.47559491813257004,0.07861708749319185,0,B1
B1,GP_Ip_6.2mm_closed_R10_single_refY,GP_Ip_6.2mm_closed_R10_single_refY_005,1,False,,0.0,0.0,0.0,0,B1
B1,GP_Ip_6.2mm_closed_R5_single_refY,GP_Ip_6.2mm_closed_R5_single_refY_004,5,True,6.498003529691256,0.3042597133701923,0.6693536272670704,0.10300912029496448,0,B1
B1,GP_Ip_6.2mm_closed_R5_single_refY,GP_Ip_6.2mm_closed_R5_single_refY_005,5,True,6.721386388229367,0.16417102830533015,0.5845038131858002,0.08696179321120351,0,B1
B1,GP_Ip_8.8mm_closed_R5_single_refY,GP_Ip_8.8mm_closed_R5_single_refY_004,3,False,,0.10224434439269636,0.2743720716797604,0.02913506469741011,0,B1
B1,GP_Ip_8.8mm_closed_R5_single_refY,GP_Ip_8.8mm_closed_R5_single_refY_005,5,True,8.712177966858627,0.3391114392979766,1.1915735073543239,0.13677102463782345,0,B1
B1,GP_Ip_9.7mm_closed_R5_single_refY,GP_Ip_9.7mm_closed_R5_single_refY_004,4,True,12.818974321715599,0.7775337026672853,2.0260868783753843,0.15805374342182374,0,B1
B1,GP_Ip_9.7mm_closed_R5_single_refY,GP_Ip_9.7mm_closed_R5_single_refY_005,5,True,9.691017298183759,0.06732830206084195,0.8643053661066329,0.08918623705981998,0,B1
B1,GP_Is_10.5mm_closed_R5_single_refY,GP_Is_10.5mm_closed_R5_single_refY_004,5,True,11.370853127743286,0.12136098951285668,0.3690197087806357,0.032453124197012045,0,B1
B1,GP_Is_10.5mm_closed_R5_single_refY,GP_Is_10.5mm_closed_R5_single_refY_005,5,True,10.797661625083208,0.17715818580842857,1.1075842055581298,0.10257630253805945,0,B1
B1,GP_Is_14.0mm_closed_R10_single_refY,GP_Is_14.0mm_closed_R10_single_refY_004,5,True,11.647289761284927,0.09399810947444287,0.3402864404607673,0.029215933271606608,0,B1
B1,GP_Is_14.0mm_closed_R10_single_refY,GP_Is_14.0mm_closed_R10_single_refY_005,5,True,12.442780742825962,0.4765602972455465,1.721853493705046,0.13838172746858068,0,B1
B1,GP_Is_14.0mm_closed_R5_single_refY,GP_Is_14.0mm_closed_R5_single_refY_004,5,True,13.63164428964477,0.09058531862288532,0.6290562022465416,0.04614675888545609,0,B1
B1,GP_Is_14.0mm_closed_R5_single_refY,GP_Is_14.0mm_closed_R5_single_refY_005,5,True,13.980324504832929,1.5327099015054166,3.17926746855864,0.22741013396789062,0,B1
B1,GP_Is_18.0mm_closed_R10_single_refY,GP_Is_18.0mm_closed_R10_single_refY_004,5,True,16.929689709490262,0.04923671005060015,0.18845750396713257,0.011131775431270256,0,B1
B1,GP_Is_18.0mm_closed_R10_single_refY,GP_Is_18.0mm_closed_R10_single_refY_005,5,True,15.89936316496875,0.4669325867087686,1.3259609311123253,0.08339710951655159,0,B1
B1,GP_Is_18.0mm_closed_R5_single_refY,GP_Is_18.0mm_closed_R5_single_refY_004,5,True,18.44758023177856,0.4389684192719301,1.1443886934724574,0.06203462346249003,0,B1
B1,GP_Is_18.0mm_closed_R5_single_refY,GP_Is_18.0mm_closed_R5_single_refY_005,0,False,,,,,0,B1
B1,GP_Is_4.8mm_closed_R10_single_refY,GP_Is_4.8mm_closed_R10_single_refY_004,0,False,,,,,0,B1
B1,GP_Is_4.8mm_closed_R10_single_refY,GP_Is_4.8mm_closed_R10_single_refY_005,1,False,,0.0,0.0,0.0,0,B1
B1,GP_Is_6.5mm_closed_R10_single_refY,GP_Is_6.5mm_closed_R10_single_refY_004,5,True,5.482768691490868,0.1748734107776171,0.5522010962144295,0.100715738212964,0,B1
B1,GP_Is_6.5mm_closed_R10_single_refY,GP_Is_6.5mm_closed_R10_single_refY_005,5,True,5.965699783455748,0.1506894137946686,0.6893379443907994,0.11555022368079793,0,B1
B1,GP_Is_7.0mm_closed_R5_single_refY,GP_Is_7.0mm_closed_R5_single_refY_004,5,True,8.539913577627262,0.5079267160323901,1.2336189128035802,0.14445332515253978,0,B1
B1,GP_Is_7.0mm_closed_R5_single_refY,GP_Is_7.0mm_closed_R5_single_refY_005,5,True,7.24390199023512,0.16720679004512906,0.5024400303782297,0.06936041253119186,0,B1
B1,GP_Is_7mm_closed_R10_single_refY,GP_Is_7mm_closed_R10_single_refY_004,5,True,7.508913259651753,0.0872632307371548,0.44843174952360876,0.05971992670806348,0,B1
B1,GP_Is_7mm_closed_R10_single_refY,GP_Is_7mm_closed_R10_single_refY_005,5,True,7.091661545413677,0.04144064257681901,0.12580875942993597,0.017740378418270548,0,B1
B1,GP_Is_8.8mm_closed_R10_single_refY,GP_Is_8.8mm_closed_R10_single_refY_005,1,False,,0.0,0.0,0.0,0,B1
B1,GP_Is_8.8mm_closed_R5_single_refY,GP_Is_8.8mm_closed_R5_single_refY_004,5,True,9.74620027268853,0.25626826466176844,0.6833699180338932,0.07011654787649699,0,B1
B1,GP_Is_8.8mm_closed_R5_single_refY,GP_Is_8.8mm_closed_R5_single_refY_005,5,True,8.20319389614804,0.042147868261709576,0.6734292415926255,0.08209354187139799,0,B1
B2,GP_IIa_14.0mm_closed_R10_single_refY,GP_IIa_14.0mm_closed_R10_single_refY_004,5,True,13.180296250586789,0.5368911013943478,1.9983871422718842,0.1516192886926131,0,B2
B2,GP_IIa_14.0mm_closed_R10_single_refY,GP_IIa_14.0mm_closed_R10_single_refY_005,5,True,12.282011975170992,0.10791631637860455,0.7610676999973833,0.0619660444506925,0,B2
B2,GP_IIa_14.0mm_closed_R5_single_refY,GP_IIa_14.0mm_closed_R5_single_refY_004,5,True,15.748750805708355,0.9903070537741954,4.111401637419188,0.26106207966215034,0,B2
B2,GP_IIa_14.0mm_closed_R5_single_refY,GP_IIa_14.0mm_closed_R5_single_refY_005,5,True,14.390464386234616,0.08431979980712434,0.39045903069419907,0.027133177930498038,0,B2
B2,GP_IIa_22.0mm_closed_R10_single_refY,GP_IIa_22.0mm_closed_R10_single_refY_005,5,True,22.45326994980563,0.23761359455293984,0.7493902189379398,0.033375549334827594,0,B2
B2,GP_IIa_22.0mm_closed_R10_single_refY,GP_IIa_22.0mm_closed_R10_single_refY_006,5,True,20.97600692121066,0.10949584917721111,0.5445499814281405,0.025960612211540546,0,B2
B2,GP_IIa_22.0mm_closed_R5_single_refY,GP_IIa_22.0mm_closed_R5_single_refY_004,5,True,22.301212212851354,0.28416303607914273,1.4645345420187468,0.06567062489880215,0,B2
B2,GP_IIa_22.0mm_closed_R5_single_refY,GP_IIa_22.0mm_closed_R5_single_refY_005,3,False,,0.05858042663296459,0.32446948973124634,0.015943326723048833,0,B2
B2,GP_IIa_4.5mm_closed_R10_single_refY,GP_IIa_4.5mm_closed_R10_single_refY_004,0,False,,,,,0,B2
B2,GP_IIa_4.5mm_closed_R10_single_refY,GP_IIa_4.5mm_closed_R10_single_refY_005,0,False,,,,,0,B2
B2,GP_IIa_5.2mm_closed_R10_single_refY,GP_IIa_5.2mm_closed_R10_single_refY_001,0,False,,,,,0,B2
B2,GP_IIa_5.2mm_closed_R10_single_refY,GP_IIa_5.2mm_closed_R10_single_refY_004,0,False,,,,,0,B2
B2,GP_IIa_9.5mm_closed_R5_single_refY,GP_IIa_9.5mm_closed_R5_single_refY_004,5,True,9.287899207532794,0.19295458261748522,0.7781403146656309,0.08378001281867199,0,B2
B2,GP_IIa_9.5mm_closed_R5_single_refY,GP_IIa_9.5mm_closed_R5_single_refY_005,5,True,7.547897407019094,0.21568945007478657,0.5169912511563926,0.06849473744510909,0,B2
B2,GP_Ip_10.3mm_closed_R5_single_refY,GP_Ip_10.3mm_closed_R5_single_refY_005,5,True,10.172037513707368,0.5717485079114635,3.040983327483513,0.29895518212409505,0,B2
B2,GP_Ip_12.0mm_closed_R10_single_refY,GP_Ip_12.0mm_closed_R10_single_refY_004,4,True,11.617459144044117,0.038776376206305585,0.31609449751861973,0.027208574060763605,0,B2
B2,GP_Ip_12.0mm_closed_R10_single_refY,GP_Ip_12.0mm_closed_R10_single_refY_005,5,True,12.027546769441726,0.30273895135237083,1.7224269908520053,0.14320684208255663,0,B2
B2,GP_Ip_12.0mm_closed_R5_single_refY,GP_Ip_12.0mm_closed_R5_single_refY_004,5,True,12.116434533804078,0.10653853394153145,0.37004438701548814,0.030540699574869812,0,B2
B2,GP_Ip_12.0mm_closed_R5_single_refY,GP_Ip_12.0mm_closed_R5_single_refY_005,5,True,10.479877723469075,0.06549162680496856,0.22961318629632288,0.021909910817195656,0,B2
B2,GP_Ip_2.9mm_closed_R10_single_refY,GP_Ip_2.9mm_closed_R10_single_refY_004,0,False,,,,,0,B2
B2,GP_Ip_2.9mm_closed_R10_single_refY,GP_Ip_2.9mm_closed_R10_single_refY_005,0,False,,,,,0,B2
B2,GP_Ip_2.9mm_closed_R5_single_refY,GP_Ip_2.9mm_closed_R5_single_refY_004,3,False,,0.16063946527938455,0.3998792659931243,0.11152134901764577,0,B2
B2,GP_Ip_2.9mm_closed_R5_single_refY,GP_Ip_2.9mm_closed_R5_single_refY_005,3,False,,0.05430426057458426,0.20815870025357164,0.05944500222357099,0,B2
B2,GP_Ip_20.0mm_closed_R10_single_refY,GP_Ip_20.0mm_closed_R10_single_refY_004,5,True,19.236875032228244,0.06936038615502227,0.742564410248356,0.03860109342106296,0,B2
B2,GP_Ip_20.0mm_closed_R10_single_refY,GP_Ip_20.0mm_closed_R10_single_refY_005,5,True,17.525004055828383,0.32500364205221643,0.9115363462243629,0.05201347419495794,0,B2
B2,GP_Ip_4.0mm_closed_R10_single_refY,GP_Ip_4.0mm_closed_R10_single_refY_004,0,False,,,,,0,B2
B2,GP_Ip_4.0mm_closed_R10_single_refY,GP_Ip_4.0mm_closed_R10_single_refY_005,0,False,,,,,0,B2
B2,GP_Ip_4.0mm_closed_R5_single_refY,GP_Ip_4.0mm_closed_R5_single_refY_005,1,False,,0.0,0.0,0.0,0,B2
B2,GP_Ip_4.0mm_closed_R5_single_refY,GP_Ip_4.0mm_closed_R5_single_refY_006,2,False,,0.023727463695376816,0.04745492739075363,0.009793391389027016,0,B2
B2,GP_Ip_4.0mm_closed_R5_single_refY,GP_Ip_4.0mm_closed_R5_single_refY_007,4,True,4.8124813637132,0.04900977548168006,0.28602016419744647,0.05943299154446177,0,B2
B2,GP_Ip_4.7mm_closed_R5_single_refY,GP_Ip_4.7mm_closed_R5_single_refY_004,3,False,,0.8825218507343067,5.527638952416076,0.18610810180787293,0,B2
B2,GP_Ip_4.7mm_closed_R5_single_refY,GP_Ip_4.7mm_closed_R5_single_refY_005,0,False,,,,,0,B2
B2,GP_Ip_5.6mm_closed_R10_single_refY,GP_Ip_5.6mm_closed_R10_single_refY_005,5,True,6.056740724879951,0.006573668578512937,0.432172550067639,0.07135397893001354,0,B2
B2,GP_Ip_6.2mm_closed_R10_single_refY,GP_Ip_6.2mm_closed_R10_single_refY_005,1,False,,0.0,0.0,0.0,0,B2
B2,GP_Ip_6.2mm_closed_R5_single_refY,GP_Ip_6.2mm_closed_R5_single_refY_004,5,True,6.506913857130096,0.2925411003695899,0.7137934164269941,0.10969768958057421,0,B2
B2,GP_Ip_6.2mm_closed_R5_single_refY,GP_Ip_6.2mm_closed_R5_single_refY_005,5,True,6.699622369814665,0.14234135152974137,0.6142903347617281,0.09169029250505675,0,B2
B2,GP_Ip_8.8mm_closed_R5_single_refY,GP_Ip_8.8mm_closed_R5_single_refY_004,3,False,,0.09781621409947228,0.26706771522638384,0.028365633761255466,0,B2
B2,GP_Ip_8.8mm_closed_R5_single_refY,GP_Ip_8.8mm_closed_R5_single_refY_005,5,True,8.710464361199508,0.3319378744197792,1.1817819544383052,0.1356738177705561,0,B2
B2,GP_Ip_9.7mm_closed_R5_single_refY,GP_Ip_9.7mm_closed_R5_single_refY_004,4,True,12.769176296090716,0.8018646005602399,1.9774091160330105,0.15485800103162445,0,B2
B2,GP_Ip_9.7mm_closed_R5_single_refY,GP_Ip_9.7mm_closed_R5_single_refY_005,5,True,9.714014420597643,0.13844970671032186,0.8833187119796548,0.09093240690549745,0,B2
B2,GP_Is_10.5mm_closed_R5_single_refY,GP_Is_10.5mm_closed_R5_single_refY_004,5,True,11.358715670576737,0.11302687682328205,0.3702375856134168,0.03259502186259215,0,B2
B2,GP_Is_10.5mm_closed_R5_single_refY,GP_Is_10.5mm_closed_R5_single_refY_005,5,True,10.82231040888497,0.20293010406716405,1.1000964241860753,0.10165079198642381,0,B2
B2,GP_Is_14.0mm_closed_R10_single_refY,GP_Is_14.0mm_closed_R10_single_refY_004,5,True,11.64679694161211,0.08565103953789333,0.3270286912547178,0.02807885231400382,0,B2
B2,GP_Is_14.0mm_closed_R10_single_refY,GP_Is_14.0mm_closed_R10_single_refY_005,5,True,12.441976640241705,0.4845840569775284,1.7304063559608078,0.1390780907242719,0,B2
B2,GP_Is_14.0mm_closed_R5_single_refY,GP_Is_14.0mm_closed_R5_single_refY_004,5,True,13.63433596764767,0.1340426392053473,0.7061467408659254,0.05179179554776343,0,B2
B2,GP_Is_14.0mm_closed_R5_single_refY,GP_Is_14.0mm_closed_R5_single_refY_005,4,True,13.929232169649136,0.7768183997809706,3.2242235512556405,0.23147173598563514,0,B2
B2,GP_Is_18.0mm_closed_R10_single_refY,GP_Is_18.0mm_closed_R10_single_refY_004,5,True,16.93058813917277,0.05374747417814518,0.1921979211181153,0.011352111311090348,0,B2
B2,GP_Is_18.0mm_closed_R10_single_refY,GP_Is_18.0mm_closed_R10_single_refY_005,5,True,15.889022323439669,0.44512312158807177,1.293540420238326,0.08141095115273898,0,B2
B2,GP_Is_18.0mm_closed_R5_single_refY,GP_Is_18.0mm_closed_R5_single_refY_004,5,True,18.45847438502523,0.4316738942987044,1.196894878588168,0.06484256789711562,0,B2
B2,GP_Is_18.0mm_closed_R5_single_refY,GP_Is_18.0mm_closed_R5_single_refY_005,0,False,,,,,0,B2
B2,GP_Is_4.8mm_closed_R10_single_refY,GP_Is_4.8mm_closed_R10_single_refY_004,0,False,,,,,0,B2
B2,GP_Is_4.8mm_closed_R10_single_refY,GP_Is_4.8mm_closed_R10_single_refY_005,1,False,,0.0,0.0,0.0,0,B2
B2,GP_Is_6.5mm_closed_R10_single_refY,GP_Is_6.5mm_closed_R10_single_refY_004,5,True,5.49146394609801,0.1650539063735259,0.5536590727395634,0.10082176231585184,0,B2
B2,GP_Is_6.5mm_closed_R10_single_refY,GP_Is_6.5mm_closed_R10_single_refY_005,5,True,5.958202060601074,0.14913826522689533,0.6843346048531398,0.11485589073561947,0,B2
B2,GP_Is_7.0mm_closed_R5_single_refY,GP_Is_7.0mm_closed_R5_single_refY_004,5,True,8.54690103349767,0.5145406423558061,1.1790580012839484,0.13795152145355302,0,B2
B2,GP_Is_7.0mm_closed_R5_single_refY,GP_Is_7.0mm_closed_R5_single_refY_005,5,True,7.314061379376771,0.19188005455163726,0.5138109965247164,0.07024975179638131,0,B2
B2,GP_Is_7mm_closed_R10_single_refY,GP_Is_7mm_closed_R10_single_refY_004,5,True,7.467690592428996,0.037341943845486725,0.4763789244920984,0.0637920008329038,0,B2
B2,GP_Is_7mm_closed_R10_single_refY,GP_Is_7mm_closed_R10_single_refY_005,4,True,7.099306637144549,0.013914181380058732,0.10030866300639651,0.014129360532417038,0,B2
B2,GP_Is_8.8mm_closed_R10_single_refY,GP_Is_8.8mm_closed_R10_single_refY_005,1,False,,0.0,0.0,0.0,0,B2
B2,GP_Is_8.8mm_closed_R5_single_refY,GP_Is_8.8mm_closed_R5_single_refY_004,5,True,9.745461378750088,0.27121097657258275,0.7021883209956492,0.07205285555045819,0,B2
B2,GP_Is_8.8mm_closed_R5_single_refY,GP_Is_8.8mm_closed_R5_single_refY_005,5,True,8.248217268205774,0.062180772828947184,0.6462306618934015,0.0783479194206502,0,B2
B3,GP_IIa_14.0mm_closed_R10_single_refY,GP_IIa_14.0mm_closed_R10_single_refY_004,5,True,13.180296250586789,0.5368911013943478,1.9983871422718842,0.1516192886926131,0,B3
B3,GP_IIa_14.0mm_closed_R10_single_refY,GP_IIa_14.0mm_closed_R10_single_refY_005,5,True,12.275826256290323,0.10173059749793545,0.7610676999973833,0.061997268787296535,0,B3
B3,GP_IIa_14.0mm_closed_R5_single_refY,GP_IIa_14.0mm_closed_R5_single_refY_004,5,True,15.748750805708355,0.9903070537741954,4.114558284508989,0.261262517597117,0,B3
B3,GP_IIa_14.0mm_closed_R5_single_refY,GP_IIa_14.0mm_closed_R5_single_refY_005,5,True,14.390464386234616,0.08431979980712434,0.39045903069419907,0.027133177930498038,0,B3
B3,GP_IIa_22.0mm_closed_R10_single_refY,GP_IIa_22.0mm_closed_R10_single_refY_005,5,True,22.45326994980563,0.23761359455293984,0.7493902189379398,0.033375549334827594,0,B3
B3,GP_IIa_22.0mm_closed_R10_single_refY,GP_IIa_22.0mm_closed_R10_single_refY_006,5,True,20.97600692121066,0.10949584917721111,0.5445499814281405,0.025960612211540546,0,B3
B3,GP_IIa_22.0mm_closed_R5_single_refY,GP_IIa_22.0mm_closed_R5_single_refY_004,5,True,22.301212212851354,0.28416303607914273,1.4645345420187468,0.06567062489880215,0,B3
B3,GP_IIa_22.0mm_closed_R5_single_refY,GP_IIa_22.0mm_closed_R5_single_refY_005,3,False,,0.05858042663296459,0.32446948973124634,0.015943326723048833,0,B3
B3,GP_IIa_4.5mm_closed_R10_single_refY,GP_IIa_4.5mm_closed_R10_single_refY_004,0,False,,,,,0,B3
B3,GP_IIa_4.5mm_closed_R10_single_refY,GP_IIa_4.5mm_closed_R10_single_refY_005,0,False,,,,,0,B3
B3,GP_IIa_5.2mm_closed_R10_single_refY,GP_IIa_5.2mm_closed_R10_single_refY_001,0,False,,,,,0,B3
B3,GP_IIa_5.2mm_closed_R10_single_refY,GP_IIa_5.2mm_closed_R10_single_refY_004,0,False,,,,,0,B3
B3,GP_IIa_9.5mm_closed_R5_single_refY,GP_IIa_9.5mm_closed_R5_single_refY_004,5,True,9.287899207532794,0.2027862200251178,0.7781403146656309,0.08378001281867199,0,B3
B3,GP_IIa_9.5mm_closed_R5_single_refY,GP_IIa_9.5mm_closed_R5_single_refY_005,5,True,7.547897407019094,0.21568945007478657,0.5169912511563926,0.06849473744510909,0,B3
B3,GP_Ip_10.3mm_closed_R5_single_refY,GP_Ip_10.3mm_closed_R5_single_refY_005,5,True,10.172037513707368,0.5717485079114635,3.040983327483513,0.29895518212409505,0,B3
B3,GP_Ip_12.0mm_closed_R10_single_refY,GP_Ip_12.0mm_closed_R10_single_refY_004,4,True,11.617459144044117,0.038776376206305585,0.31609449751861973,0.027208574060763605,0,B3
B3,GP_Ip_12.0mm_closed_R10_single_refY,GP_Ip_12.0mm_closed_R10_single_refY_005,5,True,12.027546769441726,0.30273895135237083,1.7224269908520053,0.14320684208255663,0,B3
B3,GP_Ip_12.0mm_closed_R5_single_refY,GP_Ip_12.0mm_closed_R5_single_refY_004,5,True,12.116434533804078,0.10653853394153145,0.37004438701548814,0.030540699574869812,0,B3
B3,GP_Ip_12.0mm_closed_R5_single_refY,GP_Ip_12.0mm_closed_R5_single_refY_005,5,True,10.479877723469075,0.06549162680496856,0.22961318629632288,0.021909910817195656,0,B3
B3,GP_Ip_2.9mm_closed_R10_single_refY,GP_Ip_2.9mm_closed_R10_single_refY_004,0,False,,,,,0,B3
B3,GP_Ip_2.9mm_closed_R10_single_refY,GP_Ip_2.9mm_closed_R10_single_refY_005,0,False,,,,,0,B3
B3,GP_Ip_2.9mm_closed_R5_single_refY,GP_Ip_2.9mm_closed_R5_single_refY_004,3,False,,0.16063277802653264,0.3998792659931243,0.1115211410316581,0,B3
B3,GP_Ip_2.9mm_closed_R5_single_refY,GP_Ip_2.9mm_closed_R5_single_refY_005,3,False,,0.05409506551766219,0.20796926100233426,0.0593944513168716,0,B3
B3,GP_Ip_20.0mm_closed_R10_single_refY,GP_Ip_20.0mm_closed_R10_single_refY_004,5,True,19.236875032228244,0.06936038615502227,0.7573187021116148,0.03936807308062515,0,B3
B3,GP_Ip_20.0mm_closed_R10_single_refY,GP_Ip_20.0mm_closed_R10_single_refY_005,5,True,17.525004055828383,0.32500364205221643,0.9115363462243629,0.05201347419495794,0,B3
B3,GP_Ip_4.0mm_closed_R10_single_refY,GP_Ip_4.0mm_closed_R10_single_refY_004,0,False,,,,,0,B3
B3,GP_Ip_4.0mm_closed_R10_single_refY,GP_Ip_4.0mm_closed_R10_single_refY_005,0,False,,,,,0,B3
B3,GP_Ip_4.0mm_closed_R5_single_refY,GP_Ip_4.0mm_closed_R5_single_refY_005,1,False,,0.0,0.0,0.0,0,B3
B3,GP_Ip_4.0mm_closed_R5_single_refY,GP_Ip_4.0mm_closed_R5_single_refY_006,2,False,,0.023727463695376816,0.04745492739075363,0.009793391389027016,0,B3
B3,GP_Ip_4.0mm_closed_R5_single_refY,GP_Ip_4.0mm_closed_R5_single_refY_007,4,True,4.8124813637132,0.04900977548168006,0.28602016419744647,0.05943299154446177,0,B3
B3,GP_Ip_4.7mm_closed_R5_single_refY,GP_Ip_4.7mm_closed_R5_single_refY_004,3,False,,0.8825218507343067,5.527638952416076,0.18610810180787293,0,B3
B3,GP_Ip_4.7mm_closed_R5_single_refY,GP_Ip_4.7mm_closed_R5_single_refY_005,0,False,,,,,0,B3
B3,GP_Ip_5.6mm_closed_R10_single_refY,GP_Ip_5.6mm_closed_R10_single_refY_005,5,True,6.056740724879951,0.006573668578512937,0.432172550067639,0.07135397893001354,0,B3
B3,GP_Ip_6.2mm_closed_R10_single_refY,GP_Ip_6.2mm_closed_R10_single_refY_005,1,False,,0.0,0.0,0.0,0,B3
B3,GP_Ip_6.2mm_closed_R5_single_refY,GP_Ip_6.2mm_closed_R5_single_refY_004,5,True,6.506913857130096,0.2925411003695899,0.7137934164269941,0.10969768958057421,0,B3
B3,GP_Ip_6.2mm_closed_R5_single_refY,GP_Ip_6.2mm_closed_R5_single_refY_005,5,True,6.699622369814665,0.14234135152974137,0.6142903347617281,0.09169029250505675,0,B3
B3,GP_Ip_8.8mm_closed_R5_single_refY,GP_Ip_8.8mm_closed_R5_single_refY_004,3,False,,0.09781621409947228,0.26706771522638384,0.028365633761255466,0,B3
B3,GP_Ip_8.8mm_closed_R5_single_refY,GP_Ip_8.8mm_closed_R5_single_refY_005,5,True,8.710464361199508,0.3319378744197792,1.1742437778660015,0.13480840161594987,0,B3
B3,GP_Ip_9.7mm_closed_R5_single_refY,GP_Ip_9.7mm_closed_R5_single_refY_004,4,True,12.769176296090716,0.8018646005602399,1.9774091160330105,0.15485800103162445,0,B3
B3,GP_Ip_9.7mm_closed_R5_single_refY,GP_Ip_9.7mm_closed_R5_single_refY_005,5,True,9.714014420597643,0.13844970671032186,0.8833187119796548,0.09093240690549745,0,B3
B3,GP_Is_10.5mm_closed_R5_single_refY,GP_Is_10.5mm_closed_R5_single_refY_004,5,True,11.358715670576737,0.11302687682328205,0.3702375856134168,0.03259502186259215,0,B3
B3,GP_Is_10.5mm_closed_R5_single_refY,GP_Is_10.5mm_closed_R5_single_refY_005,5,True,10.82231040888497,0.20293010406716405,1.1000964241860753,0.10165079198642381,0,B3
B3,GP_Is_14.0mm_closed_R10_single_refY,GP_Is_14.0mm_closed_R10_single_refY_004,5,True,11.64679694161211,0.08565103953789333,0.3270286912547178,0.02807885231400382,0,B3
B3,GP_Is_14.0mm_closed_R10_single_refY,GP_Is_14.0mm_closed_R10_single_refY_005,5,True,12.441976640241705,0.4845840569775284,1.7304063559608078,0.1390780907242719,0,B3
B3,GP_Is_14.0mm_closed_R5_single_refY,GP_Is_14.0mm_closed_R5_single_refY_004,5,True,13.63433596764767,0.1340426392053473,0.7061467408659254,0.05179179554776343,0,B3
B3,GP_Is_14.0mm_closed_R5_single_refY,GP_Is_14.0mm_closed_R5_single_refY_005,4,True,13.929232169649136,0.7768183997809706,3.2242235512556405,0.23147173598563514,0,B3
B3,GP_Is_18.0mm_closed_R10_single_refY,GP_Is_18.0mm_closed_R10_single_refY_004,5,True,16.93058813917277,0.05374747417814518,0.1921979211181153,0.011352111311090348,0,B3
B3,GP_Is_18.0mm_closed_R10_single_refY,GP_Is_18.0mm_closed_R10_single_refY_005,5,True,15.889022323439669,0.44512312158807177,1.293540420238326,0.08141095115273898,0,B3
B3,GP_Is_18.0mm_closed_R5_single_refY,GP_Is_18.0mm_closed_R5_single_refY_004,5,True,18.45847438502523,0.4316738942987044,1.196894878588168,0.06484256789711562,0,B3
B3,GP_Is_18.0mm_closed_R5_single_refY,GP_Is_18.0mm_closed_R5_single_refY_005,0,False,,,,,0,B3
B3,GP_Is_4.8mm_closed_R10_single_refY,GP_Is_4.8mm_closed_R10_single_refY_004,0,False,,,,,0,B3
B3,GP_Is_4.8mm_closed_R10_single_refY,GP_Is_4.8mm_closed_R10_single_refY_005,1,False,,0.0,0.0,0.0,0,B3
B3,GP_Is_6.5mm_closed_R10_single_refY,GP_Is_6.5mm_closed_R10_single_refY_004,5,True,5.49146394609801,0.1650539063735259,0.5536590727395634,0.10082176231585184,0,B3
B3,GP_Is_6.5mm_closed_R10_single_refY,GP_Is_6.5mm_closed_R10_single_refY_005,5,True,5.958202060601074,0.14765627562504413,0.6828526152512886,0.11460715972804741,0,B3
B3,GP_Is_7.0mm_closed_R5_single_refY,GP_Is_7.0mm_closed_R5_single_refY_004,5,True,8.54690103349767,0.5145406423558061,1.1887078945002472,0.1390805731622926,0,B3
B3,GP_Is_7.0mm_closed_R5_single_refY,GP_Is_7.0mm_closed_R5_single_refY_005,5,True,7.314061379376771,0.19188005455163726,0.5138109965247164,0.07024975179638131,0,B3
B3,GP_Is_7mm_closed_R10_single_refY,GP_Is_7mm_closed_R10_single_refY_004,5,True,7.467690592428996,0.037341943845486725,0.4763789244920984,0.0637920008329038,0,B3
B3,GP_Is_7mm_closed_R10_single_refY,GP_Is_7mm_closed_R10_single_refY_005,4,True,7.099306637144549,0.013914181380058732,0.10030866300639651,0.014129360532417038,0,B3
B3,GP_Is_8.8mm_closed_R10_single_refY,GP_Is_8.8mm_closed_R10_single_refY_005,1,False,,0.0,0.0,0.0,0,B3
B3,GP_Is_8.8mm_closed_R5_single_refY,GP_Is_8.8mm_closed_R5_single_refY_004,5,True,9.745461378750088,0.27121097657258275,0.7021883209956492,0.07205285555045819,0,B3
B3,GP_Is_8.8mm_closed_R5_single_refY,GP_Is_8.8mm_closed_R5_single_refY_005,5,True,8.248217268205774,0.062180772828947184,0.6462306618934015,0.0783479194206502,0,B3
