geometry,group,capture,valid_bins,eligible,capture_prediction_mm,capture_MAD_mm,capture_range_mm,capture_range_over_median,small_fit_failures,method,reference_mm,capture_abs_error_pct
B0,GP_IIa_14.0mm_closed_R10_single_refY,GP_IIa_14.0mm_closed_R10_single_refY_004,5,True,13.031505124319464,0.4826923666227802,2.1133945805613994,0.1621757855596719,0,B0,14.0000009,6.917826524429264
B0,GP_IIa_14.0mm_closed_R10_single_refY,GP_IIa_14.0mm_closed_R10_single_refY_005,5,True,12.252370965639487,0.0632067317614506,0.7079450719732172,0.0577802511822876,0,B0,14.0000009,12.483070157234863
B0,GP_IIa_14.0mm_closed_R5_single_refY,GP_IIa_14.0mm_closed_R5_single_refY_004,5,True,15.760268712975748,0.964518184672233,4.214009647419768,0.267381840003165,0,B0,14.0000009,12.573340712969154
B0,GP_IIa_14.0mm_closed_R5_single_refY,GP_IIa_14.0mm_closed_R5_single_refY_005,4,True,14.342606566137777,0.1118168570054622,0.4680769012987369,0.0326354138726669,0,B0,14.0000009,2.44718317223663
B0,GP_IIa_22.0mm_closed_R10_single_refY,GP_IIa_22.0mm_closed_R10_single_refY_005,5,True,22.46999347790628,0.2482002224286219,0.7447692841822331,0.0331450600960134,0,B0,22.0000017,2.1363260981306205
B0,GP_IIa_22.0mm_closed_R10_single_refY,GP_IIa_22.0mm_closed_R10_single_refY_006,5,True,20.961646643923565,0.1271184487031647,0.5471523476369384,0.0261025460896006,0,B0,22.0000017,4.719795344726876
B0,GP_IIa_22.0mm_closed_R5_single_refY,GP_IIa_22.0mm_closed_R5_single_refY_004,4,True,22.386924104383603,0.110199057138784,1.4526151190926342,0.0648867665928342,0,B0,22.0000017,1.7587380658411684
B0,GP_IIa_22.0mm_closed_R5_single_refY,GP_IIa_22.0mm_closed_R5_single_refY_005,2,False,,0.1588908742950661,0.3177817485901322,0.0155302006666119,0,B0,22.0000017,
B0,GP_IIa_4.5mm_closed_R10_single_refY,GP_IIa_4.5mm_closed_R10_single_refY_004,0,False,,,,,0,B0,4.5000005,
B0,GP_IIa_4.5mm_closed_R10_single_refY,GP_IIa_4.5mm_closed_R10_single_refY_005,0,False,,,,,0,B0,4.5000005,
B0,GP_IIa_5.2mm_closed_R10_single_refY,GP_IIa_5.2mm_closed_R10_single_refY_001,0,False,,,,,0,B0,5.20000071,
B0,GP_IIa_5.2mm_closed_R10_single_refY,GP_IIa_5.2mm_closed_R10_single_refY_004,0,False,,,,,0,B0,5.20000071,
B0,GP_IIa_9.5mm_closed_R5_single_refY,GP_IIa_9.5mm_closed_R5_single_refY_004,5,True,9.312161159530564,0.2460840173480587,0.7982362637351361,0.0857197647313243,0,B0,9.50000156,1.9772670486744106
B0,GP_IIa_9.5mm_closed_R5_single_refY,GP_IIa_9.5mm_closed_R5_single_refY_005,5,True,7.567806399958471,0.2303022985399794,0.5895332669393722,0.0779001517457697,0,B0,9.50000156,20.33889308162944
B0,GP_Ip_10.3mm_closed_R5_single_refY,GP_Ip_10.3mm_closed_R5_single_refY_005,5,True,10.173558689432678,0.5603796334919693,2.9667612172132145,0.2916148918760161,0,B0,10.29999461,1.2275338517611385
B0,GP_Ip_12.0mm_closed_R10_single_refY,GP_Ip_12.0mm_closed_R10_single_refY_004,4,True,11.625284711088318,0.032660532064229,0.2721616319327626,0.0234111799148602,0,B0,11.999998242,3.12261321506019
B0,GP_Ip_12.0mm_closed_R10_single_refY,GP_Ip_12.0mm_closed_R10_single_refY_005,5,True,12.004148253784576,0.3126506851904853,1.8350264559334857,0.1528660274047309,0,B0,11.999998242,0.03458343660460746
B0,GP_Ip_12.0mm_closed_R5_single_refY,GP_Ip_12.0mm_closed_R5_single_refY_004,5,True,12.118287766143377,0.1090558855428405,0.3724735023436416,0.0307364794046461,0,B0,11.999998242,0.9857461789399533
B0,GP_Ip_12.0mm_closed_R5_single_refY,GP_Ip_12.0mm_closed_R5_single_refY_005,5,True,10.472465895459653,0.0506089518675043,0.232598126233313,0.0222104448517856,0,B0,11.999998242,12.729438086032241
B0,GP_Ip_2.9mm_closed_R10_single_refY,GP_Ip_2.9mm_closed_R10_single_refY_004,0,False,,,,,0,B0,2.9,
B0,GP_Ip_2.9mm_closed_R10_single_refY,GP_Ip_2.9mm_closed_R10_single_refY_005,0,False,,,,,0,B0,2.9,
B0,GP_Ip_2.9mm_closed_R5_single_refY,GP_Ip_2.9mm_closed_R5_single_refY_004,4,True,3.679768052217916,0.1583184211364527,0.5792910441222374,0.1574259670451456,0,B0,2.9,26.88855352475573
B0,GP_Ip_2.9mm_closed_R5_single_refY,GP_Ip_2.9mm_closed_R5_single_refY_005,3,False,,0.0593673510170762,0.1930339462899191,0.054977398202376,0,B0,2.9,
B0,GP_Ip_20.0mm_closed_R10_single_refY,GP_Ip_20.0mm_closed_R10_single_refY_004,5,True,19.23052199714054,0.0704979375991641,0.4753837732872341,0.0247202740184546,0,B0,19.999996755,3.8473744135338133
B0,GP_Ip_20.0mm_closed_R10_single_refY,GP_Ip_20.0mm_closed_R10_single_refY_005,5,True,17.53255239693976,0.3310189053369079,0.9161127822092574,0.0522521057669367,0,B0,19.999996755,12.337223792015767
B0,GP_Ip_4.0mm_closed_R10_single_refY,GP_Ip_4.0mm_closed_R10_single_refY_004,0,False,,,,,0,B0,3.999999725,
B0,GP_Ip_4.0mm_closed_R10_single_refY,GP_Ip_4.0mm_closed_R10_single_refY_005,0,False,,,,,0,B0,3.999999725,
B0,GP_Ip_4.0mm_closed_R5_single_refY,GP_Ip_4.0mm_closed_R5_single_refY_005,1,False,,0.0,0.0,0.0,0,B0,3.999999725,
B0,GP_Ip_4.0mm_closed_R5_single_refY,GP_Ip_4.0mm_closed_R5_single_refY_006,2,False,,0.0166238172592807,0.0332476345185615,0.0068674833157121,0,B0,3.999999725,
B0,GP_Ip_4.0mm_closed_R5_single_refY,GP_Ip_4.0mm_closed_R5_single_refY_007,4,True,4.803742469472379,0.0344958368422729,0.282045055581678,0.0587136086861576,0,B0,3.999999725,20.093569993242415
B0,GP_Ip_4.7mm_closed_R5_single_refY,GP_Ip_4.7mm_closed_R5_single_refY_004,3,False,,0.4464367058267342,5.491779242614662,0.1809092299741383,0,B0,5.035549868,
B0,GP_Ip_4.7mm_closed_R5_single_refY,GP_Ip_4.7mm_closed_R5_single_refY_005,0,False,,,,,0,B0,5.035549868,
B0,GP_Ip_5.6mm_closed_R10_single_refY,GP_Ip_5.6mm_closed_R10_single_refY_005,5,True,6.051050757684977,0.0434047987023902,0.4905418159384416,0.0810672122218512,0,B0,5.716958782000001,5.843875886194491
B0,GP_Ip_6.2mm_closed_R10_single_refY,GP_Ip_6.2mm_closed_R10_single_refY_005,1,False,,0.0,0.0,0.0,0,B0,6.199999013999999,
B0,GP_Ip_6.2mm_closed_R5_single_refY,GP_Ip_6.2mm_closed_R5_single_refY_004,5,True,6.498003529691256,0.2888490885291226,0.6677968267617205,0.1027695389376696,0,B0,6.199999013999999,4.806525211025728
B0,GP_Ip_6.2mm_closed_R5_single_refY,GP_Ip_6.2mm_closed_R5_single_refY_005,5,True,6.733070598832669,0.1720131664535014,0.5814308413168998,0.0863544845969243,0,B0,6.199999013999999,8.597930154971955
B0,GP_Ip_8.8mm_closed_R5_single_refY,GP_Ip_8.8mm_closed_R5_single_refY_004,3,False,,0.1048490561062642,0.2747622739095607,0.0291833621573827,0,B0,8.799999952,
B0,GP_Ip_8.8mm_closed_R5_single_refY,GP_Ip_8.8mm_closed_R5_single_refY_005,5,True,8.712177966858627,0.3479250204929727,1.2689925635144963,0.1456573279772038,0,B0,8.799999952,0.9979771093227484
B0,GP_Ip_9.7mm_closed_R5_single_refY,GP_Ip_9.7mm_closed_R5_single_refY_004,4,True,12.818770028898284,0.7775337026672853,2.026369104660855,0.1580782789684707,0,B0,9.699995629,32.15232788944882
B0,GP_Ip_9.7mm_closed_R5_single_refY,GP_Ip_9.7mm_closed_R5_single_refY_005,5,True,9.691017298183755,0.0601315742978361,0.8777924245911333,0.090577944253143,0,B0,9.699995629,0.09256015321699843
B0,GP_Is_10.5mm_closed_R5_single_refY,GP_Is_10.5mm_closed_R5_single_refY_004,5,True,11.373434759670284,0.1303709652896891,0.3571507401175307,0.0314021883155273,0,B0,10.499999858,8.318427747451908
B0,GP_Is_10.5mm_closed_R5_single_refY,GP_Is_10.5mm_closed_R5_single_refY_005,5,True,10.797661625083208,0.1817392037162282,1.090517776749003,0.1009957354299477,0,B0,10.499999858,2.8348740105593184
B0,GP_Is_14.0mm_closed_R10_single_refY,GP_Is_14.0mm_closed_R10_single_refY_004,5,True,11.653511655466373,0.0870686658485322,0.3421493097782608,0.0293601894342094,0,B0,13.99999531,16.7606031471851
B0,GP_Is_14.0mm_closed_R10_single_refY,GP_Is_14.0mm_closed_R10_single_refY_005,5,True,12.443017967289624,0.4690618060103126,1.7245414719219667,0.1385951122513416,0,B0,13.99999531,11.121270459271143
B0,GP_Is_14.0mm_closed_R5_single_refY,GP_Is_14.0mm_closed_R5_single_refY_004,5,True,13.623468178645387,0.086821900013053,0.5952201467771125,0.0436907943683615,0,B0,13.99999531,2.689480410651737
B0,GP_Is_14.0mm_closed_R5_single_refY,GP_Is_14.0mm_closed_R5_single_refY_005,4,True,13.920235591512094,0.765258921645942,3.179278001090811,0.2283925426541908,0,B0,13.99999531,0.5697124657672822
B0,GP_Is_18.0mm_closed_R10_single_refY,GP_Is_18.0mm_closed_R10_single_refY_004,5,True,16.952410421644604,0.0719574222049459,0.1902420411316931,0.0112221233677067,0,B0,18.000001088,5.819947794635361
B0,GP_Is_18.0mm_closed_R10_single_refY,GP_Is_18.0mm_closed_R10_single_refY_005,5,True,15.89936316496875,0.4695499621784158,1.3262786730337233,0.0834170940856252,0,B0,18.000001088,11.670209978107588
B0,GP_Is_18.0mm_closed_R5_single_refY,GP_Is_18.0mm_closed_R5_single_refY_004,5,True,18.43682677835669,0.4543067679855141,1.144388693472454,0.0620708057427686,0,B0,18.000001088,2.4268092441833526
B0,GP_Is_18.0mm_closed_R5_single_refY,GP_Is_18.0mm_closed_R5_single_refY_005,0,False,,,,,0,B0,18.000001088,
B0,GP_Is_4.8mm_closed_R10_single_refY,GP_Is_4.8mm_closed_R10_single_refY_004,0,False,,,,,0,B0,4.799998598,
B0,GP_Is_4.8mm_closed_R10_single_refY,GP_Is_4.8mm_closed_R10_single_refY_005,1,False,,0.0,0.0,0.0,0,B0,4.799998598,
B0,GP_Is_6.5mm_closed_R10_single_refY,GP_Is_6.5mm_closed_R10_single_refY_004,5,True,5.477010391250971,0.1806577669067115,0.5516325407557412,0.1007178189102807,0,B0,6.5,15.738301673061983
B0,GP_Is_6.5mm_closed_R10_single_refY,GP_Is_6.5mm_closed_R10_single_refY_005,5,True,5.965916630955167,0.1936392901529267,0.7158413508485229,0.1199884938274629,0,B0,6.5,8.21666721607435
B0,GP_Is_7.0mm_closed_R5_single_refY,GP_Is_7.0mm_closed_R5_single_refY_004,5,True,8.562943033162355,0.5133868492563689,1.233960590780736,0.1441047296474919,0,B0,6.9999976550000005,22.327798596417598
B0,GP_Is_7.0mm_closed_R5_single_refY,GP_Is_7.0mm_closed_R5_single_refY_005,5,True,7.241995837138423,0.1649189606225274,0.5020583540523251,0.0693259655684511,0,B0,6.9999976550000005,3.457118045826292
B0,GP_Is_7mm_closed_R10_single_refY,GP_Is_7mm_closed_R10_single_refY_004,4,True,7.467297650092568,0.0857252182471222,0.4565378154319539,0.0611382908281812,0,B0,6.9999976550000005,6.675716451973113
B0,GP_Is_7mm_closed_R10_single_refY,GP_Is_7mm_closed_R10_single_refY_005,3,False,,0.0110768667372465,0.047254587090503,0.006664499108438,0,B0,6.9999976550000005,
B0,GP_Is_8.8mm_closed_R10_single_refY,GP_Is_8.8mm_closed_R10_single_refY_005,1,False,,0.0,0.0,0.0,0,B0,8.799997158,
B0,GP_Is_8.8mm_closed_R5_single_refY,GP_Is_8.8mm_closed_R5_single_refY_004,5,True,9.753245781025406,0.2478079571232907,0.6887371592687614,0.0706162004661745,0,B0,8.799997158,10.832374214562284
B0,GP_Is_8.8mm_closed_R5_single_refY,GP_Is_8.8mm_closed_R5_single_refY_005,5,True,8.199280014569032,0.0080892069535227,0.6235521266573159,0.0760496196677447,0,B0,8.799997158,6.826333379947302
B1,GP_IIa_14.0mm_closed_R10_single_refY,GP_IIa_14.0mm_closed_R10_single_refY_004,5,True,13.078551141093982,0.4083170600826307,1.891960672706393,0.1446613353647165,0,B1,14.0000009,6.581783569071185
B1,GP_IIa_14.0mm_closed_R10_single_refY,GP_IIa_14.0mm_closed_R10_single_refY_005,5,True,12.252370965639487,0.0748207626815506,0.7660068387601537,0.0625190700565907,0,B1,14.0000009,12.483070157234863
B1,GP_IIa_14.0mm_closed_R5_single_refY,GP_IIa_14.0mm_closed_R5_single_refY_004,5,True,15.756185617883048,0.971153681048584,4.214555476352054,0.2674857721635744,0,B1,14.0000009,12.544175749896189
B1,GP_IIa_14.0mm_closed_R5_single_refY,GP_IIa_14.0mm_closed_R5_single_refY_005,5,True,14.392673167607745,0.0980888189802815,0.5419972140682692,0.0376578560324771,0,B1,14.0000009,2.80480173117521
B1,GP_IIa_22.0mm_closed_R10_single_refY,GP_IIa_22.0mm_closed_R10_single_refY_005,5,True,22.46999347790628,0.2511806440736137,0.7471812111197131,0.0332523999997766,0,B1,22.0000017,2.1363260981306205
B1,GP_IIa_22.0mm_closed_R10_single_refY,GP_IIa_22.0mm_closed_R10_single_refY_006,5,True,20.961646643923565,0.1254759663828046,0.5472058214167568,0.0261050971191417,0,B1,22.0000017,4.719795344726876
B1,GP_IIa_22.0mm_closed_R5_single_refY,GP_IIa_22.0mm_closed_R5_single_refY_004,5,True,22.347871527278848,0.2206549589719415,1.4534044694221713,0.0650354763158575,0,B1,22.0000017,1.581226365445459
B1,GP_IIa_22.0mm_closed_R5_single_refY,GP_IIa_22.0mm_closed_R5_single_refY_005,4,True,20.338268948803663,0.0308085138274361,0.3296681574257256,0.0162092535139337,0,B1,22.0000017,7.553330103589657
B1,GP_IIa_4.5mm_closed_R10_single_refY,GP_IIa_4.5mm_closed_R10_single_refY_004,0,False,,,,,0,B1,4.5000005,
B1,GP_IIa_4.5mm_closed_R10_single_refY,GP_IIa_4.5mm_closed_R10_single_refY_005,0,False,,,,,0,B1,4.5000005,
B1,GP_IIa_5.2mm_closed_R10_single_refY,GP_IIa_5.2mm_closed_R10_single_refY_001,0,False,,,,,0,B1,5.20000071,
B1,GP_IIa_5.2mm_closed_R10_single_refY,GP_IIa_5.2mm_closed_R10_single_refY_004,0,False,,,,,0,B1,5.20000071,
B1,GP_IIa_9.5mm_closed_R5_single_refY,GP_IIa_9.5mm_closed_R5_single_refY_004,5,True,9.291595065867588,0.1774196066906093,0.794775458177698,0.0855370313217031,0,B1,9.50000156,2.1937522095776534
B1,GP_IIa_9.5mm_closed_R5_single_refY,GP_IIa_9.5mm_closed_R5_single_refY_005,5,True,7.567806399958471,0.2334788496742277,0.5813210024282265,0.0768149938972297,0,B1,9.50000156,20.33889308162944
B1,GP_Ip_10.3mm_closed_R5_single_refY,GP_Ip_10.3mm_closed_R5_single_refY_005,5,True,10.17348941530451,0.5656258513819381,2.989369053337484,0.2938391078326007,0,B1,10.29999461,1.2282064164642297
B1,GP_Ip_12.0mm_closed_R10_single_refY,GP_Ip_12.0mm_closed_R10_single_refY_004,4,True,11.617301441920947,0.0365358184498116,0.3257142676093156,0.0280369988880531,0,B1,11.999998242,3.189140467867853
B1,GP_Ip_12.0mm_closed_R10_single_refY,GP_Ip_12.0mm_closed_R10_single_refY_005,5,True,12.004148253784576,0.3252694614617333,1.7838279677941866,0.1486009611079065,0,B1,11.999998242,0.03458343660460746
B1,GP_Ip_12.0mm_closed_R5_single_refY,GP_Ip_12.0mm_closed_R5_single_refY_004,5,True,12.116242755259142,0.1051045153034859,0.3749854018238743,0.0309489838886819,0,B1,11.999998242,0.9687044190747129
B1,GP_Ip_12.0mm_closed_R5_single_refY,GP_Ip_12.0mm_closed_R5_single_refY_005,5,True,10.474083595715326,0.0604839425144767,0.2827281296716606,0.0269931137257026,0,B1,11.999998242,12.715957248593353
B1,GP_Ip_2.9mm_closed_R10_single_refY,GP_Ip_2.9mm_closed_R10_single_refY_004,0,False,,,,,0,B1,2.9,
B1,GP_Ip_2.9mm_closed_R10_single_refY,GP_Ip_2.9mm_closed_R10_single_refY_005,0,False,,,,,0,B1,2.9,
B1,GP_Ip_2.9mm_closed_R5_single_refY,GP_Ip_2.9mm_closed_R5_single_refY_004,4,True,3.679768052217916,0.1583184211364523,0.5767278087422167,0.1567293917872362,0,B1,2.9,26.88855352475573
B1,GP_Ip_2.9mm_closed_R5_single_refY,GP_Ip_2.9mm_closed_R5_single_refY_005,3,False,,0.061481812980173,0.1953300197168039,0.0556313357378091,0,B1,2.9,
B1,GP_Ip_20.0mm_closed_R10_single_refY,GP_Ip_20.0mm_closed_R10_single_refY_004,5,True,19.230627259842457,0.0703926748972456,0.548318888471286,0.0285127926958622,0,B1,19.999996755,3.8468480999388266
B1,GP_Ip_20.0mm_closed_R10_single_refY,GP_Ip_20.0mm_closed_R10_single_refY_005,5,True,17.522640631793326,0.3409306704833419,0.9134619486422224,0.0521303819348337,0,B1,19.999996755,12.386782625788857
B1,GP_Ip_4.0mm_closed_R10_single_refY,GP_Ip_4.0mm_closed_R10_single_refY_004,0,False,,,,,0,B1,3.999999725,
B1,GP_Ip_4.0mm_closed_R10_single_refY,GP_Ip_4.0mm_closed_R10_single_refY_005,0,False,,,,,0,B1,3.999999725,
B1,GP_Ip_4.0mm_closed_R5_single_refY,GP_Ip_4.0mm_closed_R5_single_refY_005,1,False,,0.0,0.0,0.0,0,B1,3.999999725,
B1,GP_Ip_4.0mm_closed_R5_single_refY,GP_Ip_4.0mm_closed_R5_single_refY_006,2,False,,0.0242104032673489,0.0484208065346978,0.0099857088523957,0,B1,3.999999725,
B1,GP_Ip_4.0mm_closed_R5_single_refY,GP_Ip_4.0mm_closed_R5_single_refY_007,4,True,4.807904629910551,0.035947557546673,0.2821332255894928,0.0586811193870835,0,B1,3.999999725,20.197624011350428
B1,GP_Ip_4.7mm_closed_R5_single_refY,GP_Ip_4.7mm_closed_R5_single_refY_004,3,False,,0.9988429405063926,5.4178030891962585,0.1838103157530878,0,B1,5.035549868,
B1,GP_Ip_4.7mm_closed_R5_single_refY,GP_Ip_4.7mm_closed_R5_single_refY_005,0,False,,,,,0,B1,5.035549868,
B1,GP_Ip_5.6mm_closed_R10_single_refY,GP_Ip_5.6mm_closed_R10_single_refY_005,5,True,6.049510778095869,0.0412199105809012,0.47559491813257,0.0786170874931918,0,B1,5.716958782000001,5.816938844179138
B1,GP_Ip_6.2mm_closed_R10_single_refY,GP_Ip_6.2mm_closed_R10_single_refY_005,1,False,,0.0,0.0,0.0,0,B1,6.199999013999999,
B1,GP_Ip_6.2mm_closed_R5_single_refY,GP_Ip_6.2mm_closed_R5_single_refY_004,5,True,6.498003529691256,0.3042597133701923,0.6693536272670704,0.1030091202949644,0,B1,6.199999013999999,4.806525211025728
B1,GP_Ip_6.2mm_closed_R5_single_refY,GP_Ip_6.2mm_closed_R5_single_refY_005,5,True,6.721386388229367,0.1641710283053301,0.5845038131858002,0.0869617932112035,0,B1,6.199999013999999,8.409475115270839
B1,GP_Ip_8.8mm_closed_R5_single_refY,GP_Ip_8.8mm_closed_R5_single_refY_004,3,False,,0.1022443443926963,0.2743720716797604,0.0291350646974101,0,B1,8.799999952,
B1,GP_Ip_8.8mm_closed_R5_single_refY,GP_Ip_8.8mm_closed_R5_single_refY_005,5,True,8.712177966858627,0.3391114392979766,1.191573507354324,0.1367710246378234,0,B1,8.799999952,0.9979771093227484
B1,GP_Ip_9.7mm_closed_R5_single_refY,GP_Ip_9.7mm_closed_R5_single_refY_004,4,True,12.8189743217156,0.7775337026672853,2.0260868783753843,0.1580537434218237,0,B1,9.699995629,32.154434001916606
B1,GP_Ip_9.7mm_closed_R5_single_refY,GP_Ip_9.7mm_closed_R5_single_refY_005,5,True,9.69101729818376,0.0673283020608419,0.8643053661066329,0.0891862370598199,0,B1,9.699995629,0.0925601532169435
B1,GP_Is_10.5mm_closed_R5_single_refY,GP_Is_10.5mm_closed_R5_single_refY_004,5,True,11.370853127743286,0.1213609895128566,0.3690197087806357,0.032453124197012,0,B1,10.499999858,8.293840776386093
B1,GP_Is_10.5mm_closed_R5_single_refY,GP_Is_10.5mm_closed_R5_single_refY_005,5,True,10.797661625083208,0.1771581858084285,1.1075842055581298,0.1025763025380594,0,B1,10.499999858,2.8348740105593184
B1,GP_Is_14.0mm_closed_R10_single_refY,GP_Is_14.0mm_closed_R10_single_refY_004,5,True,11.647289761284927,0.0939981094744428,0.3402864404607673,0.0292159332716066,0,B1,13.99999531,16.805045263369248
B1,GP_Is_14.0mm_closed_R10_single_refY,GP_Is_14.0mm_closed_R10_single_refY_005,5,True,12.442780742825962,0.4765602972455465,1.721853493705046,0.1383817274685806,0,B1,13.99999531,11.122964920293517
B1,GP_Is_14.0mm_closed_R5_single_refY,GP_Is_14.0mm_closed_R5_single_refY_004,5,True,13.63164428964477,0.0905853186228853,0.6290562022465416,0.046146758885456,0,B1,13.99999531,2.631079598234731
B1,GP_Is_14.0mm_closed_R5_single_refY,GP_Is_14.0mm_closed_R5_single_refY_005,5,True,13.980324504832929,1.5327099015054166,3.17926746855864,0.2274101339678906,0,B1,13.99999531,0.14050579826280263
B1,GP_Is_18.0mm_closed_R10_single_refY,GP_Is_18.0mm_closed_R10_single_refY_004,5,True,16.929689709490262,0.0492367100506001,0.1884575039671325,0.0111317754312702,0,B1,18.000001088,5.946173965640925
B1,GP_Is_18.0mm_closed_R10_single_refY,GP_Is_18.0mm_closed_R10_single_refY_005,5,True,15.89936316496875,0.4669325867087686,1.3259609311123253,0.0833971095165515,0,B1,18.000001088,11.670209978107588
B1,GP_Is_18.0mm_closed_R5_single_refY,GP_Is_18.0mm_closed_R5_single_refY_004,5,True,18.44758023177856,0.4389684192719301,1.1443886934724574,0.06203462346249,0,B1,18.000001088,2.4865506484715945
B1,GP_Is_18.0mm_closed_R5_single_refY,GP_Is_18.0mm_closed_R5_single_refY_005,0,False,,,,,0,B1,18.000001088,
B1,GP_Is_4.8mm_closed_R10_single_refY,GP_Is_4.8mm_closed_R10_single_refY_004,0,False,,,,,0,B1,4.799998598,
B1,GP_Is_4.8mm_closed_R10_single_refY,GP_Is_4.8mm_closed_R10_single_refY_005,1,False,,0.0,0.0,0.0,0,B1,4.799998598,
B1,GP_Is_6.5mm_closed_R10_single_refY,GP_Is_6.5mm_closed_R10_single_refY_004,5,True,5.482768691490868,0.1748734107776171,0.5522010962144295,0.100715738212964,0,B1,6.5,15.649712438602027
B1,GP_Is_6.5mm_closed_R10_single_refY,GP_Is_6.5mm_closed_R10_single_refY_005,5,True,5.965699783455748,0.1506894137946686,0.6893379443907994,0.1155502236807979,0,B1,6.5,8.220003331450028
B1,GP_Is_7.0mm_closed_R5_single_refY,GP_Is_7.0mm_closed_R5_single_refY_004,5,True,8.539913577627262,0.5079267160323901,1.2336189128035802,0.1444533251525397,0,B1,6.9999976550000005,21.99880626427526
B1,GP_Is_7.0mm_closed_R5_single_refY,GP_Is_7.0mm_closed_R5_single_refY_005,5,True,7.24390199023512,0.167206790045129,0.5024400303782297,0.0693604125311918,0,B1,6.9999976550000005,3.4843488134728426
B1,GP_Is_7mm_closed_R10_single_refY,GP_Is_7mm_closed_R10_single_refY_004,5,True,7.508913259651753,0.0872632307371548,0.4484317495236087,0.0597199267080634,0,B1,6.9999976550000005,7.270225359121961
B1,GP_Is_7mm_closed_R10_single_refY,GP_Is_7mm_closed_R10_single_refY_005,5,True,7.091661545413677,0.041440642576819,0.1258087594299359,0.0177403784182705,0,B1,6.9999976550000005,1.3094845874441456
B1,GP_Is_8.8mm_closed_R10_single_refY,GP_Is_8.8mm_closed_R10_single_refY_005,1,False,,0.0,0.0,0.0,0,B1,8.799997158,
B1,GP_Is_8.8mm_closed_R5_single_refY,GP_Is_8.8mm_closed_R5_single_refY_004,5,True,9.74620027268853,0.2562682646617684,0.6833699180338932,0.0701165478764969,0,B1,8.799997158,10.752311593968466
B1,GP_Is_8.8mm_closed_R5_single_refY,GP_Is_8.8mm_closed_R5_single_refY_005,5,True,8.20319389614804,0.0421478682617095,0.6734292415926255,0.0820935418713979,0,B1,8.799997158,6.781857438549415
B2,GP_IIa_14.0mm_closed_R10_single_refY,GP_IIa_14.0mm_closed_R10_single_refY_004,5,True,13.180296250586789,0.5368911013943478,1.998387142271884,0.1516192886926131,0,B2,14.0000009,5.855032833699396
B2,GP_IIa_14.0mm_closed_R10_single_refY,GP_IIa_14.0mm_closed_R10_single_refY_005,5,True,12.282011975170992,0.1079163163786045,0.7610676999973833,0.0619660444506925,0,B2,14.0000009,12.271348674191929
B2,GP_IIa_14.0mm_closed_R5_single_refY,GP_IIa_14.0mm_closed_R5_single_refY_004,5,True,15.748750805708356,0.9903070537741954,4.111401637419188,0.2610620796621503,0,B2,14.0000009,12.491069952062336
B2,GP_IIa_14.0mm_closed_R5_single_refY,GP_IIa_14.0mm_closed_R5_single_refY_005,5,True,14.390464386234616,0.0843197998071243,0.390459030694199,0.027133177930498,0,B2,14.0000009,2.78902472238138
B2,GP_IIa_22.0mm_closed_R10_single_refY,GP_IIa_22.0mm_closed_R10_single_refY_005,5,True,22.45326994980563,0.2376135945529398,0.7493902189379398,0.0333755493348275,0,B2,22.0000017,2.0603100671834573
B2,GP_IIa_22.0mm_closed_R10_single_refY,GP_IIa_22.0mm_closed_R10_single_refY_006,5,True,20.97600692121066,0.1094958491772111,0.5445499814281405,0.0259606122115405,0,B2,22.0000017,4.654521362102154
B2,GP_IIa_22.0mm_closed_R5_single_refY,GP_IIa_22.0mm_closed_R5_single_refY_004,5,True,22.301212212851357,0.2841630360791427,1.4645345420187468,0.0656706248988021,0,B2,22.0000017,1.3691385889818315
B2,GP_IIa_22.0mm_closed_R5_single_refY,GP_IIa_22.0mm_closed_R5_single_refY_005,3,False,,0.0585804266329645,0.3244694897312463,0.0159433267230488,0,B2,22.0000017,
B2,GP_IIa_4.5mm_closed_R10_single_refY,GP_IIa_4.5mm_closed_R10_single_refY_004,0,False,,,,,0,B2,4.5000005,
B2,GP_IIa_4.5mm_closed_R10_single_refY,GP_IIa_4.5mm_closed_R10_single_refY_005,0,False,,,,,0,B2,4.5000005,
B2,GP_IIa_5.2mm_closed_R10_single_refY,GP_IIa_5.2mm_closed_R10_single_refY_001,0,False,,,,,0,B2,5.20000071,
B2,GP_IIa_5.2mm_closed_R10_single_refY,GP_IIa_5.2mm_closed_R10_single_refY_004,0,False,,,,,0,B2,5.20000071,
B2,GP_IIa_9.5mm_closed_R5_single_refY,GP_IIa_9.5mm_closed_R5_single_refY_004,5,True,9.287899207532794,0.1929545826174852,0.7781403146656309,0.0837800128186719,0,B2,9.50000156,2.2326559751344446
B2,GP_IIa_9.5mm_closed_R5_single_refY,GP_IIa_9.5mm_closed_R5_single_refY_005,5,True,7.547897407019094,0.2156894500747865,0.5169912511563926,0.068494737445109,0,B2,9.50000156,20.5484613939464
B2,GP_Ip_10.3mm_closed_R5_single_refY,GP_Ip_10.3mm_closed_R5_single_refY_005,5,True,10.172037513707368,0.5717485079114635,3.040983327483513,0.298955182124095,0,B2,10.29999461,1.2423025558518506
B2,GP_Ip_12.0mm_closed_R10_single_refY,GP_Ip_12.0mm_closed_R10_single_refY_004,4,True,11.617459144044116,0.0387763762063055,0.3160944975186197,0.0272085740607636,0,B2,11.999998242,3.1878262833155895
B2,GP_Ip_12.0mm_closed_R10_single_refY,GP_Ip_12.0mm_closed_R10_single_refY_005,5,True,12.027546769441726,0.3027389513523708,1.7224269908520051,0.1432068420825566,0,B2,11.999998242,0.2295710956465431
B2,GP_Ip_12.0mm_closed_R5_single_refY,GP_Ip_12.0mm_closed_R5_single_refY_004,5,True,12.116434533804078,0.1065385339415314,0.3700443870154881,0.0305406995748698,0,B2,11.999998242,0.970302573849977
B2,GP_Ip_12.0mm_closed_R5_single_refY,GP_Ip_12.0mm_closed_R5_single_refY_005,5,True,10.479877723469077,0.0654916268049685,0.2296131862963228,0.0219099108171956,0,B2,11.999998242,12.667672843571767
B2,GP_Ip_2.9mm_closed_R10_single_refY,GP_Ip_2.9mm_closed_R10_single_refY_004,0,False,,,,,0,B2,2.9,
B2,GP_Ip_2.9mm_closed_R10_single_refY,GP_Ip_2.9mm_closed_R10_single_refY_005,0,False,,,,,0,B2,2.9,
B2,GP_Ip_2.9mm_closed_R5_single_refY,GP_Ip_2.9mm_closed_R5_single_refY_004,3,False,,0.1606394652793845,0.3998792659931243,0.1115213490176457,0,B2,2.9,
B2,GP_Ip_2.9mm_closed_R5_single_refY,GP_Ip_2.9mm_closed_R5_single_refY_005,3,False,,0.0543042605745842,0.2081587002535716,0.0594450022235709,0,B2,2.9,
B2,GP_Ip_20.0mm_closed_R10_single_refY,GP_Ip_20.0mm_closed_R10_single_refY_004,5,True,19.236875032228244,0.0693603861550222,0.742564410248356,0.0386010934210629,0,B2,19.999996755,3.815609232941383
B2,GP_Ip_20.0mm_closed_R10_single_refY,GP_Ip_20.0mm_closed_R10_single_refY_005,5,True,17.525004055828383,0.3250036420522164,0.9115363462243627,0.0520134741949579,0,B2,19.999996755,12.374965503696247
B2,GP_Ip_4.0mm_closed_R10_single_refY,GP_Ip_4.0mm_closed_R10_single_refY_004,0,False,,,,,0,B2,3.999999725,
B2,GP_Ip_4.0mm_closed_R10_single_refY,GP_Ip_4.0mm_closed_R10_single_refY_005,0,False,,,,,0,B2,3.999999725,
B2,GP_Ip_4.0mm_closed_R5_single_refY,GP_Ip_4.0mm_closed_R5_single_refY_005,1,False,,0.0,0.0,0.0,0,B2,3.999999725,
B2,GP_Ip_4.0mm_closed_R5_single_refY,GP_Ip_4.0mm_closed_R5_single_refY_006,2,False,,0.0237274636953768,0.0474549273907536,0.009793391389027,0,B2,3.999999725,
B2,GP_Ip_4.0mm_closed_R5_single_refY,GP_Ip_4.0mm_closed_R5_single_refY_007,4,True,4.8124813637132,0.04900977548168,0.2860201641974464,0.0594329915444617,0,B2,3.999999725,20.312042364282917
B2,GP_Ip_4.7mm_closed_R5_single_refY,GP_Ip_4.7mm_closed_R5_single_refY_004,3,False,,0.8825218507343067,5.527638952416076,0.1861081018078729,0,B2,5.035549868,
B2,GP_Ip_4.7mm_closed_R5_single_refY,GP_Ip_4.7mm_closed_R5_single_refY_005,0,False,,,,,0,B2,5.035549868,
B2,GP_Ip_5.6mm_closed_R10_single_refY,GP_Ip_5.6mm_closed_R10_single_refY_005,5,True,6.056740724879951,0.0065736685785129,0.432172550067639,0.0713539789300135,0,B2,5.716958782000001,5.9434037542786395
B2,GP_Ip_6.2mm_closed_R10_single_refY,GP_Ip_6.2mm_closed_R10_single_refY_005,1,False,,0.0,0.0,0.0,0,B2,6.199999013999999,
B2,GP_Ip_6.2mm_closed_R5_single_refY,GP_Ip_6.2mm_closed_R5_single_refY_004,5,True,6.506913857130096,0.2925411003695899,0.7137934164269941,0.1096976895805742,0,B2,6.199999013999999,4.950240192572011
B2,GP_Ip_6.2mm_closed_R5_single_refY,GP_Ip_6.2mm_closed_R5_single_refY_005,5,True,6.699622369814665,0.1423413515297413,0.6142903347617281,0.0916902925050567,0,B2,6.199999013999999,8.058442504369493
B2,GP_Ip_8.8mm_closed_R5_single_refY,GP_Ip_8.8mm_closed_R5_single_refY_004,3,False,,0.0978162140994722,0.2670677152263838,0.0283656337612554,0,B2,8.799999952,
B2,GP_Ip_8.8mm_closed_R5_single_refY,GP_Ip_8.8mm_closed_R5_single_refY_005,5,True,8.710464361199508,0.3319378744197792,1.1817819544383052,0.1356738177705561,0,B2,8.799999952,1.0174499010098708
B2,GP_Ip_9.7mm_closed_R5_single_refY,GP_Ip_9.7mm_closed_R5_single_refY_004,4,True,12.769176296090716,0.8018646005602399,1.9774091160330105,0.1548580010316244,0,B2,9.699995629,31.641052063104144
B2,GP_Ip_9.7mm_closed_R5_single_refY,GP_Ip_9.7mm_closed_R5_single_refY_005,5,True,9.714014420597644,0.1384497067103218,0.8833187119796548,0.0909324069054974,0,B2,9.699995629,0.14452368984304012
B2,GP_Is_10.5mm_closed_R5_single_refY,GP_Is_10.5mm_closed_R5_single_refY_004,5,True,11.358715670576736,0.113026876823282,0.3702375856134168,0.0325950218625921,0,B2,10.499999858,8.17824594466518
B2,GP_Is_10.5mm_closed_R5_single_refY,GP_Is_10.5mm_closed_R5_single_refY_005,5,True,10.82231040888497,0.202930104067164,1.1000964241860751,0.1016507919864238,0,B2,10.499999858,3.0696243356555812
B2,GP_Is_14.0mm_closed_R10_single_refY,GP_Is_14.0mm_closed_R10_single_refY_004,5,True,11.64679694161211,0.0856510395378933,0.3270286912547178,0.0280788523140038,0,B2,13.99999531,16.808565405068627
B2,GP_Is_14.0mm_closed_R10_single_refY,GP_Is_14.0mm_closed_R10_single_refY_005,5,True,12.441976640241704,0.4845840569775284,1.7304063559608078,0.1390780907242719,0,B2,13.99999531,11.12870851210518
B2,GP_Is_14.0mm_closed_R5_single_refY,GP_Is_14.0mm_closed_R5_single_refY_004,5,True,13.63433596764767,0.1340426392053473,0.7061467408659254,0.0517917955477634,0,B2,13.99999531,2.611853320344639
B2,GP_Is_14.0mm_closed_R5_single_refY,GP_Is_14.0mm_closed_R5_single_refY_005,4,True,13.929232169649136,0.7768183997809706,3.2242235512556405,0.2314717359856351,0,B2,13.99999531,0.5054511718323057
B2,GP_Is_18.0mm_closed_R10_single_refY,GP_Is_18.0mm_closed_R10_single_refY_004,5,True,16.93058813917277,0.0537474741781451,0.1921979211181153,0.0113521113110903,0,B2,18.000001088,5.941182689928689
B2,GP_Is_18.0mm_closed_R10_single_refY,GP_Is_18.0mm_closed_R10_single_refY_005,5,True,15.889022323439669,0.4451231215880717,1.293540420238326,0.0814109511527389,0,B2,18.000001088,11.727659094241119
B2,GP_Is_18.0mm_closed_R5_single_refY,GP_Is_18.0mm_closed_R5_single_refY_004,5,True,18.45847438502523,0.4316738942987044,1.196894878588168,0.0648425678971156,0,B2,18.000001088,2.5470737184059273
B2,GP_Is_18.0mm_closed_R5_single_refY,GP_Is_18.0mm_closed_R5_single_refY_005,0,False,,,,,0,B2,18.000001088,
B2,GP_Is_4.8mm_closed_R10_single_refY,GP_Is_4.8mm_closed_R10_single_refY_004,0,False,,,,,0,B2,4.799998598,
B2,GP_Is_4.8mm_closed_R10_single_refY,GP_Is_4.8mm_closed_R10_single_refY_005,1,False,,0.0,0.0,0.0,0,B2,4.799998598,
B2,GP_Is_6.5mm_closed_R10_single_refY,GP_Is_6.5mm_closed_R10_single_refY_004,5,True,5.49146394609801,0.1650539063735259,0.5536590727395634,0.1008217623158518,0,B2,6.5,15.515939290799846
B2,GP_Is_6.5mm_closed_R10_single_refY,GP_Is_6.5mm_closed_R10_single_refY_005,5,True,5.958202060601074,0.1491382652268953,0.6843346048531398,0.1148558907356194,0,B2,6.5,8.335352913829626
B2,GP_Is_7.0mm_closed_R5_single_refY,GP_Is_7.0mm_closed_R5_single_refY_004,5,True,8.54690103349767,0.5145406423558061,1.1790580012839484,0.137951521453553,0,B2,6.9999976550000005,22.098627095863932
B2,GP_Is_7.0mm_closed_R5_single_refY,GP_Is_7.0mm_closed_R5_single_refY_005,5,True,7.314061379376771,0.1918800545516372,0.5138109965247164,0.0702497517963813,0,B2,6.9999976550000005,4.486626136973614
B2,GP_Is_7mm_closed_R10_single_refY,GP_Is_7mm_closed_R10_single_refY_004,5,True,7.467690592428996,0.0373419438454867,0.4763789244920984,0.0637920008329038,0,B2,6.9999976550000005,6.681329915802598
B2,GP_Is_7mm_closed_R10_single_refY,GP_Is_7mm_closed_R10_single_refY_005,4,True,7.099306637144549,0.0139141813800587,0.1003086630063965,0.014129360532417,0,B2,6.9999976550000005,1.4187002201866956
B2,GP_Is_8.8mm_closed_R10_single_refY,GP_Is_8.8mm_closed_R10_single_refY_005,1,False,,0.0,0.0,0.0,0,B2,8.799997158,
B2,GP_Is_8.8mm_closed_R5_single_refY,GP_Is_8.8mm_closed_R5_single_refY_004,5,True,9.745461378750088,0.2712109765725827,0.7021883209956492,0.0720528555504581,0,B2,8.799997158,10.743915069229026
B2,GP_Is_8.8mm_closed_R5_single_refY,GP_Is_8.8mm_closed_R5_single_refY_005,5,True,8.248217268205774,0.0621807728289471,0.6462306618934015,0.0783479194206502,0,B2,8.799997158,6.270228045387576
B3,GP_IIa_14.0mm_closed_R10_single_refY,GP_IIa_14.0mm_closed_R10_single_refY_004,5,True,13.180296250586789,0.5368911013943478,1.998387142271884,0.1516192886926131,0,B3,14.0000009,5.855032833699396
B3,GP_IIa_14.0mm_closed_R10_single_refY,GP_IIa_14.0mm_closed_R10_single_refY_005,5,True,12.275826256290324,0.1017305974979354,0.7610676999973833,0.0619972687872965,0,B3,14.0000009,12.315532377642029
B3,GP_IIa_14.0mm_closed_R5_single_refY,GP_IIa_14.0mm_closed_R5_single_refY_004,5,True,15.748750805708356,0.9903070537741954,4.114558284508989,0.261262517597117,0,B3,14.0000009,12.491069952062336
B3,GP_IIa_14.0mm_closed_R5_single_refY,GP_IIa_14.0mm_closed_R5_single_refY_005,5,True,14.390464386234616,0.0843197998071243,0.390459030694199,0.027133177930498,0,B3,14.0000009,2.78902472238138
B3,GP_IIa_22.0mm_closed_R10_single_refY,GP_IIa_22.0mm_closed_R10_single_refY_005,5,True,22.45326994980563,0.2376135945529398,0.7493902189379398,0.0333755493348275,0,B3,22.0000017,2.0603100671834573
B3,GP_IIa_22.0mm_closed_R10_single_refY,GP_IIa_22.0mm_closed_R10_single_refY_006,5,True,20.97600692121066,0.1094958491772111,0.5445499814281405,0.0259606122115405,0,B3,22.0000017,4.654521362102154
B3,GP_IIa_22.0mm_closed_R5_single_refY,GP_IIa_22.0mm_closed_R5_single_refY_004,5,True,22.301212212851357,0.2841630360791427,1.4645345420187468,0.0656706248988021,0,B3,22.0000017,1.3691385889818315
B3,GP_IIa_22.0mm_closed_R5_single_refY,GP_IIa_22.0mm_closed_R5_single_refY_005,3,False,,0.0585804266329645,0.3244694897312463,0.0159433267230488,0,B3,22.0000017,
B3,GP_IIa_4.5mm_closed_R10_single_refY,GP_IIa_4.5mm_closed_R10_single_refY_004,0,False,,,,,0,B3,4.5000005,
B3,GP_IIa_4.5mm_closed_R10_single_refY,GP_IIa_4.5mm_closed_R10_single_refY_005,0,False,,,,,0,B3,4.5000005,
B3,GP_IIa_5.2mm_closed_R10_single_refY,GP_IIa_5.2mm_closed_R10_single_refY_001,0,False,,,,,0,B3,5.20000071,
B3,GP_IIa_5.2mm_closed_R10_single_refY,GP_IIa_5.2mm_closed_R10_single_refY_004,0,False,,,,,0,B3,5.20000071,
B3,GP_IIa_9.5mm_closed_R5_single_refY,GP_IIa_9.5mm_closed_R5_single_refY_004,5,True,9.287899207532794,0.2027862200251178,0.7781403146656309,0.0837800128186719,0,B3,9.50000156,2.2326559751344446
B3,GP_IIa_9.5mm_closed_R5_single_refY,GP_IIa_9.5mm_closed_R5_single_refY_005,5,True,7.547897407019094,0.2156894500747865,0.5169912511563926,0.068494737445109,0,B3,9.50000156,20.5484613939464
B3,GP_Ip_10.3mm_closed_R5_single_refY,GP_Ip_10.3mm_closed_R5_single_refY_005,5,True,10.172037513707368,0.5717485079114635,3.040983327483513,0.298955182124095,0,B3,10.29999461,1.2423025558518506
B3,GP_Ip_12.0mm_closed_R10_single_refY,GP_Ip_12.0mm_closed_R10_single_refY_004,4,True,11.617459144044116,0.0387763762063055,0.3160944975186197,0.0272085740607636,0,B3,11.999998242,3.1878262833155895
B3,GP_Ip_12.0mm_closed_R10_single_refY,GP_Ip_12.0mm_closed_R10_single_refY_005,5,True,12.027546769441726,0.3027389513523708,1.7224269908520051,0.1432068420825566,0,B3,11.999998242,0.2295710956465431
B3,GP_Ip_12.0mm_closed_R5_single_refY,GP_Ip_12.0mm_closed_R5_single_refY_004,5,True,12.116434533804078,0.1065385339415314,0.3700443870154881,0.0305406995748698,0,B3,11.999998242,0.970302573849977
B3,GP_Ip_12.0mm_closed_R5_single_refY,GP_Ip_12.0mm_closed_R5_single_refY_005,5,True,10.479877723469077,0.0654916268049685,0.2296131862963228,0.0219099108171956,0,B3,11.999998242,12.667672843571767
B3,GP_Ip_2.9mm_closed_R10_single_refY,GP_Ip_2.9mm_closed_R10_single_refY_004,0,False,,,,,0,B3,2.9,
B3,GP_Ip_2.9mm_closed_R10_single_refY,GP_Ip_2.9mm_closed_R10_single_refY_005,0,False,,,,,0,B3,2.9,
B3,GP_Ip_2.9mm_closed_R5_single_refY,GP_Ip_2.9mm_closed_R5_single_refY_004,3,False,,0.1606327780265326,0.3998792659931243,0.1115211410316581,0,B3,2.9,
B3,GP_Ip_2.9mm_closed_R5_single_refY,GP_Ip_2.9mm_closed_R5_single_refY_005,3,False,,0.0540950655176621,0.2079692610023342,0.0593944513168716,0,B3,2.9,
B3,GP_Ip_20.0mm_closed_R10_single_refY,GP_Ip_20.0mm_closed_R10_single_refY_004,5,True,19.236875032228244,0.0693603861550222,0.7573187021116148,0.0393680730806251,0,B3,19.999996755,3.815609232941383
B3,GP_Ip_20.0mm_closed_R10_single_refY,GP_Ip_20.0mm_closed_R10_single_refY_005,5,True,17.525004055828383,0.3250036420522164,0.9115363462243627,0.0520134741949579,0,B3,19.999996755,12.374965503696247
B3,GP_Ip_4.0mm_closed_R10_single_refY,GP_Ip_4.0mm_closed_R10_single_refY_004,0,False,,,,,0,B3,3.999999725,
B3,GP_Ip_4.0mm_closed_R10_single_refY,GP_Ip_4.0mm_closed_R10_single_refY_005,0,False,,,,,0,B3,3.999999725,
B3,GP_Ip_4.0mm_closed_R5_single_refY,GP_Ip_4.0mm_closed_R5_single_refY_005,1,False,,0.0,0.0,0.0,0,B3,3.999999725,
B3,GP_Ip_4.0mm_closed_R5_single_refY,GP_Ip_4.0mm_closed_R5_single_refY_006,2,False,,0.0237274636953768,0.0474549273907536,0.009793391389027,0,B3,3.999999725,
B3,GP_Ip_4.0mm_closed_R5_single_refY,GP_Ip_4.0mm_closed_R5_single_refY_007,4,True,4.8124813637132,0.04900977548168,0.2860201641974464,0.0594329915444617,0,B3,3.999999725,20.312042364282917
B3,GP_Ip_4.7mm_closed_R5_single_refY,GP_Ip_4.7mm_closed_R5_single_refY_004,3,False,,0.8825218507343067,5.527638952416076,0.1861081018078729,0,B3,5.035549868,
B3,GP_Ip_4.7mm_closed_R5_single_refY,GP_Ip_4.7mm_closed_R5_single_refY_005,0,False,,,,,0,B3,5.035549868,
B3,GP_Ip_5.6mm_closed_R10_single_refY,GP_Ip_5.6mm_closed_R10_single_refY_005,5,True,6.056740724879951,0.0065736685785129,0.432172550067639,0.0713539789300135,0,B3,5.716958782000001,5.9434037542786395
B3,GP_Ip_6.2mm_closed_R10_single_refY,GP_Ip_6.2mm_closed_R10_single_refY_005,1,False,,0.0,0.0,0.0,0,B3,6.199999013999999,
B3,GP_Ip_6.2mm_closed_R5_single_refY,GP_Ip_6.2mm_closed_R5_single_refY_004,5,True,6.506913857130096,0.2925411003695899,0.7137934164269941,0.1096976895805742,0,B3,6.199999013999999,4.950240192572011
B3,GP_Ip_6.2mm_closed_R5_single_refY,GP_Ip_6.2mm_closed_R5_single_refY_005,5,True,6.699622369814665,0.1423413515297413,0.6142903347617281,0.0916902925050567,0,B3,6.199999013999999,8.058442504369493
B3,GP_Ip_8.8mm_closed_R5_single_refY,GP_Ip_8.8mm_closed_R5_single_refY_004,3,False,,0.0978162140994722,0.2670677152263838,0.0283656337612554,0,B3,8.799999952,
B3,GP_Ip_8.8mm_closed_R5_single_refY,GP_Ip_8.8mm_closed_R5_single_refY_005,5,True,8.710464361199508,0.3319378744197792,1.1742437778660015,0.1348084016159498,0,B3,8.799999952,1.0174499010098708
B3,GP_Ip_9.7mm_closed_R5_single_refY,GP_Ip_9.7mm_closed_R5_single_refY_004,4,True,12.769176296090716,0.8018646005602399,1.9774091160330105,0.1548580010316244,0,B3,9.699995629,31.641052063104144
B3,GP_Ip_9.7mm_closed_R5_single_refY,GP_Ip_9.7mm_closed_R5_single_refY_005,5,True,9.714014420597644,0.1384497067103218,0.8833187119796548,0.0909324069054974,0,B3,9.699995629,0.14452368984304012
B3,GP_Is_10.5mm_closed_R5_single_refY,GP_Is_10.5mm_closed_R5_single_refY_004,5,True,11.358715670576736,0.113026876823282,0.3702375856134168,0.0325950218625921,0,B3,10.499999858,8.17824594466518
B3,GP_Is_10.5mm_closed_R5_single_refY,GP_Is_10.5mm_closed_R5_single_refY_005,5,True,10.82231040888497,0.202930104067164,1.1000964241860751,0.1016507919864238,0,B3,10.499999858,3.0696243356555812
B3,GP_Is_14.0mm_closed_R10_single_refY,GP_Is_14.0mm_closed_R10_single_refY_004,5,True,11.64679694161211,0.0856510395378933,0.3270286912547178,0.0280788523140038,0,B3,13.99999531,16.808565405068627
B3,GP_Is_14.0mm_closed_R10_single_refY,GP_Is_14.0mm_closed_R10_single_refY_005,5,True,12.441976640241704,0.4845840569775284,1.7304063559608078,0.1390780907242719,0,B3,13.99999531,11.12870851210518
B3,GP_Is_14.0mm_closed_R5_single_refY,GP_Is_14.0mm_closed_R5_single_refY_004,5,True,13.63433596764767,0.1340426392053473,0.7061467408659254,0.0517917955477634,0,B3,13.99999531,2.611853320344639
B3,GP_Is_14.0mm_closed_R5_single_refY,GP_Is_14.0mm_closed_R5_single_refY_005,4,True,13.929232169649136,0.7768183997809706,3.2242235512556405,0.2314717359856351,0,B3,13.99999531,0.5054511718323057
B3,GP_Is_18.0mm_closed_R10_single_refY,GP_Is_18.0mm_closed_R10_single_refY_004,5,True,16.93058813917277,0.0537474741781451,0.1921979211181153,0.0113521113110903,0,B3,18.000001088,5.941182689928689
B3,GP_Is_18.0mm_closed_R10_single_refY,GP_Is_18.0mm_closed_R10_single_refY_005,5,True,15.889022323439669,0.4451231215880717,1.293540420238326,0.0814109511527389,0,B3,18.000001088,11.727659094241119
B3,GP_Is_18.0mm_closed_R5_single_refY,GP_Is_18.0mm_closed_R5_single_refY_004,5,True,18.45847438502523,0.4316738942987044,1.196894878588168,0.0648425678971156,0,B3,18.000001088,2.5470737184059273
B3,GP_Is_18.0mm_closed_R5_single_refY,GP_Is_18.0mm_closed_R5_single_refY_005,0,False,,,,,0,B3,18.000001088,
B3,GP_Is_4.8mm_closed_R10_single_refY,GP_Is_4.8mm_closed_R10_single_refY_004,0,False,,,,,0,B3,4.799998598,
B3,GP_Is_4.8mm_closed_R10_single_refY,GP_Is_4.8mm_closed_R10_single_refY_005,1,False,,0.0,0.0,0.0,0,B3,4.799998598,
B3,GP_Is_6.5mm_closed_R10_single_refY,GP_Is_6.5mm_closed_R10_single_refY_004,5,True,5.49146394609801,0.1650539063735259,0.5536590727395634,0.1008217623158518,0,B3,6.5,15.515939290799846
B3,GP_Is_6.5mm_closed_R10_single_refY,GP_Is_6.5mm_closed_R10_single_refY_005,5,True,5.958202060601074,0.1476562756250441,0.6828526152512886,0.1146071597280474,0,B3,6.5,8.335352913829626
B3,GP_Is_7.0mm_closed_R5_single_refY,GP_Is_7.0mm_closed_R5_single_refY_004,5,True,8.54690103349767,0.5145406423558061,1.1887078945002472,0.1390805731622926,0,B3,6.9999976550000005,22.098627095863932
B3,GP_Is_7.0mm_closed_R5_single_refY,GP_Is_7.0mm_closed_R5_single_refY_005,5,True,7.314061379376771,0.1918800545516372,0.5138109965247164,0.0702497517963813,0,B3,6.9999976550000005,4.486626136973614
B3,GP_Is_7mm_closed_R10_single_refY,GP_Is_7mm_closed_R10_single_refY_004,5,True,7.467690592428996,0.0373419438454867,0.4763789244920984,0.0637920008329038,0,B3,6.9999976550000005,6.681329915802598
B3,GP_Is_7mm_closed_R10_single_refY,GP_Is_7mm_closed_R10_single_refY_005,4,True,7.099306637144549,0.0139141813800587,0.1003086630063965,0.014129360532417,0,B3,6.9999976550000005,1.4187002201866956
B3,GP_Is_8.8mm_closed_R10_single_refY,GP_Is_8.8mm_closed_R10_single_refY_005,1,False,,0.0,0.0,0.0,0,B3,8.799997158,
B3,GP_Is_8.8mm_closed_R5_single_refY,GP_Is_8.8mm_closed_R5_single_refY_004,5,True,9.745461378750088,0.2712109765725827,0.7021883209956492,0.0720528555504581,0,B3,8.799997158,10.743915069229026
B3,GP_Is_8.8mm_closed_R5_single_refY,GP_Is_8.8mm_closed_R5_single_refY_005,5,True,8.248217268205774,0.0621807728289471,0.6462306618934015,0.0783479194206502,0,B3,8.799997158,6.270228045387576
