group,capture,segment_id,reasons,local_pass_n,blockers_after_local
GP_IIa_9.5mm_closed_R10_single_refY,GP_IIa_9.5mm_closed_R10_single_refY_004,1,no_V2_valid,3,V2_valid
GP_IIa_9.5mm_closed_R10_single_refY,GP_IIa_9.5mm_closed_R10_single_refY_004,2,no_V2_valid,3,V2_valid
GP_IIa_9.5mm_closed_R10_single_refY,GP_IIa_9.5mm_closed_R10_single_refY_004,3,no_V2_valid,3,V2_valid
GP_IIa_9.5mm_closed_R10_single_refY,GP_IIa_9.5mm_closed_R10_single_refY_004,4,no_V2_valid,3,V2_valid
GP_IIa_9.5mm_closed_R10_single_refY,GP_IIa_9.5mm_closed_R10_single_refY_004,5,no_V2_valid,3,V2_valid
GP_IIa_9.5mm_closed_R10_single_refY,GP_IIa_9.5mm_closed_R10_single_refY_005,1,no_V2_valid,2,V2_valid
GP_IIa_9.5mm_closed_R10_single_refY,GP_IIa_9.5mm_closed_R10_single_refY_005,2,no_V2_valid,1,V2_valid
GP_IIa_9.5mm_closed_R10_single_refY,GP_IIa_9.5mm_closed_R10_single_refY_005,3,no_V2_valid,1,V2_valid
GP_IIa_9.5mm_closed_R10_single_refY,GP_IIa_9.5mm_closed_R10_single_refY_005,4,no_V2_valid,3,V2_valid
GP_IIa_9.5mm_closed_R10_single_refY,GP_IIa_9.5mm_closed_R10_single_refY_005,5,no_V2_valid,1,V2_valid
GP_Ip_10.3mm_closed_R5_single_refY,GP_Ip_10.3mm_closed_R5_single_refY_004,1,low_frontality,3,frontality
GP_Ip_10.3mm_closed_R5_single_refY,GP_Ip_10.3mm_closed_R5_single_refY_004,2,low_frontality,3,frontality
GP_Ip_10.3mm_closed_R5_single_refY,GP_Ip_10.3mm_closed_R5_single_refY_004,3,low_frontality,3,frontality
GP_Ip_10.3mm_closed_R5_single_refY,GP_Ip_10.3mm_closed_R5_single_refY_004,4,low_frontality,3,frontality
GP_Ip_10.3mm_closed_R5_single_refY,GP_Ip_10.3mm_closed_R5_single_refY_004,5,low_frontality,3,frontality
GP_Ip_12.0mm_closed_R10_single_refY,GP_Ip_12.0mm_closed_R10_single_refY_004,1,all_feature_fail|no_local_sharp_pass|no_V2_valid|ring_discontinuous|low_frontality|low_trusted_edge|no_trusted_arc,0,local_sharpness
GP_Ip_2.9mm_closed_R5_single_refY,GP_Ip_2.9mm_closed_R5_single_refY_004,1,no_V2_valid,1,V2_valid
GP_Ip_2.9mm_closed_R5_single_refY,GP_Ip_2.9mm_closed_R5_single_refY_005,1,no_V2_valid|low_trusted_edge,3,V2_valid|trusted_edge_fraction
GP_Ip_2.9mm_closed_R5_single_refY,GP_Ip_2.9mm_closed_R5_single_refY_005,2,low_trusted_edge,1,V2_valid|trusted_edge_fraction
GP_Ip_4.0mm_closed_R5_single_refY,GP_Ip_4.0mm_closed_R5_single_refY_005,1,no_V2_valid,3,V2_valid
GP_Ip_4.0mm_closed_R5_single_refY,GP_Ip_4.0mm_closed_R5_single_refY_005,2,no_V2_valid,2,V2_valid
GP_Ip_4.0mm_closed_R5_single_refY,GP_Ip_4.0mm_closed_R5_single_refY_005,3,no_V2_valid,2,V2_valid
GP_Ip_4.0mm_closed_R5_single_refY,GP_Ip_4.0mm_closed_R5_single_refY_005,4,,1,V2_valid
GP_Ip_4.0mm_closed_R5_single_refY,GP_Ip_4.0mm_closed_R5_single_refY_006,2,no_V2_valid,2,V2_valid
GP_Ip_4.0mm_closed_R5_single_refY,GP_Ip_4.0mm_closed_R5_single_refY_006,4,no_V2_valid,3,V2_valid
GP_Ip_4.0mm_closed_R5_single_refY,GP_Ip_4.0mm_closed_R5_single_refY_006,5,no_V2_valid,2,V2_valid
GP_Ip_4.0mm_closed_R5_single_refY,GP_Ip_4.0mm_closed_R5_single_refY_007,5,no_V2_valid,3,V2_valid
GP_Ip_4.7mm_closed_R5_single_refY,GP_Ip_4.7mm_closed_R5_single_refY_004,3,low_frontality,3,frontality
GP_Ip_4.7mm_closed_R5_single_refY,GP_Ip_4.7mm_closed_R5_single_refY_005,2,all_feature_fail|no_local_sharp_pass|no_V2_valid|ring_discontinuous|low_frontality|low_trusted_edge|no_trusted_arc,0,local_sharpness
GP_Ip_4.7mm_closed_R5_single_refY,GP_Ip_4.7mm_closed_R5_single_refY_005,3,all_feature_fail|no_local_sharp_pass|no_V2_valid|ring_discontinuous|low_frontality|low_trusted_edge|no_trusted_arc,0,local_sharpness
GP_Ip_4.7mm_closed_R5_single_refY,GP_Ip_4.7mm_closed_R5_single_refY_005,4,all_feature_fail|no_local_sharp_pass|no_V2_valid|ring_discontinuous|low_frontality|low_trusted_edge|no_trusted_arc,0,local_sharpness
GP_Ip_5.6mm_closed_R10_single_refY,GP_Ip_5.6mm_closed_R10_single_refY_004,1,all_feature_fail|no_local_sharp_pass|no_V2_valid|ring_discontinuous|low_frontality|low_trusted_edge|no_trusted_arc,0,local_sharpness
GP_Ip_5.6mm_closed_R10_single_refY,GP_Ip_5.6mm_closed_R10_single_refY_004,2,all_feature_fail|no_local_sharp_pass|no_V2_valid|ring_discontinuous|low_frontality|low_trusted_edge|no_trusted_arc,0,local_sharpness
GP_Ip_5.6mm_closed_R10_single_refY,GP_Ip_5.6mm_closed_R10_single_refY_004,3,all_feature_fail|no_local_sharp_pass|no_V2_valid|ring_discontinuous|low_frontality|low_trusted_edge|no_trusted_arc,0,local_sharpness
GP_Ip_5.6mm_closed_R10_single_refY,GP_Ip_5.6mm_closed_R10_single_refY_004,4,all_feature_fail|no_local_sharp_pass|no_V2_valid|ring_discontinuous|low_frontality|low_trusted_edge|no_trusted_arc,0,local_sharpness
GP_Ip_5.6mm_closed_R10_single_refY,GP_Ip_5.6mm_closed_R10_single_refY_004,5,all_feature_fail|no_local_sharp_pass|no_V2_valid|ring_discontinuous|low_frontality|low_trusted_edge|no_trusted_arc,0,local_sharpness
GP_Ip_6.2mm_closed_R10_single_refY,GP_Ip_6.2mm_closed_R10_single_refY_004,1,all_feature_fail|no_local_sharp_pass|no_V2_valid|ring_discontinuous|low_frontality|low_trusted_edge|no_trusted_arc,0,local_sharpness
GP_Ip_6.2mm_closed_R10_single_refY,GP_Ip_6.2mm_closed_R10_single_refY_004,2,all_feature_fail|no_local_sharp_pass|no_V2_valid|ring_discontinuous|low_frontality|low_trusted_edge|no_trusted_arc,0,local_sharpness
GP_Ip_6.2mm_closed_R10_single_refY,GP_Ip_6.2mm_closed_R10_single_refY_004,3,all_feature_fail|no_local_sharp_pass|no_V2_valid|ring_discontinuous|low_frontality|low_trusted_edge|no_trusted_arc,0,local_sharpness
GP_Ip_6.2mm_closed_R10_single_refY,GP_Ip_6.2mm_closed_R10_single_refY_004,4,all_feature_fail|no_local_sharp_pass|no_V2_valid|ring_discontinuous|low_frontality|low_trusted_edge|no_trusted_arc,0,local_sharpness
GP_Ip_6.2mm_closed_R10_single_refY,GP_Ip_6.2mm_closed_R10_single_refY_004,5,all_feature_fail|no_local_sharp_pass|no_V2_valid|ring_discontinuous|low_frontality|low_trusted_edge|no_trusted_arc,0,local_sharpness
GP_Ip_6.2mm_closed_R10_single_refY,GP_Ip_6.2mm_closed_R10_single_refY_005,1,all_feature_fail|no_local_sharp_pass|no_V2_valid|ring_discontinuous|low_frontality|low_trusted_edge|no_trusted_arc,0,local_sharpness
GP_Ip_6.2mm_closed_R10_single_refY,GP_Ip_6.2mm_closed_R10_single_refY_005,2,all_feature_fail|no_local_sharp_pass|no_V2_valid|ring_discontinuous|low_frontality|low_trusted_edge|no_trusted_arc,0,local_sharpness
GP_Ip_6.2mm_closed_R10_single_refY,GP_Ip_6.2mm_closed_R10_single_refY_005,3,all_feature_fail|no_local_sharp_pass|no_V2_valid|ring_discontinuous|low_frontality|low_trusted_edge|no_trusted_arc,0,local_sharpness
GP_Ip_6.2mm_closed_R10_single_refY,GP_Ip_6.2mm_closed_R10_single_refY_005,4,all_feature_fail|no_local_sharp_pass|no_V2_valid|ring_discontinuous|low_frontality|low_trusted_edge|no_trusted_arc,0,local_sharpness
GP_Ip_6.4mm_closed_R10_single_refY,GP_Ip_6.4mm_closed_R10_single_refY_005,1,all_feature_fail|no_local_sharp_pass|no_V2_valid|ring_discontinuous|low_frontality|low_trusted_edge|no_trusted_arc,0,local_sharpness
GP_Ip_6.4mm_closed_R10_single_refY,GP_Ip_6.4mm_closed_R10_single_refY_005,2,all_feature_fail|no_local_sharp_pass|no_V2_valid|ring_discontinuous|low_frontality|low_trusted_edge|no_trusted_arc,0,local_sharpness
GP_Ip_6.4mm_closed_R10_single_refY,GP_Ip_6.4mm_closed_R10_single_refY_005,3,all_feature_fail|no_local_sharp_pass|no_V2_valid|ring_discontinuous|low_frontality|low_trusted_edge|no_trusted_arc,0,local_sharpness
GP_Ip_6.4mm_closed_R10_single_refY,GP_Ip_6.4mm_closed_R10_single_refY_005,4,all_feature_fail|no_local_sharp_pass|no_V2_valid|ring_discontinuous|low_frontality|low_trusted_edge|no_trusted_arc,0,local_sharpness
GP_Ip_6.4mm_closed_R10_single_refY,GP_Ip_6.4mm_closed_R10_single_refY_005,5,all_feature_fail|no_local_sharp_pass|no_V2_valid|ring_discontinuous|low_frontality|low_trusted_edge|no_trusted_arc,0,local_sharpness
GP_Ip_6.4mm_closed_R10_single_refY,GP_Ip_6.4mm_closed_R10_single_refY_006,1,all_feature_fail|no_local_sharp_pass|no_V2_valid|ring_discontinuous|low_frontality|low_trusted_edge|no_trusted_arc,0,local_sharpness
GP_Ip_6.4mm_closed_R10_single_refY,GP_Ip_6.4mm_closed_R10_single_refY_006,2,all_feature_fail|no_local_sharp_pass|no_V2_valid|ring_discontinuous|low_frontality|low_trusted_edge|no_trusted_arc,0,local_sharpness
GP_Ip_6.4mm_closed_R10_single_refY,GP_Ip_6.4mm_closed_R10_single_refY_006,3,all_feature_fail|no_local_sharp_pass|no_V2_valid|ring_discontinuous|low_frontality|low_trusted_edge|no_trusted_arc,0,local_sharpness
GP_Ip_6.4mm_closed_R10_single_refY,GP_Ip_6.4mm_closed_R10_single_refY_006,4,all_feature_fail|no_local_sharp_pass|no_V2_valid|ring_discontinuous|low_frontality|low_trusted_edge|no_trusted_arc,0,local_sharpness
GP_Ip_6.4mm_closed_R10_single_refY,GP_Ip_6.4mm_closed_R10_single_refY_006,5,all_feature_fail|no_local_sharp_pass|no_V2_valid|ring_discontinuous|low_frontality|low_trusted_edge|no_trusted_arc,0,local_sharpness
GP_Ip_7.1mm_closed_R10_single_refY,GP_Ip_7.1mm_closed_R10_single_refY_004,1,all_feature_fail|no_local_sharp_pass|no_V2_valid|ring_discontinuous|low_frontality|low_trusted_edge|no_trusted_arc,0,local_sharpness
GP_Ip_7.1mm_closed_R10_single_refY,GP_Ip_7.1mm_closed_R10_single_refY_004,2,all_feature_fail|no_local_sharp_pass|no_V2_valid|ring_discontinuous|low_frontality|low_trusted_edge|no_trusted_arc,0,local_sharpness
GP_Ip_7.1mm_closed_R10_single_refY,GP_Ip_7.1mm_closed_R10_single_refY_004,3,all_feature_fail|no_local_sharp_pass|no_V2_valid|ring_discontinuous|low_frontality|low_trusted_edge|no_trusted_arc,0,local_sharpness
GP_Ip_7.1mm_closed_R10_single_refY,GP_Ip_7.1mm_closed_R10_single_refY_004,4,all_feature_fail|no_local_sharp_pass|no_V2_valid|ring_discontinuous|low_frontality|low_trusted_edge|no_trusted_arc,0,local_sharpness
GP_Ip_7.1mm_closed_R10_single_refY,GP_Ip_7.1mm_closed_R10_single_refY_004,5,all_feature_fail|no_local_sharp_pass|no_V2_valid|ring_discontinuous|low_frontality|low_trusted_edge|no_trusted_arc,0,local_sharpness
GP_Ip_7.1mm_closed_R10_single_refY,GP_Ip_7.1mm_closed_R10_single_refY_005,1,all_feature_fail|no_local_sharp_pass|no_V2_valid|ring_discontinuous|low_frontality|low_trusted_edge|no_trusted_arc,0,local_sharpness
GP_Ip_7.1mm_closed_R10_single_refY,GP_Ip_7.1mm_closed_R10_single_refY_005,2,all_feature_fail|no_local_sharp_pass|no_V2_valid|ring_discontinuous|low_frontality|low_trusted_edge|no_trusted_arc,0,local_sharpness
GP_Ip_7.1mm_closed_R10_single_refY,GP_Ip_7.1mm_closed_R10_single_refY_005,3,all_feature_fail|no_local_sharp_pass|no_V2_valid|ring_discontinuous|low_frontality|low_trusted_edge|no_trusted_arc,0,local_sharpness
GP_Ip_7.1mm_closed_R10_single_refY,GP_Ip_7.1mm_closed_R10_single_refY_005,4,all_feature_fail|no_local_sharp_pass|no_V2_valid|ring_discontinuous|low_frontality|low_trusted_edge|no_trusted_arc,0,local_sharpness
GP_Ip_7.1mm_closed_R10_single_refY,GP_Ip_7.1mm_closed_R10_single_refY_005,5,all_feature_fail|no_local_sharp_pass|no_V2_valid|ring_discontinuous|low_frontality|low_trusted_edge|no_trusted_arc,0,local_sharpness
GP_Ip_8.8mm_closed_R10_single_refY,GP_Ip_8.8mm_closed_R10_single_refY_004,1,all_feature_fail|no_local_sharp_pass|no_V2_valid|ring_discontinuous|low_frontality|low_trusted_edge|no_trusted_arc,0,local_sharpness
GP_Ip_8.8mm_closed_R10_single_refY,GP_Ip_8.8mm_closed_R10_single_refY_004,2,all_feature_fail|no_local_sharp_pass|no_V2_valid|ring_discontinuous|low_frontality|low_trusted_edge|no_trusted_arc,0,local_sharpness
GP_Ip_8.8mm_closed_R10_single_refY,GP_Ip_8.8mm_closed_R10_single_refY_004,3,all_feature_fail|no_local_sharp_pass|no_V2_valid|ring_discontinuous|low_frontality|low_trusted_edge|no_trusted_arc,0,local_sharpness
GP_Ip_8.8mm_closed_R10_single_refY,GP_Ip_8.8mm_closed_R10_single_refY_004,4,all_feature_fail|no_local_sharp_pass|no_V2_valid|ring_discontinuous|low_frontality|low_trusted_edge|no_trusted_arc,0,local_sharpness
GP_Ip_8.8mm_closed_R10_single_refY,GP_Ip_8.8mm_closed_R10_single_refY_004,5,all_feature_fail|no_local_sharp_pass|no_V2_valid|ring_discontinuous|low_frontality|low_trusted_edge|no_trusted_arc,0,local_sharpness
GP_Ip_8.8mm_closed_R10_single_refY,GP_Ip_8.8mm_closed_R10_single_refY_005,1,all_feature_fail|no_local_sharp_pass|no_V2_valid|ring_discontinuous|low_frontality|low_trusted_edge|no_trusted_arc,0,local_sharpness
GP_Ip_8.8mm_closed_R10_single_refY,GP_Ip_8.8mm_closed_R10_single_refY_005,2,all_feature_fail|no_local_sharp_pass|no_V2_valid|ring_discontinuous|low_frontality|low_trusted_edge|no_trusted_arc,0,local_sharpness
GP_Ip_8.8mm_closed_R10_single_refY,GP_Ip_8.8mm_closed_R10_single_refY_005,3,all_feature_fail|no_local_sharp_pass|no_V2_valid|ring_discontinuous|low_frontality|low_trusted_edge|no_trusted_arc,0,local_sharpness
GP_Ip_8.8mm_closed_R10_single_refY,GP_Ip_8.8mm_closed_R10_single_refY_005,4,all_feature_fail|no_local_sharp_pass|no_V2_valid|ring_discontinuous|low_frontality|low_trusted_edge|no_trusted_arc,0,local_sharpness
GP_Ip_8.8mm_closed_R10_single_refY,GP_Ip_8.8mm_closed_R10_single_refY_005,5,all_feature_fail|no_local_sharp_pass|no_V2_valid|ring_discontinuous|low_frontality|low_trusted_edge|no_trusted_arc,0,local_sharpness
GP_Ip_8.8mm_closed_R5_single_refY,GP_Ip_8.8mm_closed_R5_single_refY_004,4,low_frontality,3,frontality
GP_Ip_8.8mm_closed_R5_single_refY,GP_Ip_8.8mm_closed_R5_single_refY_004,5,low_frontality,3,frontality
GP_Ip_9.7mm_closed_R5_single_refY,GP_Ip_9.7mm_closed_R5_single_refY_004,2,low_frontality,3,frontality
GP_Is_10.5mm_closed_R10_single_refY,GP_Is_10.5mm_closed_R10_single_refY_004,1,no_V2_valid,2,V2_valid
GP_Is_10.5mm_closed_R10_single_refY,GP_Is_10.5mm_closed_R10_single_refY_004,2,no_V2_valid,3,V2_valid
GP_Is_10.5mm_closed_R10_single_refY,GP_Is_10.5mm_closed_R10_single_refY_004,3,no_V2_valid,3,V2_valid
GP_Is_10.5mm_closed_R10_single_refY,GP_Is_10.5mm_closed_R10_single_refY_004,4,no_V2_valid,3,V2_valid
GP_Is_10.5mm_closed_R10_single_refY,GP_Is_10.5mm_closed_R10_single_refY_004,5,no_V2_valid,3,V2_valid
GP_Is_10.5mm_closed_R10_single_refY,GP_Is_10.5mm_closed_R10_single_refY_005,1,no_V2_valid,3,V2_valid
GP_Is_10.5mm_closed_R10_single_refY,GP_Is_10.5mm_closed_R10_single_refY_005,2,no_V2_valid,3,V2_valid
GP_Is_10.5mm_closed_R10_single_refY,GP_Is_10.5mm_closed_R10_single_refY_005,3,no_V2_valid,2,V2_valid
GP_Is_10.5mm_closed_R10_single_refY,GP_Is_10.5mm_closed_R10_single_refY_005,4,no_V2_valid,2,V2_valid
GP_Is_10.5mm_closed_R10_single_refY,GP_Is_10.5mm_closed_R10_single_refY_005,5,no_V2_valid,1,V2_valid
GP_Is_4.8mm_closed_R5_single_refY,GP_Is_4.8mm_closed_R5_single_refY_004,1,no_V2_valid,3,V2_valid
GP_Is_4.8mm_closed_R5_single_refY,GP_Is_4.8mm_closed_R5_single_refY_004,2,no_V2_valid,3,V2_valid
GP_Is_4.8mm_closed_R5_single_refY,GP_Is_4.8mm_closed_R5_single_refY_004,3,no_V2_valid,3,V2_valid
GP_Is_4.8mm_closed_R5_single_refY,GP_Is_4.8mm_closed_R5_single_refY_004,4,no_V2_valid,3,V2_valid
GP_Is_4.8mm_closed_R5_single_refY,GP_Is_4.8mm_closed_R5_single_refY_004,5,no_V2_valid,2,V2_valid
GP_Is_4.8mm_closed_R5_single_refY,GP_Is_4.8mm_closed_R5_single_refY_005,1,no_V2_valid,3,V2_valid
GP_Is_4.8mm_closed_R5_single_refY,GP_Is_4.8mm_closed_R5_single_refY_005,2,no_V2_valid,3,V2_valid
GP_Is_4.8mm_closed_R5_single_refY,GP_Is_4.8mm_closed_R5_single_refY_005,3,no_V2_valid,3,V2_valid
GP_Is_4.8mm_closed_R5_single_refY,GP_Is_4.8mm_closed_R5_single_refY_005,4,no_V2_valid,2,V2_valid
GP_Is_4.8mm_closed_R5_single_refY,GP_Is_4.8mm_closed_R5_single_refY_005,5,no_V2_valid,3,V2_valid
GP_Is_8.8mm_closed_R10_single_refY,GP_Is_8.8mm_closed_R10_single_refY_004,1,no_V2_valid,3,V2_valid
GP_Is_8.8mm_closed_R10_single_refY,GP_Is_8.8mm_closed_R10_single_refY_004,2,no_V2_valid,3,V2_valid
GP_Is_8.8mm_closed_R10_single_refY,GP_Is_8.8mm_closed_R10_single_refY_004,3,no_V2_valid,3,V2_valid
GP_Is_8.8mm_closed_R10_single_refY,GP_Is_8.8mm_closed_R10_single_refY_004,4,no_V2_valid,3,V2_valid
GP_Is_8.8mm_closed_R10_single_refY,GP_Is_8.8mm_closed_R10_single_refY_004,5,no_V2_valid,3,V2_valid
GP_Is_8.8mm_closed_R10_single_refY,GP_Is_8.8mm_closed_R10_single_refY_005,1,no_V2_valid,3,V2_valid
GP_Is_8.8mm_closed_R10_single_refY,GP_Is_8.8mm_closed_R10_single_refY_005,2,no_V2_valid,3,V2_valid
GP_Is_8.8mm_closed_R10_single_refY,GP_Is_8.8mm_closed_R10_single_refY_005,3,no_V2_valid,2,V2_valid
GP_Is_8.8mm_closed_R10_single_refY,GP_Is_8.8mm_closed_R10_single_refY_005,4,no_V2_valid,2,V2_valid
GP_Is_9.79mm_closed_R10_single_refY,GP_Is_9.79mm_closed_R10_single_refY_004,1,no_V2_valid,2,V2_valid
GP_Is_9.79mm_closed_R10_single_refY,GP_Is_9.79mm_closed_R10_single_refY_004,2,no_V2_valid,2,V2_valid
GP_Is_9.79mm_closed_R10_single_refY,GP_Is_9.79mm_closed_R10_single_refY_004,3,no_V2_valid,2,V2_valid
GP_Is_9.79mm_closed_R10_single_refY,GP_Is_9.79mm_closed_R10_single_refY_004,4,no_V2_valid,3,V2_valid
GP_Is_9.79mm_closed_R10_single_refY,GP_Is_9.79mm_closed_R10_single_refY_004,5,no_V2_valid,3,V2_valid
GP_Is_9.79mm_closed_R10_single_refY,GP_Is_9.79mm_closed_R10_single_refY_005,1,no_V2_valid,3,V2_valid
GP_Is_9.79mm_closed_R10_single_refY,GP_Is_9.79mm_closed_R10_single_refY_005,2,no_V2_valid,3,V2_valid
GP_Is_9.79mm_closed_R10_single_refY,GP_Is_9.79mm_closed_R10_single_refY_005,3,no_V2_valid,3,V2_valid
GP_Is_9.79mm_closed_R10_single_refY,GP_Is_9.79mm_closed_R10_single_refY_005,4,no_V2_valid,3,V2_valid
GP_Is_9.79mm_closed_R10_single_refY,GP_Is_9.79mm_closed_R10_single_refY_005,5,no_V2_valid,3,V2_valid
