group,prediction_mm,geometry,method
GP_IIa_14.0mm_closed_R10_single_refY,12.252370965639487,B0,B0
GP_IIa_14.0mm_closed_R5_single_refY,15.313669621410678,B0,B0
GP_IIa_22.0mm_closed_R10_single_refY,20.961646643923565,B0,B0
GP_IIa_22.0mm_closed_R5_single_refY,20.938101208026623,B0,B0
GP_IIa_4.5mm_closed_R10_single_refY,4.754201973877018,B0,B0
GP_IIa_5.2mm_closed_R10_single_refY,5.239914271159811,B0,B0
GP_IIa_9.5mm_closed_R10_single_refY,10.1114858854063,B0,B0
GP_IIa_9.5mm_closed_R5_single_refY,9.29291232895857,B0,B0
GP_Ip_10.3mm_closed_R5_single_refY,10.173558689432678,B0,B0
GP_Ip_12.0mm_closed_R10_single_refY,12.004148253784576,B0,B0
GP_Ip_12.0mm_closed_R5_single_refY,10.472465895459653,B0,B0
GP_Ip_2.9mm_closed_R10_single_refY,3.0843567311640814,B0,B0
GP_Ip_2.9mm_closed_R5_single_refY,3.4331818361442985,B0,B0
GP_Ip_20.0mm_closed_R10_single_refY,17.53255239693976,B0,B0
GP_Ip_4.0mm_closed_R10_single_refY,4.064036232968337,B0,B0
GP_Ip_4.0mm_closed_R5_single_refY,4.803742469472379,B0,B0
GP_Ip_4.7mm_closed_R5_single_refY,3.842854769530907,B0,B0
GP_Ip_5.6mm_closed_R10_single_refY,6.051050757684977,B0,B0
GP_Ip_6.2mm_closed_R10_single_refY,6.519501859801958,B0,B0
GP_Ip_6.2mm_closed_R5_single_refY,6.498003529691256,B0,B0
GP_Ip_6.4mm_closed_R10_single_refY,6.736602709526147,B0,B0
GP_Ip_7.1mm_closed_R10_single_refY,8.00731521351408,B0,B0
GP_Ip_8.8mm_closed_R5_single_refY,8.712177966858627,B0,B0
GP_Ip_9.7mm_closed_R5_single_refY,9.691017298183755,B0,B0
GP_Is_10.5mm_closed_R10_single_refY,9.898249286757215,B0,B0
GP_Is_10.5mm_closed_R5_single_refY,11.16805397773378,B0,B0
GP_Is_14.0mm_closed_R10_single_refY,12.048264811377997,B0,B0
GP_Is_14.0mm_closed_R5_single_refY,13.623468178645387,B0,B0
GP_Is_18.0mm_closed_R10_single_refY,16.430803594071758,B0,B0
GP_Is_18.0mm_closed_R5_single_refY,17.75227685244178,B0,B0
GP_Is_4.8mm_closed_R10_single_refY,4.977258446781375,B0,B0
GP_Is_4.8mm_closed_R5_single_refY,5.039073973607167,B0,B0
GP_Is_6.5mm_closed_R10_single_refY,5.634261647488985,B0,B0
GP_Is_7.0mm_closed_R5_single_refY,7.253029171311914,B0,B0
GP_Is_7mm_closed_R10_single_refY,7.117941395436152,B0,B0
GP_Is_8.8mm_closed_R10_single_refY,10.679360720710495,B0,B0
GP_Is_8.8mm_closed_R5_single_refY,8.76920106403698,B0,B0
GP_Is_9.79mm_closed_R10_single_refY,9.96131414831605,B0,B0
GP_Ip_8.8mm_closed_R10_single_refY,8.851170981427963,B0,B0
GP_IIa_14.0mm_closed_R10_single_refY,12.252370965639487,B1,B1
GP_IIa_14.0mm_closed_R5_single_refY,15.313669621410678,B1,B1
GP_IIa_22.0mm_closed_R10_single_refY,20.961646643923565,B1,B1
GP_IIa_22.0mm_closed_R5_single_refY,20.683360903141242,B1,B1
GP_IIa_4.5mm_closed_R10_single_refY,4.754201973877018,B1,B1
GP_IIa_5.2mm_closed_R10_single_refY,5.239914271159811,B1,B1
GP_IIa_9.5mm_closed_R10_single_refY,10.1114858854063,B1,B1
GP_IIa_9.5mm_closed_R5_single_refY,9.291595065867588,B1,B1
GP_Ip_10.3mm_closed_R5_single_refY,10.17348941530451,B1,B1
GP_Ip_12.0mm_closed_R10_single_refY,12.004148253784576,B1,B1
GP_Ip_12.0mm_closed_R5_single_refY,10.474083595715326,B1,B1
GP_Ip_2.9mm_closed_R10_single_refY,3.0843567311640814,B1,B1
GP_Ip_2.9mm_closed_R5_single_refY,3.4331818361442985,B1,B1
GP_Ip_20.0mm_closed_R10_single_refY,17.522640631793326,B1,B1
GP_Ip_4.0mm_closed_R10_single_refY,4.064036232968337,B1,B1
GP_Ip_4.0mm_closed_R5_single_refY,4.807904629910551,B1,B1
GP_Ip_4.7mm_closed_R5_single_refY,3.842854769530907,B1,B1
GP_Ip_5.6mm_closed_R10_single_refY,6.049510778095869,B1,B1
GP_Ip_6.2mm_closed_R10_single_refY,6.519501859801958,B1,B1
GP_Ip_6.2mm_closed_R5_single_refY,6.498003529691256,B1,B1
GP_Ip_6.4mm_closed_R10_single_refY,6.736602709526147,B1,B1
GP_Ip_7.1mm_closed_R10_single_refY,8.00731521351408,B1,B1
GP_Ip_8.8mm_closed_R5_single_refY,8.712177966858627,B1,B1
GP_Ip_9.7mm_closed_R5_single_refY,9.691017298183759,B1,B1
GP_Is_10.5mm_closed_R10_single_refY,9.898249286757215,B1,B1
GP_Is_10.5mm_closed_R5_single_refY,11.16805397773378,B1,B1
GP_Is_14.0mm_closed_R10_single_refY,12.045035252055445,B1,B1
GP_Is_14.0mm_closed_R5_single_refY,13.63164428964477,B1,B1
GP_Is_18.0mm_closed_R10_single_refY,16.430803594071758,B1,B1
GP_Is_18.0mm_closed_R5_single_refY,17.75227685244178,B1,B1
GP_Is_4.8mm_closed_R10_single_refY,4.977258446781375,B1,B1
GP_Is_4.8mm_closed_R5_single_refY,5.039073973607167,B1,B1
GP_Is_6.5mm_closed_R10_single_refY,5.634261647488985,B1,B1
GP_Is_7.0mm_closed_R5_single_refY,7.253982247860262,B1,B1
GP_Is_7mm_closed_R10_single_refY,7.091661545413677,B1,B1
GP_Is_8.8mm_closed_R10_single_refY,10.679360720710495,B1,B1
GP_Is_8.8mm_closed_R5_single_refY,8.76920106403698,B1,B1
GP_Is_9.79mm_closed_R10_single_refY,9.96131414831605,B1,B1
GP_Ip_8.8mm_closed_R10_single_refY,8.851170981427963,B1,B1
GP_IIa_14.0mm_closed_R10_single_refY,12.282011975170992,B2,B2
GP_IIa_14.0mm_closed_R5_single_refY,15.313669621410678,B2,B2
GP_IIa_22.0mm_closed_R10_single_refY,20.97600692121066,B2,B2
GP_IIa_22.0mm_closed_R5_single_refY,20.938101208026623,B2,B2
GP_IIa_4.5mm_closed_R10_single_refY,4.754201973877018,B2,B2
GP_IIa_5.2mm_closed_R10_single_refY,5.239914271159811,B2,B2
GP_IIa_9.5mm_closed_R10_single_refY,10.1114858854063,B2,B2
GP_IIa_9.5mm_closed_R5_single_refY,9.287899207532794,B2,B2
GP_Ip_10.3mm_closed_R5_single_refY,10.172037513707368,B2,B2
GP_Ip_12.0mm_closed_R10_single_refY,12.027546769441726,B2,B2
GP_Ip_12.0mm_closed_R5_single_refY,10.479877723469075,B2,B2
GP_Ip_2.9mm_closed_R10_single_refY,3.0843567311640814,B2,B2
GP_Ip_2.9mm_closed_R5_single_refY,3.321149719077409,B2,B2
GP_Ip_20.0mm_closed_R10_single_refY,17.525004055828383,B2,B2
GP_Ip_4.0mm_closed_R10_single_refY,4.064036232968337,B2,B2
GP_Ip_4.0mm_closed_R5_single_refY,4.8124813637132,B2,B2
GP_Ip_4.7mm_closed_R5_single_refY,3.842854769530907,B2,B2
GP_Ip_5.6mm_closed_R10_single_refY,6.056740724879951,B2,B2
GP_Ip_6.2mm_closed_R10_single_refY,6.519501859801958,B2,B2
GP_Ip_6.2mm_closed_R5_single_refY,6.506913857130096,B2,B2
GP_Ip_6.4mm_closed_R10_single_refY,6.736602709526147,B2,B2
GP_Ip_7.1mm_closed_R10_single_refY,8.00731521351408,B2,B2
GP_Ip_8.8mm_closed_R5_single_refY,8.710464361199508,B2,B2
GP_Ip_9.7mm_closed_R5_single_refY,9.714014420597643,B2,B2
GP_Is_10.5mm_closed_R10_single_refY,9.898249286757215,B2,B2
GP_Is_10.5mm_closed_R5_single_refY,11.16805397773378,B2,B2
GP_Is_14.0mm_closed_R10_single_refY,12.044386790926907,B2,B2
GP_Is_14.0mm_closed_R5_single_refY,13.63433596764767,B2,B2
GP_Is_18.0mm_closed_R10_single_refY,16.430803594071758,B2,B2
GP_Is_18.0mm_closed_R5_single_refY,17.75227685244178,B2,B2
GP_Is_4.8mm_closed_R10_single_refY,4.977258446781375,B2,B2
GP_Is_4.8mm_closed_R5_single_refY,5.039073973607167,B2,B2
GP_Is_6.5mm_closed_R10_single_refY,5.634261647488985,B2,B2
GP_Is_7.0mm_closed_R5_single_refY,7.314061379376771,B2,B2
GP_Is_7mm_closed_R10_single_refY,7.099306637144549,B2,B2
GP_Is_8.8mm_closed_R10_single_refY,10.679360720710495,B2,B2
GP_Is_8.8mm_closed_R5_single_refY,8.76920106403698,B2,B2
GP_Is_9.79mm_closed_R10_single_refY,9.96131414831605,B2,B2
GP_Ip_8.8mm_closed_R10_single_refY,8.851170981427963,B2,B2
GP_IIa_14.0mm_closed_R10_single_refY,12.275826256290323,B3,B3
GP_IIa_14.0mm_closed_R5_single_refY,15.313669621410678,B3,B3
GP_IIa_22.0mm_closed_R10_single_refY,20.97600692121066,B3,B3
GP_IIa_22.0mm_closed_R5_single_refY,20.938101208026623,B3,B3
GP_IIa_4.5mm_closed_R10_single_refY,4.754201973877018,B3,B3
GP_IIa_5.2mm_closed_R10_single_refY,5.239914271159811,B3,B3
GP_IIa_9.5mm_closed_R10_single_refY,10.1114858854063,B3,B3
GP_IIa_9.5mm_closed_R5_single_refY,9.287899207532794,B3,B3
GP_Ip_10.3mm_closed_R5_single_refY,10.172037513707368,B3,B3
GP_Ip_12.0mm_closed_R10_single_refY,12.027546769441726,B3,B3
GP_Ip_12.0mm_closed_R5_single_refY,10.479877723469075,B3,B3
GP_Ip_2.9mm_closed_R10_single_refY,3.0843567311640814,B3,B3
GP_Ip_2.9mm_closed_R5_single_refY,3.321149719077409,B3,B3
GP_Ip_20.0mm_closed_R10_single_refY,17.525004055828383,B3,B3
GP_Ip_4.0mm_closed_R10_single_refY,4.064036232968337,B3,B3
GP_Ip_4.0mm_closed_R5_single_refY,4.8124813637132,B3,B3
GP_Ip_4.7mm_closed_R5_single_refY,3.842854769530907,B3,B3
GP_Ip_5.6mm_closed_R10_single_refY,6.056740724879951,B3,B3
GP_Ip_6.2mm_closed_R10_single_refY,6.519501859801958,B3,B3
GP_Ip_6.2mm_closed_R5_single_refY,6.506913857130096,B3,B3
GP_Ip_6.4mm_closed_R10_single_refY,6.736602709526147,B3,B3
GP_Ip_7.1mm_closed_R10_single_refY,8.00731521351408,B3,B3
GP_Ip_8.8mm_closed_R5_single_refY,8.710464361199508,B3,B3
GP_Ip_9.7mm_closed_R5_single_refY,9.714014420597643,B3,B3
GP_Is_10.5mm_closed_R10_single_refY,9.898249286757215,B3,B3
GP_Is_10.5mm_closed_R5_single_refY,11.16805397773378,B3,B3
GP_Is_14.0mm_closed_R10_single_refY,12.044386790926907,B3,B3
GP_Is_14.0mm_closed_R5_single_refY,13.63433596764767,B3,B3
GP_Is_18.0mm_closed_R10_single_refY,16.430803594071758,B3,B3
GP_Is_18.0mm_closed_R5_single_refY,17.75227685244178,B3,B3
GP_Is_4.8mm_closed_R10_single_refY,4.977258446781375,B3,B3
GP_Is_4.8mm_closed_R5_single_refY,5.039073973607167,B3,B3
GP_Is_6.5mm_closed_R10_single_refY,5.634261647488985,B3,B3
GP_Is_7.0mm_closed_R5_single_refY,7.314061379376771,B3,B3
GP_Is_7mm_closed_R10_single_refY,7.099306637144549,B3,B3
GP_Is_8.8mm_closed_R10_single_refY,10.679360720710495,B3,B3
GP_Is_8.8mm_closed_R5_single_refY,8.76920106403698,B3,B3
GP_Is_9.79mm_closed_R10_single_refY,9.96131414831605,B3,B3
GP_Ip_8.8mm_closed_R10_single_refY,8.851170981427963,B3,B3
