group,prediction_mm,geometry,method,reference_mm,signed_error_pct,abs_error_pct,paris_type
GP_IIa_14.0mm_closed_R10_single_refY,12.252370965639487,B0,B0,14.0000009,-12.483070157234863,12.483070157234863,IIa
GP_IIa_14.0mm_closed_R5_single_refY,15.313669621410678,B0,B0,14.0000009,9.383347406861086,9.383347406861086,IIa
GP_IIa_22.0mm_closed_R10_single_refY,20.961646643923565,B0,B0,22.0000017,-4.719795344726876,4.719795344726876,IIa
GP_IIa_22.0mm_closed_R5_single_refY,20.938101208026623,B0,B0,22.0000017,-4.8268200450792484,4.8268200450792484,IIa
GP_IIa_4.5mm_closed_R10_single_refY,4.754201973877018,B0,B0,4.5000005,5.648921014053635,5.648921014053635,IIa
GP_IIa_5.2mm_closed_R10_single_refY,5.239914271159811,B0,B0,5.20000071,0.7675683790399037,0.7675683790399037,IIa
GP_IIa_9.5mm_closed_R10_single_refY,10.1114858854063,B0,B0,9.50000156,6.436676052570038,6.436676052570038,IIa
GP_IIa_9.5mm_closed_R5_single_refY,9.29291232895857,B0,B0,9.50000156,-2.1798862845810882,2.1798862845810882,IIa
GP_Ip_10.3mm_closed_R5_single_refY,10.173558689432678,B0,B0,10.29999461,-1.2275338517611385,1.2275338517611385,Ip
GP_Ip_12.0mm_closed_R10_single_refY,12.004148253784576,B0,B0,11.999998242,0.03458343660460746,0.03458343660460746,Ip
GP_Ip_12.0mm_closed_R5_single_refY,10.472465895459653,B0,B0,11.999998242,-12.729438086032241,12.729438086032241,Ip
GP_Ip_2.9mm_closed_R10_single_refY,3.0843567311640814,B0,B0,2.9,6.357128660830395,6.357128660830395,Ip
GP_Ip_2.9mm_closed_R5_single_refY,3.4331818361442985,B0,B0,2.9,18.38558055669995,18.38558055669995,Ip
GP_Ip_20.0mm_closed_R10_single_refY,17.53255239693976,B0,B0,19.999996755,-12.337223792015767,12.337223792015767,Ip
GP_Ip_4.0mm_closed_R10_single_refY,4.064036232968337,B0,B0,3.999999725,1.6009128092711788,1.6009128092711788,Ip
GP_Ip_4.0mm_closed_R5_single_refY,4.803742469472379,B0,B0,3.999999725,20.093569993242415,20.093569993242415,Ip
GP_Ip_4.7mm_closed_R5_single_refY,3.842854769530907,B0,B0,5.035549868,-23.685498698929642,23.685498698929642,Ip
GP_Ip_5.6mm_closed_R10_single_refY,6.051050757684977,B0,B0,5.716958782000001,5.843875886194491,5.843875886194491,Ip
GP_Ip_6.2mm_closed_R10_single_refY,6.519501859801958,B0,B0,6.199999013999999,5.153272526019763,5.153272526019763,Ip
GP_Ip_6.2mm_closed_R5_single_refY,6.498003529691256,B0,B0,6.199999013999999,4.806525211025728,4.806525211025728,Ip
GP_Ip_6.4mm_closed_R10_single_refY,6.736602709526147,B0,B0,6.4490039370000005,4.459584384436486,4.459584384436486,Ip
GP_Ip_7.1mm_closed_R10_single_refY,8.00731521351408,B0,B0,7.099998649,12.779108974082282,12.779108974082282,Ip
GP_Ip_8.8mm_closed_R5_single_refY,8.712177966858627,B0,B0,8.799999952,-0.9979771093227484,0.9979771093227484,Ip
GP_Ip_9.7mm_closed_R5_single_refY,9.691017298183755,B0,B0,9.699995629,-0.09256015321699843,0.09256015321699843,Ip
GP_Is_10.5mm_closed_R10_single_refY,9.898249286757215,B0,B0,10.499999858,-5.7309578988642444,5.7309578988642444,Is
GP_Is_10.5mm_closed_R5_single_refY,11.16805397773378,B0,B0,10.499999858,6.362420273984921,6.362420273984921,Is
GP_Is_14.0mm_closed_R10_single_refY,12.048264811377996,B0,B0,13.99999531,-13.940936803228142,13.940936803228142,Is
GP_Is_14.0mm_closed_R5_single_refY,13.623468178645387,B0,B0,13.99999531,-2.689480410651737,2.689480410651737,Is
GP_Is_18.0mm_closed_R10_single_refY,16.430803594071758,B0,B0,18.000001088,-8.717763328216545,8.717763328216545,Is
GP_Is_18.0mm_closed_R5_single_refY,17.75227685244178,B0,B0,18.000001088,-1.3762456699148164,1.3762456699148164,Is
GP_Is_4.8mm_closed_R10_single_refY,4.977258446781375,B0,B0,4.799998598,3.6929145949174553,3.6929145949174553,Is
GP_Is_4.8mm_closed_R5_single_refY,5.039073973607167,B0,B0,4.799998598,4.980738446606654,4.980738446606654,Is
GP_Is_6.5mm_closed_R10_single_refY,5.634261647488985,B0,B0,6.5,-13.319051577092544,13.319051577092544,Is
GP_Is_7.0mm_closed_R5_single_refY,7.253029171311914,B0,B0,6.9999976550000005,3.614737158249994,3.614737158249994,Is
GP_Is_7mm_closed_R10_single_refY,7.117941395436152,B0,B0,6.9999976550000005,1.6849111421045446,1.6849111421045446,Is
GP_Is_8.8mm_closed_R10_single_refY,10.679360720710497,B0,B0,8.799997158,21.3564110188602,21.3564110188602,Is
GP_Is_8.8mm_closed_R5_single_refY,8.76920106403698,B0,B0,8.799997158,-0.34995572623591964,0.34995572623591964,Is
GP_Is_9.79mm_closed_R10_single_refY,9.96131414831605,B0,B0,9.799996856,1.6460953476458018,1.6460953476458018,Is
GP_Ip_8.8mm_closed_R10_single_refY,8.851170981427963,B0,B0,8.799999952,0.5814889739440576,0.5814889739440576,Ip
GP_IIa_14.0mm_closed_R10_single_refY,12.252370965639487,B1,B1,14.0000009,-12.483070157234863,12.483070157234863,IIa
GP_IIa_14.0mm_closed_R5_single_refY,15.313669621410678,B1,B1,14.0000009,9.383347406861086,9.383347406861086,IIa
GP_IIa_22.0mm_closed_R10_single_refY,20.961646643923565,B1,B1,22.0000017,-4.719795344726876,4.719795344726876,IIa
GP_IIa_22.0mm_closed_R5_single_refY,20.68336090314124,B1,B1,22.0000017,-5.984730432356104,5.984730432356104,IIa
GP_IIa_4.5mm_closed_R10_single_refY,4.754201973877018,B1,B1,4.5000005,5.648921014053635,5.648921014053635,IIa
GP_IIa_5.2mm_closed_R10_single_refY,5.239914271159811,B1,B1,5.20000071,0.7675683790399037,0.7675683790399037,IIa
GP_IIa_9.5mm_closed_R10_single_refY,10.1114858854063,B1,B1,9.50000156,6.436676052570038,6.436676052570038,IIa
GP_IIa_9.5mm_closed_R5_single_refY,9.291595065867588,B1,B1,9.50000156,-2.1937522095776534,2.1937522095776534,IIa
GP_Ip_10.3mm_closed_R5_single_refY,10.17348941530451,B1,B1,10.29999461,-1.2282064164642297,1.2282064164642297,Ip
GP_Ip_12.0mm_closed_R10_single_refY,12.004148253784576,B1,B1,11.999998242,0.03458343660460746,0.03458343660460746,Ip
GP_Ip_12.0mm_closed_R5_single_refY,10.474083595715326,B1,B1,11.999998242,-12.715957248593353,12.715957248593353,Ip
GP_Ip_2.9mm_closed_R10_single_refY,3.0843567311640814,B1,B1,2.9,6.357128660830395,6.357128660830395,Ip
GP_Ip_2.9mm_closed_R5_single_refY,3.4331818361442985,B1,B1,2.9,18.38558055669995,18.38558055669995,Ip
GP_Ip_20.0mm_closed_R10_single_refY,17.522640631793326,B1,B1,19.999996755,-12.386782625788857,12.386782625788857,Ip
GP_Ip_4.0mm_closed_R10_single_refY,4.064036232968337,B1,B1,3.999999725,1.6009128092711788,1.6009128092711788,Ip
GP_Ip_4.0mm_closed_R5_single_refY,4.807904629910551,B1,B1,3.999999725,20.197624011350428,20.197624011350428,Ip
GP_Ip_4.7mm_closed_R5_single_refY,3.842854769530907,B1,B1,5.035549868,-23.685498698929642,23.685498698929642,Ip
GP_Ip_5.6mm_closed_R10_single_refY,6.049510778095869,B1,B1,5.716958782000001,5.816938844179138,5.816938844179138,Ip
GP_Ip_6.2mm_closed_R10_single_refY,6.519501859801958,B1,B1,6.199999013999999,5.153272526019763,5.153272526019763,Ip
GP_Ip_6.2mm_closed_R5_single_refY,6.498003529691256,B1,B1,6.199999013999999,4.806525211025728,4.806525211025728,Ip
GP_Ip_6.4mm_closed_R10_single_refY,6.736602709526147,B1,B1,6.4490039370000005,4.459584384436486,4.459584384436486,Ip
GP_Ip_7.1mm_closed_R10_single_refY,8.00731521351408,B1,B1,7.099998649,12.779108974082282,12.779108974082282,Ip
GP_Ip_8.8mm_closed_R5_single_refY,8.712177966858627,B1,B1,8.799999952,-0.9979771093227484,0.9979771093227484,Ip
GP_Ip_9.7mm_closed_R5_single_refY,9.69101729818376,B1,B1,9.699995629,-0.0925601532169435,0.0925601532169435,Ip
GP_Is_10.5mm_closed_R10_single_refY,9.898249286757215,B1,B1,10.499999858,-5.7309578988642444,5.7309578988642444,Is
GP_Is_10.5mm_closed_R5_single_refY,11.16805397773378,B1,B1,10.499999858,6.362420273984921,6.362420273984921,Is
GP_Is_14.0mm_closed_R10_single_refY,12.045035252055444,B1,B1,13.99999531,-13.964005091831389,13.964005091831389,Is
GP_Is_14.0mm_closed_R5_single_refY,13.63164428964477,B1,B1,13.99999531,-2.631079598234731,2.631079598234731,Is
GP_Is_18.0mm_closed_R10_single_refY,16.430803594071758,B1,B1,18.000001088,-8.717763328216545,8.717763328216545,Is
GP_Is_18.0mm_closed_R5_single_refY,17.75227685244178,B1,B1,18.000001088,-1.3762456699148164,1.3762456699148164,Is
GP_Is_4.8mm_closed_R10_single_refY,4.977258446781375,B1,B1,4.799998598,3.6929145949174553,3.6929145949174553,Is
GP_Is_4.8mm_closed_R5_single_refY,5.039073973607167,B1,B1,4.799998598,4.980738446606654,4.980738446606654,Is
GP_Is_6.5mm_closed_R10_single_refY,5.634261647488985,B1,B1,6.5,-13.319051577092544,13.319051577092544,Is
GP_Is_7.0mm_closed_R5_single_refY,7.253982247860262,B1,B1,6.9999976550000005,3.628352542073263,3.628352542073263,Is
GP_Is_7mm_closed_R10_single_refY,7.091661545413677,B1,B1,6.9999976550000005,1.3094845874441456,1.3094845874441456,Is
GP_Is_8.8mm_closed_R10_single_refY,10.679360720710497,B1,B1,8.799997158,21.3564110188602,21.3564110188602,Is
GP_Is_8.8mm_closed_R5_single_refY,8.76920106403698,B1,B1,8.799997158,-0.34995572623591964,0.34995572623591964,Is
GP_Is_9.79mm_closed_R10_single_refY,9.96131414831605,B1,B1,9.799996856,1.6460953476458018,1.6460953476458018,Is
GP_Ip_8.8mm_closed_R10_single_refY,8.851170981427963,B1,B1,8.799999952,0.5814889739440576,0.5814889739440576,Ip
GP_IIa_14.0mm_closed_R10_single_refY,12.282011975170992,B2,B2,14.0000009,-12.271348674191929,12.271348674191929,IIa
GP_IIa_14.0mm_closed_R5_single_refY,15.313669621410678,B2,B2,14.0000009,9.383347406861086,9.383347406861086,IIa
GP_IIa_22.0mm_closed_R10_single_refY,20.97600692121066,B2,B2,22.0000017,-4.654521362102154,4.654521362102154,IIa
GP_IIa_22.0mm_closed_R5_single_refY,20.938101208026623,B2,B2,22.0000017,-4.8268200450792484,4.8268200450792484,IIa
GP_IIa_4.5mm_closed_R10_single_refY,4.754201973877018,B2,B2,4.5000005,5.648921014053635,5.648921014053635,IIa
GP_IIa_5.2mm_closed_R10_single_refY,5.239914271159811,B2,B2,5.20000071,0.7675683790399037,0.7675683790399037,IIa
GP_IIa_9.5mm_closed_R10_single_refY,10.1114858854063,B2,B2,9.50000156,6.436676052570038,6.436676052570038,IIa
GP_IIa_9.5mm_closed_R5_single_refY,9.287899207532794,B2,B2,9.50000156,-2.2326559751344446,2.2326559751344446,IIa
GP_Ip_10.3mm_closed_R5_single_refY,10.172037513707368,B2,B2,10.29999461,-1.2423025558518506,1.2423025558518506,Ip
GP_Ip_12.0mm_closed_R10_single_refY,12.027546769441726,B2,B2,11.999998242,0.2295710956465431,0.2295710956465431,Ip
GP_Ip_12.0mm_closed_R5_single_refY,10.479877723469077,B2,B2,11.999998242,-12.667672843571767,12.667672843571767,Ip
GP_Ip_2.9mm_closed_R10_single_refY,3.0843567311640814,B2,B2,2.9,6.357128660830395,6.357128660830395,Ip
GP_Ip_2.9mm_closed_R5_single_refY,3.321149719077409,B2,B2,2.9,14.52240410611755,14.52240410611755,Ip
GP_Ip_20.0mm_closed_R10_single_refY,17.525004055828383,B2,B2,19.999996755,-12.374965503696247,12.374965503696247,Ip
GP_Ip_4.0mm_closed_R10_single_refY,4.064036232968337,B2,B2,3.999999725,1.6009128092711788,1.6009128092711788,Ip
GP_Ip_4.0mm_closed_R5_single_refY,4.8124813637132,B2,B2,3.999999725,20.312042364282917,20.312042364282917,Ip
GP_Ip_4.7mm_closed_R5_single_refY,3.842854769530907,B2,B2,5.035549868,-23.685498698929642,23.685498698929642,Ip
GP_Ip_5.6mm_closed_R10_single_refY,6.056740724879951,B2,B2,5.716958782000001,5.9434037542786395,5.9434037542786395,Ip
GP_Ip_6.2mm_closed_R10_single_refY,6.519501859801958,B2,B2,6.199999013999999,5.153272526019763,5.153272526019763,Ip
GP_Ip_6.2mm_closed_R5_single_refY,6.506913857130096,B2,B2,6.199999013999999,4.950240192572011,4.950240192572011,Ip
GP_Ip_6.4mm_closed_R10_single_refY,6.736602709526147,B2,B2,6.4490039370000005,4.459584384436486,4.459584384436486,Ip
GP_Ip_7.1mm_closed_R10_single_refY,8.00731521351408,B2,B2,7.099998649,12.779108974082282,12.779108974082282,Ip
GP_Ip_8.8mm_closed_R5_single_refY,8.710464361199508,B2,B2,8.799999952,-1.0174499010098708,1.0174499010098708,Ip
GP_Ip_9.7mm_closed_R5_single_refY,9.714014420597644,B2,B2,9.699995629,0.14452368984304012,0.14452368984304012,Ip
GP_Is_10.5mm_closed_R10_single_refY,9.898249286757215,B2,B2,10.499999858,-5.7309578988642444,5.7309578988642444,Is
GP_Is_10.5mm_closed_R5_single_refY,11.16805397773378,B2,B2,10.499999858,6.362420273984921,6.362420273984921,Is
GP_Is_14.0mm_closed_R10_single_refY,12.044386790926907,B2,B2,13.99999531,-13.968636958586897,13.968636958586897,Is
GP_Is_14.0mm_closed_R5_single_refY,13.63433596764767,B2,B2,13.99999531,-2.611853320344639,2.611853320344639,Is
GP_Is_18.0mm_closed_R10_single_refY,16.430803594071758,B2,B2,18.000001088,-8.717763328216545,8.717763328216545,Is
GP_Is_18.0mm_closed_R5_single_refY,17.75227685244178,B2,B2,18.000001088,-1.3762456699148164,1.3762456699148164,Is
GP_Is_4.8mm_closed_R10_single_refY,4.977258446781375,B2,B2,4.799998598,3.6929145949174553,3.6929145949174553,Is
GP_Is_4.8mm_closed_R5_single_refY,5.039073973607167,B2,B2,4.799998598,4.980738446606654,4.980738446606654,Is
GP_Is_6.5mm_closed_R10_single_refY,5.634261647488985,B2,B2,6.5,-13.319051577092544,13.319051577092544,Is
GP_Is_7.0mm_closed_R5_single_refY,7.314061379376771,B2,B2,6.9999976550000005,4.486626136973614,4.486626136973614,Is
GP_Is_7mm_closed_R10_single_refY,7.099306637144549,B2,B2,6.9999976550000005,1.4187002201866956,1.4187002201866956,Is
GP_Is_8.8mm_closed_R10_single_refY,10.679360720710497,B2,B2,8.799997158,21.3564110188602,21.3564110188602,Is
GP_Is_8.8mm_closed_R5_single_refY,8.76920106403698,B2,B2,8.799997158,-0.34995572623591964,0.34995572623591964,Is
GP_Is_9.79mm_closed_R10_single_refY,9.96131414831605,B2,B2,9.799996856,1.6460953476458018,1.6460953476458018,Is
GP_Ip_8.8mm_closed_R10_single_refY,8.851170981427963,B2,B2,8.799999952,0.5814889739440576,0.5814889739440576,Ip
GP_IIa_14.0mm_closed_R10_single_refY,12.275826256290324,B3,B3,14.0000009,-12.315532377642029,12.315532377642029,IIa
GP_IIa_14.0mm_closed_R5_single_refY,15.313669621410678,B3,B3,14.0000009,9.383347406861086,9.383347406861086,IIa
GP_IIa_22.0mm_closed_R10_single_refY,20.97600692121066,B3,B3,22.0000017,-4.654521362102154,4.654521362102154,IIa
GP_IIa_22.0mm_closed_R5_single_refY,20.938101208026623,B3,B3,22.0000017,-4.8268200450792484,4.8268200450792484,IIa
GP_IIa_4.5mm_closed_R10_single_refY,4.754201973877018,B3,B3,4.5000005,5.648921014053635,5.648921014053635,IIa
GP_IIa_5.2mm_closed_R10_single_refY,5.239914271159811,B3,B3,5.20000071,0.7675683790399037,0.7675683790399037,IIa
GP_IIa_9.5mm_closed_R10_single_refY,10.1114858854063,B3,B3,9.50000156,6.436676052570038,6.436676052570038,IIa
GP_IIa_9.5mm_closed_R5_single_refY,9.287899207532794,B3,B3,9.50000156,-2.2326559751344446,2.2326559751344446,IIa
GP_Ip_10.3mm_closed_R5_single_refY,10.172037513707368,B3,B3,10.29999461,-1.2423025558518506,1.2423025558518506,Ip
GP_Ip_12.0mm_closed_R10_single_refY,12.027546769441726,B3,B3,11.999998242,0.2295710956465431,0.2295710956465431,Ip
GP_Ip_12.0mm_closed_R5_single_refY,10.479877723469077,B3,B3,11.999998242,-12.667672843571767,12.667672843571767,Ip
GP_Ip_2.9mm_closed_R10_single_refY,3.0843567311640814,B3,B3,2.9,6.357128660830395,6.357128660830395,Ip
GP_Ip_2.9mm_closed_R5_single_refY,3.321149719077409,B3,B3,2.9,14.52240410611755,14.52240410611755,Ip
GP_Ip_20.0mm_closed_R10_single_refY,17.525004055828383,B3,B3,19.999996755,-12.374965503696247,12.374965503696247,Ip
GP_Ip_4.0mm_closed_R10_single_refY,4.064036232968337,B3,B3,3.999999725,1.6009128092711788,1.6009128092711788,Ip
GP_Ip_4.0mm_closed_R5_single_refY,4.8124813637132,B3,B3,3.999999725,20.312042364282917,20.312042364282917,Ip
GP_Ip_4.7mm_closed_R5_single_refY,3.842854769530907,B3,B3,5.035549868,-23.685498698929642,23.685498698929642,Ip
GP_Ip_5.6mm_closed_R10_single_refY,6.056740724879951,B3,B3,5.716958782000001,5.9434037542786395,5.9434037542786395,Ip
GP_Ip_6.2mm_closed_R10_single_refY,6.519501859801958,B3,B3,6.199999013999999,5.153272526019763,5.153272526019763,Ip
GP_Ip_6.2mm_closed_R5_single_refY,6.506913857130096,B3,B3,6.199999013999999,4.950240192572011,4.950240192572011,Ip
GP_Ip_6.4mm_closed_R10_single_refY,6.736602709526147,B3,B3,6.4490039370000005,4.459584384436486,4.459584384436486,Ip
GP_Ip_7.1mm_closed_R10_single_refY,8.00731521351408,B3,B3,7.099998649,12.779108974082282,12.779108974082282,Ip
GP_Ip_8.8mm_closed_R5_single_refY,8.710464361199508,B3,B3,8.799999952,-1.0174499010098708,1.0174499010098708,Ip
GP_Ip_9.7mm_closed_R5_single_refY,9.714014420597644,B3,B3,9.699995629,0.14452368984304012,0.14452368984304012,Ip
GP_Is_10.5mm_closed_R10_single_refY,9.898249286757215,B3,B3,10.499999858,-5.7309578988642444,5.7309578988642444,Is
GP_Is_10.5mm_closed_R5_single_refY,11.16805397773378,B3,B3,10.499999858,6.362420273984921,6.362420273984921,Is
GP_Is_14.0mm_closed_R10_single_refY,12.044386790926907,B3,B3,13.99999531,-13.968636958586897,13.968636958586897,Is
GP_Is_14.0mm_closed_R5_single_refY,13.63433596764767,B3,B3,13.99999531,-2.611853320344639,2.611853320344639,Is
GP_Is_18.0mm_closed_R10_single_refY,16.430803594071758,B3,B3,18.000001088,-8.717763328216545,8.717763328216545,Is
GP_Is_18.0mm_closed_R5_single_refY,17.75227685244178,B3,B3,18.000001088,-1.3762456699148164,1.3762456699148164,Is
GP_Is_4.8mm_closed_R10_single_refY,4.977258446781375,B3,B3,4.799998598,3.6929145949174553,3.6929145949174553,Is
GP_Is_4.8mm_closed_R5_single_refY,5.039073973607167,B3,B3,4.799998598,4.980738446606654,4.980738446606654,Is
GP_Is_6.5mm_closed_R10_single_refY,5.634261647488985,B3,B3,6.5,-13.319051577092544,13.319051577092544,Is
GP_Is_7.0mm_closed_R5_single_refY,7.314061379376771,B3,B3,6.9999976550000005,4.486626136973614,4.486626136973614,Is
GP_Is_7mm_closed_R10_single_refY,7.099306637144549,B3,B3,6.9999976550000005,1.4187002201866956,1.4187002201866956,Is
GP_Is_8.8mm_closed_R10_single_refY,10.679360720710497,B3,B3,8.799997158,21.3564110188602,21.3564110188602,Is
GP_Is_8.8mm_closed_R5_single_refY,8.76920106403698,B3,B3,8.799997158,-0.34995572623591964,0.34995572623591964,Is
GP_Is_9.79mm_closed_R10_single_refY,9.96131414831605,B3,B3,9.799996856,1.6460953476458018,1.6460953476458018,Is
GP_Ip_8.8mm_closed_R10_single_refY,8.851170981427963,B3,B3,8.799999952,0.5814889739440576,0.5814889739440576,Ip
