method,coverage,median_abs_error_pct,MAE_mm,mean_abs_error_pct,mean_signed_error_pct,within5_pct,within10_pct,p90_pct,p95_pct,max_pct,stratum
B0,39,4.980738446606654,0.6310721590553092,6.848065825239748,0.6222096746190007,51.28205128205128,74.35897435897436,14.829865553922517,20.219854095804195,23.685498698929642,
B0,8,5.237870529566441,0.7842803494131948,5.8057605855183425,-0.2466323723871766,50.0,87.5,10.313264231973218,11.398167194604039,12.483070157234863,IIa
B0,17,5.153272526019763,0.5410624455749807,7.715639006095877,1.7073764541807546,47.05882352941176,64.70588235294117,19.068776331316936,20.811955734379858,23.685498698929642,Ip
B0,14,4.336826520762055,0.6528221309340595,6.39018709975525,-0.1990116737024556,57.14285714285714,78.57142857142857,13.754371235387463,16.53635277869936,21.3564110188602,Is
B1,39,5.153272526019763,0.6371431786115502,6.870847880489809,0.5848279170743502,48.717948717948715,74.35897435897436,14.848320184805115,20.313502712101407,23.685498698929642,
B1,8,5.81682572320487,0.8162875454102406,5.9522326245525194,-0.3931044114213542,37.5,87.5,10.313264231973218,11.398167194604039,12.483070157234863,IIa
B1,17,5.153272526019763,0.5417086526260388,7.722337096515281,1.7097509491840144,47.05882352941176,64.70588235294117,19.11039793856014,20.895198948866266,23.685498698929642,Ip
B1,14,4.336826520762055,0.6506597505661339,6.361819692994473,-0.22233157706126758,57.14285714285714,78.57142857142857,13.770519037409736,16.55134716629147,21.3564110188602,Is
B2,39,4.980738446606654,0.6295218220953583,6.775943601585837,0.568369240620567,51.28205128205128,74.35897435897436,14.07939038809303,20.416479229740645,23.685498698929642,
B2,8,5.237870529566441,0.7794068287390917,5.777732363629055,-0.21860415049788928,50.0,87.5,10.249747787060338,11.260548230626132,12.271348674191929,IIa
B2,17,5.153272526019763,0.537716406912197,7.530680649081425,1.5321054134273817,47.05882352941176,64.70588235294117,16.8382594093837,20.98673363121226,23.685498698929642,Ip
B2,14,4.733682291790134,0.6553512510213494,6.429883608459353,-0.15218274572001889,57.14285714285714,78.57142857142857,13.773761344138592,16.55435787968255,21.3564110188602,Is
B3,39,4.980738446606654,0.6296804302717857,6.777076517058918,0.5672363251474876,51.28205128205128,74.35897435897436,14.07939038809303,20.416479229740645,23.685498698929642,
B3,8,5.237870529566441,0.7801800435991751,5.783255326560317,-0.22412711342915181,50.0,87.5,10.263002898095369,11.289267637868697,12.315532377642029,IIa
B3,17,5.153272526019763,0.537716406912197,7.530680649081425,1.5321054134273817,47.05882352941176,64.70588235294117,16.8382594093837,20.98673363121226,23.685498698929642,Ip
B3,14,4.733682291790134,0.6553512510213494,6.429883608459353,-0.15218274572001889,57.14285714285714,78.57142857142857,13.773761344138592,16.55435787968255,21.3564110188602,Is
