method,group,reference_mm,B0_prediction_mm,candidate_prediction_mm,B0_abs_error_pct,candidate_abs_error_pct,delta_abs_error_pct,direction
B1,GP_IIa_14.0mm_closed_R10_single_refY,14.0000009,12.252370965639487,12.252370965639487,12.483070157234863,12.483070157234863,0.0,unchanged
B1,GP_IIa_14.0mm_closed_R5_single_refY,14.0000009,15.313669621410678,15.313669621410678,9.383347406861086,9.383347406861086,0.0,unchanged
B1,GP_IIa_22.0mm_closed_R10_single_refY,22.0000017,20.961646643923565,20.961646643923565,4.719795344726876,4.719795344726876,0.0,unchanged
B1,GP_IIa_22.0mm_closed_R5_single_refY,22.0000017,20.938101208026623,20.68336090314124,4.8268200450792484,5.984730432356104,1.1579103872768552,worsened
B1,GP_IIa_4.5mm_closed_R10_single_refY,4.5000005,4.754201973877018,4.754201973877018,5.648921014053635,5.648921014053635,0.0,unchanged
B1,GP_IIa_5.2mm_closed_R10_single_refY,5.20000071,5.239914271159811,5.239914271159811,0.7675683790399037,0.7675683790399037,0.0,unchanged
B1,GP_IIa_9.5mm_closed_R10_single_refY,9.50000156,10.1114858854063,10.1114858854063,6.436676052570038,6.436676052570038,0.0,unchanged
B1,GP_IIa_9.5mm_closed_R5_single_refY,9.50000156,9.29291232895857,9.291595065867588,2.1798862845810882,2.1937522095776534,0.013865924996565138,worsened
B1,GP_Ip_10.3mm_closed_R5_single_refY,10.29999461,10.173558689432678,10.17348941530451,1.2275338517611385,1.2282064164642297,0.000672564703091183,worsened
B1,GP_Ip_12.0mm_closed_R10_single_refY,11.999998242,12.004148253784576,12.004148253784576,0.03458343660460746,0.03458343660460746,0.0,unchanged
B1,GP_Ip_12.0mm_closed_R5_single_refY,11.999998242,10.472465895459653,10.474083595715326,12.729438086032241,12.715957248593353,-0.013480837438887505,improved
B1,GP_Ip_2.9mm_closed_R10_single_refY,2.9,3.0843567311640814,3.0843567311640814,6.357128660830395,6.357128660830395,0.0,unchanged
B1,GP_Ip_2.9mm_closed_R5_single_refY,2.9,3.4331818361442985,3.4331818361442985,18.38558055669995,18.38558055669995,0.0,unchanged
B1,GP_Ip_20.0mm_closed_R10_single_refY,19.999996755,17.53255239693976,17.522640631793326,12.337223792015767,12.386782625788857,0.04955883377309078,worsened
B1,GP_Ip_4.0mm_closed_R10_single_refY,3.999999725,4.064036232968337,4.064036232968337,1.6009128092711788,1.6009128092711788,0.0,unchanged
B1,GP_Ip_4.0mm_closed_R5_single_refY,3.999999725,4.803742469472379,4.807904629910551,20.093569993242415,20.197624011350428,0.10405401810801251,worsened
B1,GP_Ip_4.7mm_closed_R5_single_refY,5.035549868,3.842854769530907,3.842854769530907,23.685498698929642,23.685498698929642,0.0,unchanged
B1,GP_Ip_5.6mm_closed_R10_single_refY,5.716958782000001,6.051050757684977,6.049510778095869,5.843875886194491,5.816938844179138,-0.026937042015353185,improved
B1,GP_Ip_6.2mm_closed_R10_single_refY,6.199999013999999,6.519501859801958,6.519501859801958,5.153272526019763,5.153272526019763,0.0,unchanged
B1,GP_Ip_6.2mm_closed_R5_single_refY,6.199999013999999,6.498003529691256,6.498003529691256,4.806525211025728,4.806525211025728,0.0,unchanged
B1,GP_Ip_6.4mm_closed_R10_single_refY,6.4490039370000005,6.736602709526147,6.736602709526147,4.459584384436486,4.459584384436486,0.0,unchanged
B1,GP_Ip_7.1mm_closed_R10_single_refY,7.099998649,8.00731521351408,8.00731521351408,12.779108974082282,12.779108974082282,0.0,unchanged
B1,GP_Ip_8.8mm_closed_R5_single_refY,8.799999952,8.712177966858627,8.712177966858627,0.9979771093227484,0.9979771093227484,0.0,unchanged
B1,GP_Ip_9.7mm_closed_R5_single_refY,9.699995629,9.691017298183755,9.69101729818376,0.09256015321699843,0.0925601532169435,-5.492828414332962e-14,improved
B1,GP_Is_10.5mm_closed_R10_single_refY,10.499999858,9.898249286757215,9.898249286757215,5.7309578988642444,5.7309578988642444,0.0,unchanged
B1,GP_Is_10.5mm_closed_R5_single_refY,10.499999858,11.16805397773378,11.16805397773378,6.362420273984921,6.362420273984921,0.0,unchanged
B1,GP_Is_14.0mm_closed_R10_single_refY,13.99999531,12.048264811377996,12.045035252055444,13.940936803228142,13.964005091831389,0.0230682886032465,worsened
B1,GP_Is_14.0mm_closed_R5_single_refY,13.99999531,13.623468178645387,13.63164428964477,2.689480410651737,2.631079598234731,-0.05840081241700634,improved
B1,GP_Is_18.0mm_closed_R10_single_refY,18.000001088,16.430803594071758,16.430803594071758,8.717763328216545,8.717763328216545,0.0,unchanged
B1,GP_Is_18.0mm_closed_R5_single_refY,18.000001088,17.75227685244178,17.75227685244178,1.3762456699148164,1.3762456699148164,0.0,unchanged
B1,GP_Is_4.8mm_closed_R10_single_refY,4.799998598,4.977258446781375,4.977258446781375,3.6929145949174553,3.6929145949174553,0.0,unchanged
B1,GP_Is_4.8mm_closed_R5_single_refY,4.799998598,5.039073973607167,5.039073973607167,4.980738446606654,4.980738446606654,0.0,unchanged
B1,GP_Is_6.5mm_closed_R10_single_refY,6.5,5.634261647488985,5.634261647488985,13.319051577092544,13.319051577092544,0.0,unchanged
B1,GP_Is_7.0mm_closed_R5_single_refY,6.9999976550000005,7.253029171311914,7.253982247860262,3.614737158249994,3.628352542073263,0.013615383823269323,worsened
B1,GP_Is_7mm_closed_R10_single_refY,6.9999976550000005,7.117941395436152,7.091661545413677,1.6849111421045446,1.3094845874441456,-0.375426554660399,improved
B1,GP_Is_8.8mm_closed_R10_single_refY,8.799997158,10.679360720710497,10.679360720710497,21.3564110188602,21.3564110188602,0.0,unchanged
B1,GP_Is_8.8mm_closed_R5_single_refY,8.799997158,8.76920106403698,8.76920106403698,0.34995572623591964,0.34995572623591964,0.0,unchanged
B1,GP_Is_9.79mm_closed_R10_single_refY,9.799996856,9.96131414831605,9.96131414831605,1.6460953476458018,1.6460953476458018,0.0,unchanged
B1,GP_Ip_8.8mm_closed_R10_single_refY,8.799999952,8.851170981427963,8.851170981427963,0.5814889739440576,0.5814889739440576,0.0,unchanged
B2,GP_IIa_14.0mm_closed_R10_single_refY,14.0000009,12.252370965639487,12.282011975170992,12.483070157234863,12.271348674191929,-0.21172148304293437,improved
B2,GP_IIa_14.0mm_closed_R5_single_refY,14.0000009,15.313669621410678,15.313669621410678,9.383347406861086,9.383347406861086,0.0,unchanged
B2,GP_IIa_22.0mm_closed_R10_single_refY,22.0000017,20.961646643923565,20.97600692121066,4.719795344726876,4.654521362102154,-0.0652739826247215,improved
B2,GP_IIa_22.0mm_closed_R5_single_refY,22.0000017,20.938101208026623,20.938101208026623,4.8268200450792484,4.8268200450792484,0.0,unchanged
B2,GP_IIa_4.5mm_closed_R10_single_refY,4.5000005,4.754201973877018,4.754201973877018,5.648921014053635,5.648921014053635,0.0,unchanged
B2,GP_IIa_5.2mm_closed_R10_single_refY,5.20000071,5.239914271159811,5.239914271159811,0.7675683790399037,0.7675683790399037,0.0,unchanged
B2,GP_IIa_9.5mm_closed_R10_single_refY,9.50000156,10.1114858854063,10.1114858854063,6.436676052570038,6.436676052570038,0.0,unchanged
B2,GP_IIa_9.5mm_closed_R5_single_refY,9.50000156,9.29291232895857,9.287899207532794,2.1798862845810882,2.2326559751344446,0.05276969055335634,worsened
B2,GP_Ip_10.3mm_closed_R5_single_refY,10.29999461,10.173558689432678,10.172037513707368,1.2275338517611385,1.2423025558518506,0.01476870409071207,worsened
B2,GP_Ip_12.0mm_closed_R10_single_refY,11.999998242,12.004148253784576,12.027546769441726,0.03458343660460746,0.2295710956465431,0.19498765904193563,worsened
B2,GP_Ip_12.0mm_closed_R5_single_refY,11.999998242,10.472465895459653,10.479877723469077,12.729438086032241,12.667672843571767,-0.06176524246047421,improved
B2,GP_Ip_2.9mm_closed_R10_single_refY,2.9,3.0843567311640814,3.0843567311640814,6.357128660830395,6.357128660830395,0.0,unchanged
B2,GP_Ip_2.9mm_closed_R5_single_refY,2.9,3.4331818361442985,3.321149719077409,18.38558055669995,14.52240410611755,-3.863176450582399,improved
B2,GP_Ip_20.0mm_closed_R10_single_refY,19.999996755,17.53255239693976,17.525004055828383,12.337223792015767,12.374965503696247,0.03774171168048035,worsened
B2,GP_Ip_4.0mm_closed_R10_single_refY,3.999999725,4.064036232968337,4.064036232968337,1.6009128092711788,1.6009128092711788,0.0,unchanged
B2,GP_Ip_4.0mm_closed_R5_single_refY,3.999999725,4.803742469472379,4.8124813637132,20.093569993242415,20.312042364282917,0.21847237104050166,worsened
B2,GP_Ip_4.7mm_closed_R5_single_refY,5.035549868,3.842854769530907,3.842854769530907,23.685498698929642,23.685498698929642,0.0,unchanged
B2,GP_Ip_5.6mm_closed_R10_single_refY,5.716958782000001,6.051050757684977,6.056740724879951,5.843875886194491,5.9434037542786395,0.09952786808414871,worsened
B2,GP_Ip_6.2mm_closed_R10_single_refY,6.199999013999999,6.519501859801958,6.519501859801958,5.153272526019763,5.153272526019763,0.0,unchanged
B2,GP_Ip_6.2mm_closed_R5_single_refY,6.199999013999999,6.498003529691256,6.506913857130096,4.806525211025728,4.950240192572011,0.1437149815462826,worsened
B2,GP_Ip_6.4mm_closed_R10_single_refY,6.4490039370000005,6.736602709526147,6.736602709526147,4.459584384436486,4.459584384436486,0.0,unchanged
B2,GP_Ip_7.1mm_closed_R10_single_refY,7.099998649,8.00731521351408,8.00731521351408,12.779108974082282,12.779108974082282,0.0,unchanged
B2,GP_Ip_8.8mm_closed_R5_single_refY,8.799999952,8.712177966858627,8.710464361199508,0.9979771093227484,1.0174499010098708,0.01947279168712235,worsened
B2,GP_Ip_9.7mm_closed_R5_single_refY,9.699995629,9.691017298183755,9.714014420597644,0.09256015321699843,0.14452368984304012,0.051963536626041695,worsened
B2,GP_Is_10.5mm_closed_R10_single_refY,10.499999858,9.898249286757215,9.898249286757215,5.7309578988642444,5.7309578988642444,0.0,unchanged
B2,GP_Is_10.5mm_closed_R5_single_refY,10.499999858,11.16805397773378,11.16805397773378,6.362420273984921,6.362420273984921,0.0,unchanged
B2,GP_Is_14.0mm_closed_R10_single_refY,13.99999531,12.048264811377996,12.044386790926907,13.940936803228142,13.968636958586897,0.027700155358754586,worsened
B2,GP_Is_14.0mm_closed_R5_single_refY,13.99999531,13.623468178645387,13.63433596764767,2.689480410651737,2.611853320344639,-0.07762709030709836,improved
B2,GP_Is_18.0mm_closed_R10_single_refY,18.000001088,16.430803594071758,16.430803594071758,8.717763328216545,8.717763328216545,0.0,unchanged
B2,GP_Is_18.0mm_closed_R5_single_refY,18.000001088,17.75227685244178,17.75227685244178,1.3762456699148164,1.3762456699148164,0.0,unchanged
B2,GP_Is_4.8mm_closed_R10_single_refY,4.799998598,4.977258446781375,4.977258446781375,3.6929145949174553,3.6929145949174553,0.0,unchanged
B2,GP_Is_4.8mm_closed_R5_single_refY,4.799998598,5.039073973607167,5.039073973607167,4.980738446606654,4.980738446606654,0.0,unchanged
B2,GP_Is_6.5mm_closed_R10_single_refY,6.5,5.634261647488985,5.634261647488985,13.319051577092544,13.319051577092544,0.0,unchanged
B2,GP_Is_7.0mm_closed_R5_single_refY,6.9999976550000005,7.253029171311914,7.314061379376771,3.614737158249994,4.486626136973614,0.8718889787236201,worsened
B2,GP_Is_7mm_closed_R10_single_refY,6.9999976550000005,7.117941395436152,7.099306637144549,1.6849111421045446,1.4187002201866956,-0.266210921917849,improved
B2,GP_Is_8.8mm_closed_R10_single_refY,8.799997158,10.679360720710497,10.679360720710497,21.3564110188602,21.3564110188602,0.0,unchanged
B2,GP_Is_8.8mm_closed_R5_single_refY,8.799997158,8.76920106403698,8.76920106403698,0.34995572623591964,0.34995572623591964,0.0,unchanged
B2,GP_Is_9.79mm_closed_R10_single_refY,9.799996856,9.96131414831605,9.96131414831605,1.6460953476458018,1.6460953476458018,0.0,unchanged
B2,GP_Ip_8.8mm_closed_R10_single_refY,8.799999952,8.851170981427963,8.851170981427963,0.5814889739440576,0.5814889739440576,0.0,unchanged
B3,GP_IIa_14.0mm_closed_R10_single_refY,14.0000009,12.252370965639487,12.275826256290324,12.483070157234863,12.315532377642029,-0.1675377795928341,improved
B3,GP_IIa_14.0mm_closed_R5_single_refY,14.0000009,15.313669621410678,15.313669621410678,9.383347406861086,9.383347406861086,0.0,unchanged
B3,GP_IIa_22.0mm_closed_R10_single_refY,22.0000017,20.961646643923565,20.97600692121066,4.719795344726876,4.654521362102154,-0.0652739826247215,improved
B3,GP_IIa_22.0mm_closed_R5_single_refY,22.0000017,20.938101208026623,20.938101208026623,4.8268200450792484,4.8268200450792484,0.0,unchanged
B3,GP_IIa_4.5mm_closed_R10_single_refY,4.5000005,4.754201973877018,4.754201973877018,5.648921014053635,5.648921014053635,0.0,unchanged
B3,GP_IIa_5.2mm_closed_R10_single_refY,5.20000071,5.239914271159811,5.239914271159811,0.7675683790399037,0.7675683790399037,0.0,unchanged
B3,GP_IIa_9.5mm_closed_R10_single_refY,9.50000156,10.1114858854063,10.1114858854063,6.436676052570038,6.436676052570038,0.0,unchanged
B3,GP_IIa_9.5mm_closed_R5_single_refY,9.50000156,9.29291232895857,9.287899207532794,2.1798862845810882,2.2326559751344446,0.05276969055335634,worsened
B3,GP_Ip_10.3mm_closed_R5_single_refY,10.29999461,10.173558689432678,10.172037513707368,1.2275338517611385,1.2423025558518506,0.01476870409071207,worsened
B3,GP_Ip_12.0mm_closed_R10_single_refY,11.999998242,12.004148253784576,12.027546769441726,0.03458343660460746,0.2295710956465431,0.19498765904193563,worsened
B3,GP_Ip_12.0mm_closed_R5_single_refY,11.999998242,10.472465895459653,10.479877723469077,12.729438086032241,12.667672843571767,-0.06176524246047421,improved
B3,GP_Ip_2.9mm_closed_R10_single_refY,2.9,3.0843567311640814,3.0843567311640814,6.357128660830395,6.357128660830395,0.0,unchanged
B3,GP_Ip_2.9mm_closed_R5_single_refY,2.9,3.4331818361442985,3.321149719077409,18.38558055669995,14.52240410611755,-3.863176450582399,improved
B3,GP_Ip_20.0mm_closed_R10_single_refY,19.999996755,17.53255239693976,17.525004055828383,12.337223792015767,12.374965503696247,0.03774171168048035,worsened
B3,GP_Ip_4.0mm_closed_R10_single_refY,3.999999725,4.064036232968337,4.064036232968337,1.6009128092711788,1.6009128092711788,0.0,unchanged
B3,GP_Ip_4.0mm_closed_R5_single_refY,3.999999725,4.803742469472379,4.8124813637132,20.093569993242415,20.312042364282917,0.21847237104050166,worsened
B3,GP_Ip_4.7mm_closed_R5_single_refY,5.035549868,3.842854769530907,3.842854769530907,23.685498698929642,23.685498698929642,0.0,unchanged
B3,GP_Ip_5.6mm_closed_R10_single_refY,5.716958782000001,6.051050757684977,6.056740724879951,5.843875886194491,5.9434037542786395,0.09952786808414871,worsened
B3,GP_Ip_6.2mm_closed_R10_single_refY,6.199999013999999,6.519501859801958,6.519501859801958,5.153272526019763,5.153272526019763,0.0,unchanged
B3,GP_Ip_6.2mm_closed_R5_single_refY,6.199999013999999,6.498003529691256,6.506913857130096,4.806525211025728,4.950240192572011,0.1437149815462826,worsened
B3,GP_Ip_6.4mm_closed_R10_single_refY,6.4490039370000005,6.736602709526147,6.736602709526147,4.459584384436486,4.459584384436486,0.0,unchanged
B3,GP_Ip_7.1mm_closed_R10_single_refY,7.099998649,8.00731521351408,8.00731521351408,12.779108974082282,12.779108974082282,0.0,unchanged
B3,GP_Ip_8.8mm_closed_R5_single_refY,8.799999952,8.712177966858627,8.710464361199508,0.9979771093227484,1.0174499010098708,0.01947279168712235,worsened
B3,GP_Ip_9.7mm_closed_R5_single_refY,9.699995629,9.691017298183755,9.714014420597644,0.09256015321699843,0.14452368984304012,0.051963536626041695,worsened
B3,GP_Is_10.5mm_closed_R10_single_refY,10.499999858,9.898249286757215,9.898249286757215,5.7309578988642444,5.7309578988642444,0.0,unchanged
B3,GP_Is_10.5mm_closed_R5_single_refY,10.499999858,11.16805397773378,11.16805397773378,6.362420273984921,6.362420273984921,0.0,unchanged
B3,GP_Is_14.0mm_closed_R10_single_refY,13.99999531,12.048264811377996,12.044386790926907,13.940936803228142,13.968636958586897,0.027700155358754586,worsened
B3,GP_Is_14.0mm_closed_R5_single_refY,13.99999531,13.623468178645387,13.63433596764767,2.689480410651737,2.611853320344639,-0.07762709030709836,improved
B3,GP_Is_18.0mm_closed_R10_single_refY,18.000001088,16.430803594071758,16.430803594071758,8.717763328216545,8.717763328216545,0.0,unchanged
B3,GP_Is_18.0mm_closed_R5_single_refY,18.000001088,17.75227685244178,17.75227685244178,1.3762456699148164,1.3762456699148164,0.0,unchanged
B3,GP_Is_4.8mm_closed_R10_single_refY,4.799998598,4.977258446781375,4.977258446781375,3.6929145949174553,3.6929145949174553,0.0,unchanged
B3,GP_Is_4.8mm_closed_R5_single_refY,4.799998598,5.039073973607167,5.039073973607167,4.980738446606654,4.980738446606654,0.0,unchanged
B3,GP_Is_6.5mm_closed_R10_single_refY,6.5,5.634261647488985,5.634261647488985,13.319051577092544,13.319051577092544,0.0,unchanged
B3,GP_Is_7.0mm_closed_R5_single_refY,6.9999976550000005,7.253029171311914,7.314061379376771,3.614737158249994,4.486626136973614,0.8718889787236201,worsened
B3,GP_Is_7mm_closed_R10_single_refY,6.9999976550000005,7.117941395436152,7.099306637144549,1.6849111421045446,1.4187002201866956,-0.266210921917849,improved
B3,GP_Is_8.8mm_closed_R10_single_refY,8.799997158,10.679360720710497,10.679360720710497,21.3564110188602,21.3564110188602,0.0,unchanged
B3,GP_Is_8.8mm_closed_R5_single_refY,8.799997158,8.76920106403698,8.76920106403698,0.34995572623591964,0.34995572623591964,0.0,unchanged
B3,GP_Is_9.79mm_closed_R10_single_refY,9.799996856,9.96131414831605,9.96131414831605,1.6460953476458018,1.6460953476458018,0.0,unchanged
B3,GP_Ip_8.8mm_closed_R10_single_refY,8.799999952,8.851170981427963,8.851170981427963,0.5814889739440576,0.5814889739440576,0.0,unchanged
