group,prediction_mm,geometry
GP_IIa_14.0mm_closed_R10_single_refY,11.318721135690057,G0_frozen_S7_V2
GP_IIa_14.0mm_closed_R5_single_refY,15.313669621410678,G0_frozen_S7_V2
GP_IIa_22.0mm_closed_R10_single_refY,20.764328515074926,G0_frozen_S7_V2
GP_IIa_22.0mm_closed_R5_single_refY,20.695650842255883,G0_frozen_S7_V2
GP_IIa_4.5mm_closed_R10_single_refY,4.778073047504965,G0_frozen_S7_V2
GP_IIa_5.2mm_closed_R10_single_refY,5.290359613325421,G0_frozen_S7_V2
GP_IIa_9.5mm_closed_R10_single_refY,10.1114858854063,G0_frozen_S7_V2
GP_IIa_9.5mm_closed_R5_single_refY,9.76267634740378,G0_frozen_S7_V2
GP_Ip_10.3mm_closed_R5_single_refY,10.18461688099722,G0_frozen_S7_V2
GP_Ip_12.0mm_closed_R10_single_refY,3.61181727465434,G0_frozen_S7_V2
GP_Ip_12.0mm_closed_R5_single_refY,10.328023162061598,G0_frozen_S7_V2
GP_Ip_2.9mm_closed_R10_single_refY,3.032726786689134,G0_frozen_S7_V2
GP_Ip_2.9mm_closed_R5_single_refY,3.0608364439682845,G0_frozen_S7_V2
GP_Ip_20.0mm_closed_R10_single_refY,17.62677395425497,G0_frozen_S7_V2
GP_Ip_4.0mm_closed_R10_single_refY,4.034563423566281,G0_frozen_S7_V2
GP_Ip_4.0mm_closed_R5_single_refY,3.8072770145540797,G0_frozen_S7_V2
GP_Ip_4.7mm_closed_R5_single_refY,3.842854769530907,G0_frozen_S7_V2
GP_Ip_5.6mm_closed_R10_single_refY,5.878877185585695,G0_frozen_S7_V2
GP_Ip_6.2mm_closed_R10_single_refY,6.519501859801958,G0_frozen_S7_V2
GP_Ip_6.2mm_closed_R5_single_refY,6.194248322189441,G0_frozen_S7_V2
GP_Ip_6.4mm_closed_R10_single_refY,6.736602709526147,G0_frozen_S7_V2
GP_Ip_7.1mm_closed_R10_single_refY,8.00731521351408,G0_frozen_S7_V2
GP_Ip_8.8mm_closed_R5_single_refY,8.52460806127263,G0_frozen_S7_V2
GP_Ip_9.7mm_closed_R5_single_refY,9.161515032980562,G0_frozen_S7_V2
GP_Is_10.5mm_closed_R10_single_refY,9.898249286757215,G0_frozen_S7_V2
GP_Is_10.5mm_closed_R5_single_refY,11.16805397773378,G0_frozen_S7_V2
GP_Is_14.0mm_closed_R10_single_refY,13.814520931383974,G0_frozen_S7_V2
GP_Is_14.0mm_closed_R5_single_refY,13.539501808685223,G0_frozen_S7_V2
GP_Is_18.0mm_closed_R10_single_refY,16.430803594071758,G0_frozen_S7_V2
GP_Is_18.0mm_closed_R5_single_refY,17.75227685244178,G0_frozen_S7_V2
GP_Is_4.8mm_closed_R10_single_refY,4.986647118120491,G0_frozen_S7_V2
GP_Is_4.8mm_closed_R5_single_refY,5.039073973607167,G0_frozen_S7_V2
GP_Is_6.5mm_closed_R10_single_refY,5.634261647488985,G0_frozen_S7_V2
GP_Is_7.0mm_closed_R5_single_refY,7.25645718129641,G0_frozen_S7_V2
GP_Is_7mm_closed_R10_single_refY,7.048663310985742,G0_frozen_S7_V2
GP_Is_8.8mm_closed_R10_single_refY,10.679360720710495,G0_frozen_S7_V2
GP_Is_8.8mm_closed_R5_single_refY,8.773842959661858,G0_frozen_S7_V2
GP_Is_9.79mm_closed_R10_single_refY,9.96131414831605,G0_frozen_S7_V2
GP_Ip_8.8mm_closed_R10_single_refY,8.851170981427963,G0_frozen_S7_V2
GP_IIa_14.0mm_closed_R10_single_refY,12.252370965639487,G3_occlusion_aware_amodal
GP_IIa_14.0mm_closed_R5_single_refY,15.313669621410678,G3_occlusion_aware_amodal
GP_IIa_22.0mm_closed_R10_single_refY,20.961646643923565,G3_occlusion_aware_amodal
GP_IIa_22.0mm_closed_R5_single_refY,20.938101208026623,G3_occlusion_aware_amodal
GP_IIa_4.5mm_closed_R10_single_refY,4.754201973877018,G3_occlusion_aware_amodal
GP_IIa_5.2mm_closed_R10_single_refY,5.239914271159811,G3_occlusion_aware_amodal
GP_IIa_9.5mm_closed_R10_single_refY,10.1114858854063,G3_occlusion_aware_amodal
GP_IIa_9.5mm_closed_R5_single_refY,9.29291232895857,G3_occlusion_aware_amodal
GP_Ip_10.3mm_closed_R5_single_refY,10.173558689432678,G3_occlusion_aware_amodal
GP_Ip_12.0mm_closed_R10_single_refY,12.004148253784576,G3_occlusion_aware_amodal
GP_Ip_12.0mm_closed_R5_single_refY,10.472465895459653,G3_occlusion_aware_amodal
GP_Ip_2.9mm_closed_R10_single_refY,3.0843567311640814,G3_occlusion_aware_amodal
GP_Ip_2.9mm_closed_R5_single_refY,3.4331818361442985,G3_occlusion_aware_amodal
GP_Ip_20.0mm_closed_R10_single_refY,17.53255239693976,G3_occlusion_aware_amodal
GP_Ip_4.0mm_closed_R10_single_refY,4.064036232968337,G3_occlusion_aware_amodal
GP_Ip_4.0mm_closed_R5_single_refY,4.803742469472379,G3_occlusion_aware_amodal
GP_Ip_4.7mm_closed_R5_single_refY,3.842854769530907,G3_occlusion_aware_amodal
GP_Ip_5.6mm_closed_R10_single_refY,6.051050757684977,G3_occlusion_aware_amodal
GP_Ip_6.2mm_closed_R10_single_refY,6.519501859801958,G3_occlusion_aware_amodal
GP_Ip_6.2mm_closed_R5_single_refY,6.498003529691256,G3_occlusion_aware_amodal
GP_Ip_6.4mm_closed_R10_single_refY,6.736602709526147,G3_occlusion_aware_amodal
GP_Ip_7.1mm_closed_R10_single_refY,8.00731521351408,G3_occlusion_aware_amodal
GP_Ip_8.8mm_closed_R5_single_refY,8.712177966858627,G3_occlusion_aware_amodal
GP_Ip_9.7mm_closed_R5_single_refY,9.691017298183755,G3_occlusion_aware_amodal
GP_Is_10.5mm_closed_R10_single_refY,9.898249286757215,G3_occlusion_aware_amodal
GP_Is_10.5mm_closed_R5_single_refY,11.16805397773378,G3_occlusion_aware_amodal
GP_Is_14.0mm_closed_R10_single_refY,12.048264811377997,G3_occlusion_aware_amodal
GP_Is_14.0mm_closed_R5_single_refY,13.623468178645389,G3_occlusion_aware_amodal
GP_Is_18.0mm_closed_R10_single_refY,16.430803594071758,G3_occlusion_aware_amodal
GP_Is_18.0mm_closed_R5_single_refY,17.75227685244178,G3_occlusion_aware_amodal
GP_Is_4.8mm_closed_R10_single_refY,4.977258446781375,G3_occlusion_aware_amodal
GP_Is_4.8mm_closed_R5_single_refY,5.039073973607167,G3_occlusion_aware_amodal
GP_Is_6.5mm_closed_R10_single_refY,5.634261647488985,G3_occlusion_aware_amodal
GP_Is_7.0mm_closed_R5_single_refY,7.253029171311914,G3_occlusion_aware_amodal
GP_Is_7mm_closed_R10_single_refY,7.117941395436152,G3_occlusion_aware_amodal
GP_Is_8.8mm_closed_R10_single_refY,10.679360720710495,G3_occlusion_aware_amodal
GP_Is_8.8mm_closed_R5_single_refY,8.76920106403698,G3_occlusion_aware_amodal
GP_Is_9.79mm_closed_R10_single_refY,9.96131414831605,G3_occlusion_aware_amodal
GP_Ip_8.8mm_closed_R10_single_refY,8.851170981427963,G3_occlusion_aware_amodal
