geometry,stem,group,capture,bin,frame_index,ring_px,ring_mm,valid,L_px,Dxy_i_mm,fit_reason,fit_shape,residual,angular_coverage,edge_inlier_fraction,supported_arc_count,supported_arc_length_fraction,supported_arc_ids,uncertain_inlier_fraction,C_diag,P_diag,trusted_arc_count,trusted_point_count,uncertain_point_count,cut_point_count,small_fit_failure,ellipse_cx,ellipse_cy,ellipse_major_diameter_px,ellipse_minor_diameter_px,ellipse_angle_deg,ellipse_axis_ratio
G0_frozen_S7_V2,GP_IIa_14.0mm_closed_R10_single_refY_004-raw01-01,GP_IIa_14.0mm_closed_R10_single_refY,GP_IIa_14.0mm_closed_R10_single_refY_004,1,53,216.1426696777344,10.0,True,309.20584106445364,14.305636250605911,frozen_S7_V2,ellipse,,,,,,,,,,4,644,0,548,False,190.82969665527344,158.54530334472656,309.2058410644531,170.89755249023438,104.26873779296876,
G0_frozen_S7_V2,GP_IIa_14.0mm_closed_R10_single_refY_004-raw02-17,GP_IIa_14.0mm_closed_R10_single_refY,GP_IIa_14.0mm_closed_R10_single_refY_004,2,373,227.06301879882807,10.0,True,504.7066343597312,22.227601704128144,frozen_S7_V2,circle,,,,,,,,,,4,644,0,534,False,211.6083250114208,1.711866273922709,504.70663435973074,504.70663435973074,0.0,
G0_frozen_S7_V2,GP_IIa_14.0mm_closed_R10_single_refY_004-raw03-02,GP_IIa_14.0mm_closed_R10_single_refY,GP_IIa_14.0mm_closed_R10_single_refY_004,3,445,236.00230407714844,10.0,True,101.24427795410172,4.289969894573795,frozen_S7_V2,ellipse,,,,,,,,,,6,665,0,529,False,77.61238861083984,193.4161071777344,101.24427795410156,41.28479766845703,137.29391479492188,
G0_frozen_S7_V2,GP_IIa_14.0mm_closed_R10_single_refY_004-raw04-11,GP_IIa_14.0mm_closed_R10_single_refY,GP_IIa_14.0mm_closed_R10_single_refY_004,4,709,256.7765197753906,10.0,True,482.99823051470594,18.810062187040995,frozen_S7_V2,circle,,,,,,,,,,5,754,0,594,False,209.74483349175745,62.14476771053323,482.99823051470537,482.99823051470537,0.0,
G0_frozen_S7_V2,GP_IIa_14.0mm_closed_R10_single_refY_004-raw05-14,GP_IIa_14.0mm_closed_R10_single_refY,GP_IIa_14.0mm_closed_R10_single_refY_004,5,927,297.1871643066406,10.0,True,566.1057358243272,19.048794962093776,frozen_S7_V2,circle,,,,,,,,,,5,879,0,666,False,231.44381004369103,73.17499394592882,566.1057358243262,566.1057358243262,0.0,
G0_frozen_S7_V2,GP_IIa_14.0mm_closed_R10_single_refY_005-raw01-16,GP_IIa_14.0mm_closed_R10_single_refY,GP_IIa_14.0mm_closed_R10_single_refY_005,1,155,233.70021057128903,10.0,True,88.49064636230476,3.7865026371172714,frozen_S7_V2,ellipse,,,,,,,,,,4,713,2,686,False,103.0009765625,259.5065002441406,88.49064636230469,36.8764877319336,127.48507690429688,
G0_frozen_S7_V2,GP_IIa_14.0mm_closed_R10_single_refY_005-raw02-23,GP_IIa_14.0mm_closed_R10_single_refY,GP_IIa_14.0mm_closed_R10_single_refY_005,2,377,232.48146057128903,10.0,True,393.0165690769501,16.905286473646957,frozen_S7_V2,circle,,,,,,,,,,6,718,0,534,False,181.46181496910967,124.45332929100653,393.0165690769498,393.0165690769498,0.0,
G0_frozen_S7_V2,GP_IIa_14.0mm_closed_R10_single_refY_005-raw03-04,GP_IIa_14.0mm_closed_R10_single_refY,GP_IIa_14.0mm_closed_R10_single_refY_005,3,413,238.28582763671875,10.0,True,61.45009613037114,2.5788397379661014,frozen_S7_V2,ellipse,,,,,,,,,,2,750,0,568,False,100.37413787841795,289.7621459960937,61.45009613037109,32.538204193115234,121.2325210571289,
G0_frozen_S7_V2,GP_IIa_14.0mm_closed_R10_single_refY_005-raw04-20,GP_IIa_14.0mm_closed_R10_single_refY,GP_IIa_14.0mm_closed_R10_single_refY_005,4,699,262.50390625,10.0,True,566.7159423828132,21.588857494680166,frozen_S7_V2,ellipse,,,,,,,,,,5,806,0,606,False,278.9107666015625,126.89314270019533,566.7159423828125,359.127197265625,46.096771240234375,
G0_frozen_S7_V2,GP_IIa_14.0mm_closed_R10_single_refY_005-raw05-04,GP_IIa_14.0mm_closed_R10_single_refY,GP_IIa_14.0mm_closed_R10_single_refY_005,5,757,273.0774230957031,10.0,True,272.561398665067,9.98110336530987,frozen_S7_V2,circle,,,,,,,,,,8,859,0,660,False,176.0145347338651,246.49715399689072,272.5613986650665,272.5613986650665,0.0,
G0_frozen_S7_V2,GP_IIa_14.0mm_closed_R5_single_refY_004-raw01-11,GP_IIa_14.0mm_closed_R5_single_refY,GP_IIa_14.0mm_closed_R5_single_refY_004,1,142,114.76056671142578,5.0,True,449.0370483398441,19.56408290789388,frozen_S7_V2,ellipse,,,,,,,,,,4,715,274,116,False,170.3719482421875,133.21673583984375,449.03704833984375,226.48849487304688,113.85681915283205,
G0_frozen_S7_V2,GP_IIa_14.0mm_closed_R5_single_refY_004-raw02-18,GP_IIa_14.0mm_closed_R5_single_refY,GP_IIa_14.0mm_closed_R5_single_refY_004,2,407,110.65530395507812,5.0,True,398.5276794433601,18.007617583570475,frozen_S7_V2,ellipse,,,,,,,,,,1,672,518,0,False,237.567123413086,178.74557495117188,398.5276794433594,211.8749084472656,80.68721008300781,
G0_frozen_S7_V2,GP_IIa_14.0mm_closed_R5_single_refY_004-raw03-16,GP_IIa_14.0mm_closed_R5_single_refY,GP_IIa_14.0mm_closed_R5_single_refY_004,3,595,116.0587921142578,5.0,True,580.6472287093219,25.015219361308066,frozen_S7_V2,circle,,,,,,,,,,2,696,511,0,False,144.54095626857122,27.71481960097364,580.6472287093206,580.6472287093206,0.0,
G0_frozen_S7_V2,GP_IIa_14.0mm_closed_R5_single_refY_004-raw04-16,GP_IIa_14.0mm_closed_R5_single_refY,GP_IIa_14.0mm_closed_R5_single_refY_004,4,800,138.7677764892578,5.0,True,420.78741455078136,15.161567951741125,frozen_S7_V2,ellipse,,,,,,,,,,4,968,460,112,False,223.9294891357422,230.6964111328125,420.7874145507813,300.8614501953125,44.93778610229492,
G0_frozen_S7_V2,GP_IIa_14.0mm_closed_R5_single_refY_004-raw05-14,GP_IIa_14.0mm_closed_R5_single_refY,GP_IIa_14.0mm_closed_R5_single_refY_004,5,990,135.64784240722656,5.0,True,423.34213256836017,15.60445507483453,frozen_S7_V2,ellipse,,,,,,,,,,3,944,565,0,False,242.5739898681641,200.97149658203125,423.3421325683594,290.8819580078125,63.62536239624024,
G0_frozen_S7_V2,GP_IIa_14.0mm_closed_R5_single_refY_005-raw01-09,GP_IIa_14.0mm_closed_R5_single_refY,GP_IIa_14.0mm_closed_R5_single_refY_005,1,117,116.111328125,5.0,True,288.4215123340006,12.420041911134613,frozen_S7_V2,circle,,,,,,,,,,3,875,154,431,False,220.1793647927313,198.9015786218261,288.42151233400006,288.42151233400006,0.0,
G0_frozen_S7_V2,GP_IIa_14.0mm_closed_R5_single_refY_005-raw02-11,GP_IIa_14.0mm_closed_R5_single_refY,GP_IIa_14.0mm_closed_R5_single_refY_005,2,326,109.9199676513672,5.0,True,327.6607666015628,14.904515239706189,frozen_S7_V2,ellipse,,,,,,,,,,4,768,337,219,False,185.96446228027344,171.3629608154297,327.6607666015625,269.49560546875,121.54198455810548,
G0_frozen_S7_V2,GP_IIa_14.0mm_closed_R5_single_refY_005-raw03-20,GP_IIa_14.0mm_closed_R5_single_refY,GP_IIa_14.0mm_closed_R5_single_refY_005,3,592,106.94412231445312,5.0,True,274.0683312472296,12.813622914281014,frozen_S7_V2,circle,,,,,,,,,,1,845,0,0,False,210.4886353401604,177.8578247909373,274.06833124722925,274.06833124722925,0.0,
G0_frozen_S7_V2,GP_IIa_14.0mm_closed_R5_single_refY_005-raw04-08,GP_IIa_14.0mm_closed_R5_single_refY,GP_IIa_14.0mm_closed_R5_single_refY_005,4,688,110.79039764404295,5.0,True,331.83204102438407,14.975667931553192,frozen_S7_V2,circle,,,,,,,,,,4,813,118,509,False,184.87785970856245,152.8235858752688,331.832041024384,331.832041024384,0.0,
G0_frozen_S7_V2,GP_IIa_14.0mm_closed_R5_single_refY_005-raw05-24,GP_IIa_14.0mm_closed_R5_single_refY,GP_IIa_14.0mm_closed_R5_single_refY_005,5,1011,119.56922912597656,5.0,True,343.9058227539065,14.381033701888796,frozen_S7_V2,ellipse,,,,,,,,,,7,834,62,534,False,198.35264587402344,200.7844390869141,343.90582275390625,285.3764343261719,44.30802536010742,
G0_frozen_S7_V2,GP_IIa_22.0mm_closed_R10_single_refY_005-raw01-20,GP_IIa_22.0mm_closed_R10_single_refY,GP_IIa_22.0mm_closed_R10_single_refY_005,1,231,186.12355041503903,10.0,True,434.5553894042977,23.347684290100723,frozen_S7_V2,ellipse,,,,,,,,,,2,906,6,515,False,253.5502319335937,188.0223846435547,434.5553894042969,208.24913024902344,101.14166259765624,
G0_frozen_S7_V2,GP_IIa_22.0mm_closed_R10_single_refY_005-raw02-06,GP_IIa_22.0mm_closed_R10_single_refY,GP_IIa_22.0mm_closed_R10_single_refY_005,2,321,184.33563232421875,10.0,True,423.026824951172,22.94872779708327,frozen_S7_V2,ellipse,,,,,,,,,,3,892,2,539,False,248.8396453857422,186.62747192382807,423.0268249511719,217.9941253662109,96.96746826171876,
G0_frozen_S7_V2,GP_IIa_22.0mm_closed_R10_single_refY_005-raw03-19,GP_IIa_22.0mm_closed_R10_single_refY,GP_IIa_22.0mm_closed_R10_single_refY_005,3,654,198.9358062744141,10.0,True,450.5892639160162,22.649983045006422,frozen_S7_V2,ellipse,,,,,,,,,,3,957,1,593,False,265.5355834960937,198.6234130859375,450.5892639160156,245.4815826416016,87.68899536132812,
G0_frozen_S7_V2,GP_IIa_22.0mm_closed_R10_single_refY_005-raw04-05,GP_IIa_22.0mm_closed_R10_single_refY,GP_IIa_22.0mm_closed_R10_single_refY_005,4,744,199.9667053222656,10.0,True,450.7935180664069,22.543428784302353,frozen_S7_V2,ellipse,,,,,,,,,,4,960,0,596,False,266.8861083984375,199.68414306640625,450.7935180664063,247.3045959472656,84.63166046142578,
G0_frozen_S7_V2,GP_IIa_22.0mm_closed_R10_single_refY_005-raw05-01,GP_IIa_22.0mm_closed_R10_single_refY,GP_IIa_22.0mm_closed_R10_single_refY_005,5,924,223.5740661621093,10.0,True,497.6199645996104,22.25749941134924,frozen_S7_V2,ellipse,,,,,,,,,,3,1071,3,645,False,286.7738647460937,219.80953979492188,497.6199645996094,274.21875,77.1830062866211,
G0_frozen_S7_V2,GP_IIa_22.0mm_closed_R10_single_refY_006-raw01-09,GP_IIa_22.0mm_closed_R10_single_refY,GP_IIa_22.0mm_closed_R10_single_refY_006,1,86,226.8495483398437,10.0,True,475.3591918945312,20.95482205599963,frozen_S7_V2,ellipse,,,,,,,,,,2,1111,3,946,False,274.2278137207031,224.26422119140625,475.3591918945313,346.1455383300781,105.85639190673828,
G0_frozen_S7_V2,GP_IIa_22.0mm_closed_R10_single_refY_006-raw02-15,GP_IIa_22.0mm_closed_R10_single_refY,GP_IIa_22.0mm_closed_R10_single_refY_006,2,264,230.0719146728516,10.0,True,477.7288818359378,20.764328515074926,frozen_S7_V2,ellipse,,,,,,,,,,3,1136,4,1011,False,279.32763671875,227.60948181152344,477.7288818359375,365.2702026367188,96.7465362548828,
G0_frozen_S7_V2,GP_IIa_22.0mm_closed_R10_single_refY_006-raw03-18,GP_IIa_22.0mm_closed_R10_single_refY,GP_IIa_22.0mm_closed_R10_single_refY_006,3,424,225.2893218994141,10.0,True,473.602478027344,21.02196739882751,frozen_S7_V2,ellipse,,,,,,,,,,6,1121,4,1042,False,275.318603515625,228.1327209472656,473.60247802734375,365.7374267578125,78.34028625488281,
G0_frozen_S7_V2,GP_IIa_22.0mm_closed_R10_single_refY_006-raw04-23,GP_IIa_22.0mm_closed_R10_single_refY,GP_IIa_22.0mm_closed_R10_single_refY_006,4,595,239.19583129882807,10.0,True,492.5685729980469,20.592690529906413,frozen_S7_V2,ellipse,,,,,,,,,,3,1194,5,1223,False,279.1468811035156,253.23580932617188,492.5685729980469,403.63970947265625,64.8708724975586,
G0_frozen_S7_V2,GP_IIa_22.0mm_closed_R10_single_refY_006-raw05-20,GP_IIa_22.0mm_closed_R10_single_refY,GP_IIa_22.0mm_closed_R10_single_refY_006,5,723,251.070068359375,10.0,True,514.2916870117194,20.483990400463668,frozen_S7_V2,ellipse,,,,,,,,,,13,1175,58,1230,False,288.9232177734375,204.65548706054688,514.2916870117188,426.7052917480469,60.9092903137207,
G0_frozen_S7_V2,GP_IIa_22.0mm_closed_R5_single_refY_004-raw01-08,GP_IIa_22.0mm_closed_R5_single_refY,GP_IIa_22.0mm_closed_R5_single_refY_004,1,129,104.93380737304688,5.0,True,468.2661743164065,22.31245515812116,frozen_S7_V2,ellipse,,,,,,,,,,3,1043,105,350,False,266.83941650390625,198.67214965820312,468.2661743164063,289.4438171386719,109.18988800048828,
G0_frozen_S7_V2,GP_IIa_22.0mm_closed_R5_single_refY_004-raw02-01,GP_IIa_22.0mm_closed_R5_single_refY,GP_IIa_22.0mm_closed_R5_single_refY_004,2,290,109.19932556152344,5.0,True,495.2263183593751,22.675337773966476,frozen_S7_V2,ellipse,,,,,,,,,,5,965,333,197,False,286.267333984375,203.46109008789065,495.226318359375,288.285400390625,99.47235870361328,
G0_frozen_S7_V2,GP_IIa_22.0mm_closed_R5_single_refY_004-raw03-04,GP_IIa_22.0mm_closed_R5_single_refY,GP_IIa_22.0mm_closed_R5_single_refY_004,3,545,118.00830841064452,5.0,True,529.9924316406251,22.455725311999263,frozen_S7_V2,ellipse,,,,,,,,,,13,1120,272,233,False,306.2277526855469,220.06124877929688,529.992431640625,315.60662841796875,91.07122039794922,
G0_frozen_S7_V2,GP_IIa_22.0mm_closed_R5_single_refY_004-raw04-19,GP_IIa_22.0mm_closed_R5_single_refY,GP_IIa_22.0mm_closed_R5_single_refY_004,4,914,124.1602554321289,5.0,True,524.1352539062507,21.10720745870101,frozen_S7_V2,ellipse,,,,,,,,,,1,1303,0,0,False,301.9613342285156,245.71707153320312,524.13525390625,384.7473754882813,78.31468200683594,
G0_frozen_S7_V2,GP_IIa_22.0mm_closed_R5_single_refY_004-raw05-15,GP_IIa_22.0mm_closed_R5_single_refY,GP_IIa_22.0mm_closed_R5_single_refY_004,5,1103,120.01179504394533,5.0,True,511.0504455566413,21.291675762765962,frozen_S7_V2,ellipse,,,,,,,,,,1,1258,0,0,False,284.9861145019531,235.8754730224609,511.0504455566406,366.92913818359375,66.62337493896484,
G0_frozen_S7_V2,GP_IIa_22.0mm_closed_R5_single_refY_005-raw01-11,GP_IIa_22.0mm_closed_R5_single_refY,GP_IIa_22.0mm_closed_R5_single_refY_005,1,85,112.6552276611328,5.0,True,464.4759216308603,20.614929785060884,frozen_S7_V2,ellipse,,,,,,,,,,1,1169,4,0,False,275.44317626953125,224.91444396972656,464.4759216308594,357.0152282714844,90.6830062866211,
G0_frozen_S7_V2,GP_IIa_22.0mm_closed_R5_single_refY_005-raw02-22,GP_IIa_22.0mm_closed_R5_single_refY,GP_IIa_22.0mm_closed_R5_single_refY_005,2,263,108.5654296875,5.0,True,442.2328796386725,20.367113219724597,frozen_S7_V2,ellipse,,,,,,,,,,1,1113,5,0,False,256.7517395019531,223.37332153320312,442.2328796386719,343.3723449707031,99.15612030029295,
G0_frozen_S7_V2,GP_IIa_22.0mm_closed_R5_single_refY_005-raw03-11,GP_IIa_22.0mm_closed_R5_single_refY,GP_IIa_22.0mm_closed_R5_single_refY_005,3,329,107.6265869140625,5.0,True,437.3185424804688,20.316473606547525,frozen_S7_V2,ellipse,,,,,,,,,,1,1123,0,0,False,256.3499755859375,216.4293212890625,437.3185424804688,350.8724670410156,96.22600555419922,
G0_frozen_S7_V2,GP_IIa_22.0mm_closed_R5_single_refY_005-raw04-13,GP_IIa_22.0mm_closed_R5_single_refY,GP_IIa_22.0mm_closed_R5_single_refY_005,4,461,110.12163543701172,5.0,True,447.5188293457035,20.319296365775415,frozen_S7_V2,ellipse,,,,,,,,,,1,1160,0,0,False,263.4126281738281,226.07179260253903,447.5188293457031,369.80120849609375,90.61782836914062,
G0_frozen_S7_V2,GP_IIa_22.0mm_closed_R5_single_refY_005-raw05-01,GP_IIa_22.0mm_closed_R5_single_refY,GP_IIa_22.0mm_closed_R5_single_refY_005,5,522,107.92416381835938,5.0,True,439.528686523438,20.36284882703294,frozen_S7_V2,ellipse,,,,,,,,,,1,1152,0,0,False,258.5114440917969,227.7190856933593,439.5286865234375,372.7926635742188,88.50297546386719,
G0_frozen_S7_V2,GP_IIa_4.5mm_closed_R10_single_refY_004-raw01-11,GP_IIa_4.5mm_closed_R10_single_refY,GP_IIa_4.5mm_closed_R10_single_refY_004,1,131,239.62838745117188,10.0,True,112.86242675781264,4.709893846813545,frozen_S7_V2,ellipse,,,,,,,,,,1,277,0,0,False,209.43844604492188,169.8121795654297,112.8624267578125,81.27542877197266,100.71942138671876,
G0_frozen_S7_V2,GP_IIa_4.5mm_closed_R10_single_refY_004-raw02-08,GP_IIa_4.5mm_closed_R10_single_refY,GP_IIa_4.5mm_closed_R10_single_refY_004,2,297,225.74468994140625,10.0,True,109.06516265869143,4.831350083450473,frozen_S7_V2,ellipse,,,,,,,,,,1,264,0,0,False,195.1847381591797,163.25148010253906,109.0651626586914,76.35193634033203,101.5990753173828,
G0_frozen_S7_V2,GP_IIa_4.5mm_closed_R10_single_refY_004-raw03-18,GP_IIa_4.5mm_closed_R10_single_refY,GP_IIa_4.5mm_closed_R10_single_refY_004,3,567,240.9759826660156,10.0,True,113.903564453125,4.726760036123244,frozen_S7_V2,ellipse,,,,,,,,,,1,282,0,0,False,206.9425048828125,170.87527465820312,113.903564453125,82.52117919921875,94.84133911132812,
G0_frozen_S7_V2,GP_IIa_4.5mm_closed_R10_single_refY_004-raw04-04,GP_IIa_4.5mm_closed_R10_single_refY,GP_IIa_4.5mm_closed_R10_single_refY_004,4,646,242.3861083984375,10.0,True,113.96806335449229,4.701922239171812,frozen_S7_V2,ellipse,,,,,,,,,,1,284,0,0,False,207.64659118652344,174.47305297851562,113.9680633544922,83.74305725097656,88.06157684326172,
G0_frozen_S7_V2,GP_IIa_4.5mm_closed_R10_single_refY_004-raw05-05,GP_IIa_4.5mm_closed_R10_single_refY,GP_IIa_4.5mm_closed_R10_single_refY_004,5,844,235.0023803710937,10.0,True,110.51088714599628,4.702543309199161,frozen_S7_V2,ellipse,,,,,,,,,,1,284,0,0,False,196.8685607910156,177.10897827148438,110.5108871459961,88.29593658447266,75.57264709472656,
G0_frozen_S7_V2,GP_IIa_4.5mm_closed_R10_single_refY_005-raw01-14,GP_IIa_4.5mm_closed_R10_single_refY,GP_IIa_4.5mm_closed_R10_single_refY_005,1,99,306.81011962890625,10.0,True,143.54705810546895,4.678693723632465,frozen_S7_V2,ellipse,,,,,,,,,,1,365,0,0,False,258.7684631347656,214.5553436279297,143.54705810546875,111.1323471069336,98.50328063964844,
G0_frozen_S7_V2,GP_IIa_4.5mm_closed_R10_single_refY_005-raw02-24,GP_IIa_4.5mm_closed_R10_single_refY,GP_IIa_4.5mm_closed_R10_single_refY_005,2,272,317.6537475585937,10.0,True,148.56524658203145,4.676955575807505,frozen_S7_V2,ellipse,,,,,,,,,,1,380,0,0,False,267.2269592285156,215.7674255371093,148.56524658203125,113.361328125,93.48193359375,
G0_frozen_S7_V2,GP_IIa_4.5mm_closed_R10_single_refY_005-raw03-19,GP_IIa_4.5mm_closed_R10_single_refY,GP_IIa_4.5mm_closed_R10_single_refY_005,3,369,324.2088317871094,10.0,True,155.88507080078145,4.8081685480777665,frozen_S7_V2,ellipse,,,,,,,,,,1,382,0,0,False,273.9556579589844,214.5114288330078,155.88507080078125,109.26284790039062,89.1075668334961,
G0_frozen_S7_V2,GP_IIa_4.5mm_closed_R10_single_refY_005-raw04-05,GP_IIa_4.5mm_closed_R10_single_refY,GP_IIa_4.5mm_closed_R10_single_refY_005,4,419,328.9477844238281,10.0,True,159.8437500000001,4.859243854764855,frozen_S7_V2,ellipse,,,,,,,,,,1,392,0,0,False,273.99786376953125,216.4315643310547,159.84375,113.20368194580078,91.47675323486328,
G0_frozen_S7_V2,GP_IIa_4.5mm_closed_R10_single_refY_005-raw05-21,GP_IIa_4.5mm_closed_R10_single_refY,GP_IIa_4.5mm_closed_R10_single_refY_005,5,625,343.1153564453125,10.0,True,163.94302368164068,4.778073047504965,frozen_S7_V2,ellipse,,,,,,,,,,1,417,0,0,False,275.3472595214844,228.76007080078125,163.94302368164062,124.32838439941406,87.02754974365234,
G0_frozen_S7_V2,GP_IIa_5.2mm_closed_R10_single_refY_001-raw01-23,GP_IIa_5.2mm_closed_R10_single_refY,GP_IIa_5.2mm_closed_R10_single_refY_001,1,187,267.3274230957031,10.0,True,128.8982390447113,4.821736488985859,frozen_S7_V2,circle,,,,,,,,,,1,367,0,0,False,221.93656567081592,196.9948269123964,128.89823904471098,128.89823904471098,0.0,
G0_frozen_S7_V2,GP_IIa_5.2mm_closed_R10_single_refY_001-raw02-19,GP_IIa_5.2mm_closed_R10_single_refY,GP_IIa_5.2mm_closed_R10_single_refY_001,2,318,241.021240234375,10.0,True,122.0111975832733,5.062259138017321,frozen_S7_V2,circle,,,,,,,,,,1,351,0,0,False,209.89979180921904,188.7378803023794,122.01119758327305,122.01119758327305,0.0,
G0_frozen_S7_V2,GP_IIa_5.2mm_closed_R10_single_refY_001-raw03-09,GP_IIa_5.2mm_closed_R10_single_refY,GP_IIa_5.2mm_closed_R10_single_refY_001,3,409,241.86477661132807,10.0,True,120.71222888461976,4.99089741697287,frozen_S7_V2,circle,,,,,,,,,,1,345,0,0,False,215.8951459919123,187.7827983351937,120.7122288846196,120.7122288846196,0.0,
G0_frozen_S7_V2,GP_IIa_5.2mm_closed_R10_single_refY_001-raw04-17,GP_IIa_5.2mm_closed_R10_single_refY,GP_IIa_5.2mm_closed_R10_single_refY_001,4,619,239.1234436035156,10.0,True,123.53074160508372,5.1659820443999145,frozen_S7_V2,circle,,,,,,,,,,1,358,0,0,False,208.340145958192,187.9520227031273,123.53074160508346,123.53074160508346,0.0,
G0_frozen_S7_V2,GP_IIa_5.2mm_closed_R10_single_refY_001-raw05-15,GP_IIa_5.2mm_closed_R10_single_refY,GP_IIa_5.2mm_closed_R10_single_refY_001,5,764,224.7654724121093,10.0,True,114.95846496234094,5.11459628245586,frozen_S7_V2,circle,,,,,,,,,,1,326,0,0,False,200.23865935496235,186.2568988014885,114.95846496234071,114.95846496234071,0.0,
G0_frozen_S7_V2,GP_IIa_5.2mm_closed_R10_single_refY_004-raw01-12,GP_IIa_5.2mm_closed_R10_single_refY,GP_IIa_5.2mm_closed_R10_single_refY_004,1,136,355.09344482421875,10.0,True,186.43981933593773,5.250443849455759,frozen_S7_V2,ellipse,,,,,,,,,,1,455,0,0,False,304.23797607421875,207.6322479248047,186.4398193359375,127.73619842529295,94.2261199951172,
G0_frozen_S7_V2,GP_IIa_5.2mm_closed_R10_single_refY_004-raw02-01,GP_IIa_5.2mm_closed_R10_single_refY,GP_IIa_5.2mm_closed_R10_single_refY_004,2,236,321.0717163085937,10.0,True,167.78874206542994,5.225896070651147,frozen_S7_V2,ellipse,,,,,,,,,,1,423,0,0,False,269.6575012207031,202.6151580810547,167.7887420654297,126.39397430419922,95.2430419921875,
G0_frozen_S7_V2,GP_IIa_5.2mm_closed_R10_single_refY_004-raw03-23,GP_IIa_5.2mm_closed_R10_single_refY,GP_IIa_5.2mm_closed_R10_single_refY_004,3,591,278.7842102050781,10.0,True,149.2817382812501,5.3547415103400615,frozen_S7_V2,ellipse,,,,,,,,,,1,374,0,0,False,238.3179473876953,183.64141845703125,149.28173828125,109.26190948486328,87.62789154052734,
G0_frozen_S7_V2,GP_IIa_5.2mm_closed_R10_single_refY_004-raw04-06,GP_IIa_5.2mm_closed_R10_single_refY,GP_IIa_5.2mm_closed_R10_single_refY_004,4,645,277.2237243652344,10.0,True,148.84620666503932,5.369172750487208,frozen_S7_V2,ellipse,,,,,,,,,,1,379,0,0,False,237.20916748046875,185.8881378173828,148.84620666503906,113.21255493164062,83.71660614013672,
G0_frozen_S7_V2,GP_IIa_5.2mm_closed_R10_single_refY_004-raw05-04,GP_IIa_5.2mm_closed_R10_single_refY,GP_IIa_5.2mm_closed_R10_single_refY_004,5,814,325.1730041503906,10.0,True,179.09675598144543,5.507737533421262,frozen_S7_V2,ellipse,,,,,,,,,,1,449,0,0,False,266.3676147460937,211.5157470703125,179.0967559814453,134.7672882080078,78.16940307617188,
G0_frozen_S7_V2,GP_IIa_9.5mm_closed_R5_single_refY_004-raw01-10,GP_IIa_9.5mm_closed_R5_single_refY,GP_IIa_9.5mm_closed_R5_single_refY_004,1,112,130.74203491210938,5.0,True,258.3843078613282,9.881455036057288,frozen_S7_V2,ellipse,,,,,,,,,,2,527,63,374,False,165.3319091796875,156.67166137695312,258.3843078613281,152.6118621826172,104.84022521972656,
G0_frozen_S7_V2,GP_IIa_9.5mm_closed_R5_single_refY_004-raw02-24,GP_IIa_9.5mm_closed_R5_single_refY,GP_IIa_9.5mm_closed_R5_single_refY_004,2,385,126.85842895507812,5.0,True,239.0985107421875,9.42383224794841,frozen_S7_V2,ellipse,,,,,,,,,,5,517,12,408,False,158.23843383789062,154.0999755859375,239.0985107421875,165.9903106689453,101.48763275146484,
G0_frozen_S7_V2,GP_IIa_9.5mm_closed_R5_single_refY_004-raw03-02,GP_IIa_9.5mm_closed_R5_single_refY,GP_IIa_9.5mm_closed_R5_single_refY_004,3,399,128.65020751953125,5.0,True,239.4215393066408,9.305136148742418,frozen_S7_V2,ellipse,,,,,,,,,,4,516,1,427,False,159.21389770507812,152.08587646484375,239.42153930664065,174.31195068359375,99.54434967041016,
G0_frozen_S7_V2,GP_IIa_9.5mm_closed_R5_single_refY_004-raw04-01,GP_IIa_9.5mm_closed_R5_single_refY,GP_IIa_9.5mm_closed_R5_single_refY_004,4,564,133.93927001953125,5.0,True,261.5211486816412,9.76267634740378,frozen_S7_V2,ellipse,,,,,,,,,,5,542,17,427,False,169.6195526123047,158.26271057128906,261.5211486816406,172.14981079101562,84.7628173828125,
G0_frozen_S7_V2,GP_IIa_9.5mm_closed_R5_single_refY_004-raw05-03,GP_IIa_9.5mm_closed_R5_single_refY,GP_IIa_9.5mm_closed_R5_single_refY_004,5,751,153.119384765625,5.0,True,344.6555763901661,11.254472349066694,frozen_S7_V2,circle,,,,,,,,,,7,611,14,462,False,162.3388273849829,112.4408025134244,344.65557639016583,344.65557639016583,0.0,
G0_frozen_S7_V2,GP_IIa_9.5mm_closed_R5_single_refY_005-raw01-16,GP_IIa_9.5mm_closed_R5_single_refY,GP_IIa_9.5mm_closed_R5_single_refY_005,1,264,98.5361099243164,5.0,True,222.799819946289,11.305490957447835,frozen_S7_V2,ellipse,,,,,,,,,,2,360,1,226,False,149.45294189453125,119.32472229003906,222.79981994628903,153.6551055908203,74.6950454711914,
G0_frozen_S7_V2,GP_IIa_9.5mm_closed_R5_single_refY_005-raw02-07,GP_IIa_9.5mm_closed_R5_single_refY,GP_IIa_9.5mm_closed_R5_single_refY_005,2,447,102.45785522460938,5.0,True,257.5806884765628,12.570080054471724,frozen_S7_V2,ellipse,,,,,,,,,,4,385,2,246,False,163.1366729736328,113.89761352539062,257.5806884765625,174.3923797607422,64.7882308959961,
G0_frozen_S7_V2,GP_IIa_9.5mm_closed_R5_single_refY_005-raw03-12,GP_IIa_9.5mm_closed_R5_single_refY,GP_IIa_9.5mm_closed_R5_single_refY_005,3,801,104.44189453125,5.0,True,190.0133072413741,9.09660381469432,frozen_S7_V2,circle,,,,,,,,,,2,375,1,231,False,109.15395051714194,121.84009042780764,190.013307241374,190.013307241374,0.0,
G0_frozen_S7_V2,GP_IIa_9.5mm_closed_R5_single_refY_005-raw04-08,GP_IIa_9.5mm_closed_R5_single_refY,GP_IIa_9.5mm_closed_R5_single_refY_005,4,1045,145.50306701660156,5.0,True,238.84213581924064,8.20746052700007,frozen_S7_V2,circle,,,,,,,,,,9,556,8,430,False,159.21906417833293,176.87387583451311,238.84213581924044,238.84213581924044,0.0,
G0_frozen_S7_V2,GP_IIa_9.5mm_closed_R5_single_refY_005-raw05-11,GP_IIa_9.5mm_closed_R5_single_refY,GP_IIa_9.5mm_closed_R5_single_refY_005,5,1375,142.02061462402344,5.0,True,283.2573242187506,9.972401716772897,frozen_S7_V2,ellipse,,,,,,,,,,3,529,3,456,False,141.24453735351562,143.41339111328125,283.25732421875,241.4026794433593,159.63253784179688,
G0_frozen_S7_V2,GP_Ip_10.3mm_closed_R5_single_refY_005-raw01-10,GP_Ip_10.3mm_closed_R5_single_refY,GP_Ip_10.3mm_closed_R5_single_refY_005,1,127,104.58844757080078,5.0,True,213.0386537373741,10.18461688099722,frozen_S7_V2,circle,,,,,,,,,,15,472,95,264,False,146.13240612648033,169.54588992101606,213.03865373737403,213.03865373737403,0.0,
G0_frozen_S7_V2,GP_Ip_10.3mm_closed_R5_single_refY_005-raw02-02,GP_Ip_10.3mm_closed_R5_single_refY,GP_Ip_10.3mm_closed_R5_single_refY_005,2,257,105.57347869873048,5.0,True,223.35701169791577,10.578272803499162,frozen_S7_V2,circle,,,,,,,,,,13,491,112,258,False,154.19615320073663,173.74399272750708,223.35701169791545,223.35701169791545,0.0,
G0_frozen_S7_V2,GP_Ip_10.3mm_closed_R5_single_refY_005-raw03-08,GP_Ip_10.3mm_closed_R5_single_refY,GP_Ip_10.3mm_closed_R5_single_refY_005,3,501,114.40756225585938,5.0,True,255.29761957076423,11.157375200418151,frozen_S7_V2,circle,,,,,,,,,,1,549,472,0,False,166.2304838188463,205.21934865045608,255.297619570764,255.297619570764,0.0,
G0_frozen_S7_V2,GP_Ip_10.3mm_closed_R5_single_refY_005-raw04-24,GP_Ip_10.3mm_closed_R5_single_refY,GP_Ip_10.3mm_closed_R5_single_refY_005,4,826,174.07135009765625,5.0,True,337.733374466764,9.701004050272813,frozen_S7_V2,circle,,,,,,,,,,4,846,42,443,False,211.083076683576,227.00950416147367,337.7333744667634,337.7333744667634,0.0,
G0_frozen_S7_V2,GP_Ip_10.3mm_closed_R5_single_refY_005-raw05-22,GP_Ip_10.3mm_closed_R5_single_refY,GP_Ip_10.3mm_closed_R5_single_refY_005,5,1007,177.4269561767578,5.0,True,338.3406892867416,9.534647287463944,frozen_S7_V2,circle,,,,,,,,,,5,874,10,487,False,211.117043044298,242.0301041700164,338.3406892867417,338.3406892867417,0.0,
G0_frozen_S7_V2,GP_Ip_12.0mm_closed_R10_single_refY_004-raw02-21,GP_Ip_12.0mm_closed_R10_single_refY,GP_Ip_12.0mm_closed_R10_single_refY_004,2,479,295.98748779296875,10.0,True,304.3153758553154,10.281359463011208,frozen_S7_V2,circle,,,,,,,,,,3,922,0,536,False,205.80687119147285,217.8176690644153,304.31537585531487,304.31537585531487,0.0,
G0_frozen_S7_V2,GP_Ip_12.0mm_closed_R10_single_refY_004-raw03-10,GP_Ip_12.0mm_closed_R10_single_refY,GP_Ip_12.0mm_closed_R10_single_refY_004,3,602,262.34100341796875,10.0,True,278.359301709407,10.61059072286605,frozen_S7_V2,circle,,,,,,,,,,3,817,0,489,False,191.87537226888125,201.66085451019268,278.3593017094067,278.3593017094067,0.0,
G0_frozen_S7_V2,GP_Ip_12.0mm_closed_R10_single_refY_004-raw04-23,GP_Ip_12.0mm_closed_R10_single_refY,GP_Ip_12.0mm_closed_R10_single_refY_004,4,952,254.37161254882807,10.0,True,289.89947002529914,11.396691129190028,frozen_S7_V2,circle,,,,,,,,,,4,822,4,515,False,205.4044780197476,199.5716162807973,289.89947002529857,289.89947002529857,0.0,
G0_frozen_S7_V2,GP_Ip_12.0mm_closed_R10_single_refY_004-raw05-17,GP_Ip_12.0mm_closed_R10_single_refY,GP_Ip_12.0mm_closed_R10_single_refY_004,5,1125,237.5599822998047,10.0,True,299.1431608741412,12.592321230964627,frozen_S7_V2,circle,,,,,,,,,,4,764,5,473,False,187.7354552709576,180.12966109327806,299.14316087414085,299.14316087414085,0.0,
G0_frozen_S7_V2,GP_Ip_12.0mm_closed_R10_single_refY_005-raw01-11,GP_Ip_12.0mm_closed_R10_single_refY,GP_Ip_12.0mm_closed_R10_single_refY_005,1,108,291.96649169921875,10.0,True,120.89037322998064,4.140556422293858,frozen_S7_V2,ellipse,,,,,,,,,,7,998,0,475,False,135.8230438232422,358.0022888183594,120.89037322998048,104.40326690673828,138.11993408203125,
G0_frozen_S7_V2,GP_Ip_12.0mm_closed_R10_single_refY_005-raw02-13,GP_Ip_12.0mm_closed_R10_single_refY,GP_Ip_12.0mm_closed_R10_single_refY_005,2,276,267.0149841308594,10.0,True,96.44093322753923,3.61181727465434,frozen_S7_V2,ellipse,,,,,,,,,,4,813,0,438,False,112.4556655883789,344.2249755859375,96.44093322753906,82.22566223144531,127.4433822631836,
G0_frozen_S7_V2,GP_Ip_12.0mm_closed_R10_single_refY_005-raw03-12,GP_Ip_12.0mm_closed_R10_single_refY,GP_Ip_12.0mm_closed_R10_single_refY_005,3,424,254.5769500732422,10.0,True,78.1717605590821,3.0706535111129254,frozen_S7_V2,ellipse,,,,,,,,,,3,759,0,414,False,122.27745056152344,338.291015625,78.17176055908203,52.732940673828125,107.5168228149414,
G0_frozen_S7_V2,GP_Ip_12.0mm_closed_R10_single_refY_005-raw04-02,GP_Ip_12.0mm_closed_R10_single_refY,GP_Ip_12.0mm_closed_R10_single_refY_005,4,514,251.7867584228516,10.0,True,262.8321533203129,10.438680531361051,frozen_S7_V2,ellipse,,,,,,,,,,2,753,0,447,False,216.1175994873047,291.26129150390625,262.8321533203125,111.6583251953125,69.78035736083984,
G0_frozen_S7_V2,GP_Ip_12.0mm_closed_R10_single_refY_005-raw05-07,GP_Ip_12.0mm_closed_R10_single_refY,GP_Ip_12.0mm_closed_R10_single_refY_005,5,702,274.8748779296875,10.0,True,82.95010375976575,3.0177404492011903,frozen_S7_V2,ellipse,,,,,,,,,,8,808,0,541,False,180.6134033203125,366.2991638183594,82.95010375976562,49.7978515625,91.60781860351562,
G0_frozen_S7_V2,GP_Ip_12.0mm_closed_R5_single_refY_004-raw01-12,GP_Ip_12.0mm_closed_R5_single_refY,GP_Ip_12.0mm_closed_R5_single_refY_004,1,149,118.22157287597656,5.0,True,269.4358948962249,11.395377693836119,frozen_S7_V2,circle,,,,,,,,,,6,818,24,320,False,178.59932270739688,210.55565585659247,269.43589489622474,269.43589489622474,0.0,
G0_frozen_S7_V2,GP_Ip_12.0mm_closed_R5_single_refY_004-raw02-23,GP_Ip_12.0mm_closed_R5_single_refY,GP_Ip_12.0mm_closed_R5_single_refY_004,2,445,116.84446716308594,5.0,True,264.08091585003416,11.300531478372982,frozen_S7_V2,circle,,,,,,,,,,4,781,24,326,False,170.3663208468592,208.98402094948267,264.08091585003416,264.08091585003416,0.0,
G0_frozen_S7_V2,GP_Ip_12.0mm_closed_R5_single_refY_004-raw03-12,GP_Ip_12.0mm_closed_R5_single_refY,GP_Ip_12.0mm_closed_R5_single_refY_004,3,555,119.97825622558594,5.0,True,271.56732204662427,11.317355768866026,frozen_S7_V2,circle,,,,,,,,,,3,782,37,330,False,175.1823372311607,212.8111392634284,271.56732204662393,271.56732204662393,0.0,
G0_frozen_S7_V2,GP_Ip_12.0mm_closed_R5_single_refY_004-raw04-21,GP_Ip_12.0mm_closed_R5_single_refY,GP_Ip_12.0mm_closed_R5_single_refY_004,4,834,103.8210906982422,5.0,True,241.6379062399848,11.637226338832711,frozen_S7_V2,circle,,,,,,,,,,2,660,38,261,False,160.0540700050273,188.97322406693564,241.63790623998463,241.63790623998463,0.0,
G0_frozen_S7_V2,GP_Ip_12.0mm_closed_R5_single_refY_004-raw05-16,GP_Ip_12.0mm_closed_R5_single_refY,GP_Ip_12.0mm_closed_R5_single_refY_004,5,996,103.65282440185548,5.0,True,243.6078003215379,11.751141453564534,frozen_S7_V2,circle,,,,,,,,,,5,635,68,242,False,161.6354934188966,191.57089521461432,243.6078003215376,243.6078003215376,0.0,
G0_frozen_S7_V2,GP_Ip_12.0mm_closed_R5_single_refY_005-raw01-02,GP_Ip_12.0mm_closed_R5_single_refY,GP_Ip_12.0mm_closed_R5_single_refY_005,1,58,162.05740356445312,5.0,True,332.3373532514635,10.253692393611843,frozen_S7_V2,circle,,,,,,,,,,5,993,5,595,False,209.173929760897,223.41134969371285,332.33735325146324,332.33735325146324,0.0,
G0_frozen_S7_V2,GP_Ip_12.0mm_closed_R5_single_refY_005-raw02-23,GP_Ip_12.0mm_closed_R5_single_refY,GP_Ip_12.0mm_closed_R5_single_refY_005,2,397,162.31809997558594,5.0,True,329.919391164833,10.16274190045521,frozen_S7_V2,circle,,,,,,,,,,4,991,3,603,False,205.28615568483568,235.28328827464645,329.9193911648326,329.9193911648326,0.0,
G0_frozen_S7_V2,GP_Ip_12.0mm_closed_R5_single_refY_005-raw03-16,GP_Ip_12.0mm_closed_R5_single_refY,GP_Ip_12.0mm_closed_R5_single_refY_005,3,525,147.95938110351562,5.0,True,305.4818652843636,10.323166500360049,frozen_S7_V2,circle,,,,,,,,,,4,823,4,555,False,193.6208500642474,217.8195496145448,305.4818652843636,305.4818652843636,0.0,
G0_frozen_S7_V2,GP_Ip_12.0mm_closed_R5_single_refY_005-raw04-06,GP_Ip_12.0mm_closed_R5_single_refY,GP_Ip_12.0mm_closed_R5_single_refY_005,4,631,143.82125854492188,5.0,True,294.57142182242336,10.2408859720281,frozen_S7_V2,circle,,,,,,,,,,6,786,2,571,False,188.0445389687958,205.7743342854144,294.571421822423,294.571421822423,0.0,
G0_frozen_S7_V2,GP_Ip_12.0mm_closed_R5_single_refY_005-raw05-24,GP_Ip_12.0mm_closed_R5_single_refY,GP_Ip_12.0mm_closed_R5_single_refY_005,5,951,137.9694061279297,5.0,True,289.743062862911,10.50026491359439,frozen_S7_V2,circle,,,,,,,,,,2,737,11,450,False,184.6222423039933,203.9906178902532,289.74306286291034,289.74306286291034,0.0,
G0_frozen_S7_V2,GP_Ip_2.9mm_closed_R10_single_refY_004-raw01-07,GP_Ip_2.9mm_closed_R10_single_refY,GP_Ip_2.9mm_closed_R10_single_refY_004,1,88,278.91912841796875,10.0,True,86.86328301753056,3.1142820325812615,frozen_S7_V2,circle,,,,,,,,,,1,248,0,0,False,232.78563277239263,146.66307358886496,86.86328301753053,86.86328301753053,0.0,
G0_frozen_S7_V2,GP_Ip_2.9mm_closed_R10_single_refY_004-raw02-19,GP_Ip_2.9mm_closed_R10_single_refY,GP_Ip_2.9mm_closed_R10_single_refY_004,2,338,239.09678649902344,10.0,True,71.67410635882288,2.9977026211147186,frozen_S7_V2,circle,,,,,,,,,,1,207,0,0,False,204.14256131137992,134.33494325264235,71.6741063588228,71.6741063588228,0.0,
G0_frozen_S7_V2,GP_Ip_2.9mm_closed_R10_single_refY_004-raw03-08,GP_Ip_2.9mm_closed_R10_single_refY,GP_Ip_2.9mm_closed_R10_single_refY_004,3,429,249.66238403320312,10.0,True,75.38712147923826,3.01956266944933,frozen_S7_V2,circle,,,,,,,,,,1,215,0,0,False,208.9963290612956,142.20405354166115,75.38712147923813,75.38712147923813,0.0,
G0_frozen_S7_V2,GP_Ip_2.9mm_closed_R10_single_refY_004-raw04-03,GP_Ip_2.9mm_closed_R10_single_refY,GP_Ip_2.9mm_closed_R10_single_refY_004,4,561,348.3050231933594,10.0,True,106.10116857743787,3.0462141373865994,frozen_S7_V2,circle,,,,,,,,,,1,305,0,0,False,264.4119147593923,170.52033001935175,106.10116857743775,106.10116857743775,0.0,
G0_frozen_S7_V2,GP_Ip_2.9mm_closed_R10_single_refY_004-raw05-17,GP_Ip_2.9mm_closed_R10_single_refY,GP_Ip_2.9mm_closed_R10_single_refY_004,5,826,392.3292541503906,10.0,True,118.83483230353454,3.028956700179739,frozen_S7_V2,circle,,,,,,,,,,1,339,0,0,False,285.2741926123241,197.32121919357613,118.83483230353421,118.83483230353421,0.0,
G0_frozen_S7_V2,GP_Ip_2.9mm_closed_R10_single_refY_005-raw01-02,GP_Ip_2.9mm_closed_R10_single_refY,GP_Ip_2.9mm_closed_R10_single_refY_005,1,59,274.6623840332031,10.0,True,81.57929700824155,2.970166347874548,frozen_S7_V2,circle,,,,,,,,,,1,230,0,0,False,215.7677630485616,166.47160358374438,81.57929700824143,81.57929700824143,0.0,
G0_frozen_S7_V2,GP_Ip_2.9mm_closed_R10_single_refY_005-raw02-11,GP_Ip_2.9mm_closed_R10_single_refY,GP_Ip_2.9mm_closed_R10_single_refY_005,2,313,281.0140686035156,10.0,True,86.67216493700069,3.084264263626137,frozen_S7_V2,circle,,,,,,,,,,1,245,0,0,False,221.3395574816801,170.28747231997485,86.6721649370007,86.6721649370007,0.0,
G0_frozen_S7_V2,GP_Ip_2.9mm_closed_R10_single_refY_005-raw03-11,GP_Ip_2.9mm_closed_R10_single_refY,GP_Ip_2.9mm_closed_R10_single_refY_005,3,498,301.3808288574219,10.0,True,92.55226168349232,3.0709405782169776,frozen_S7_V2,circle,,,,,,,,,,1,260,0,0,False,232.99793929546152,180.38107173541965,92.55226168349232,92.55226168349232,0.0,
G0_frozen_S7_V2,GP_Ip_2.9mm_closed_R10_single_refY_005-raw04-20,GP_Ip_2.9mm_closed_R10_single_refY,GP_Ip_2.9mm_closed_R10_single_refY_005,4,752,302.7303466796875,10.0,True,92.24223798033375,3.0470099543054165,frozen_S7_V2,circle,,,,,,,,,,1,260,0,0,False,233.3972888785984,195.2547945881566,92.24223798033363,92.24223798033363,0.0,
G0_frozen_S7_V2,GP_Ip_2.9mm_closed_R10_single_refY_005-raw05-20,GP_Ip_2.9mm_closed_R10_single_refY,GP_Ip_2.9mm_closed_R10_single_refY_005,5,941,303.7883605957031,10.0,True,94.05838370238992,3.096181286141096,frozen_S7_V2,circle,,,,,,,,,,1,268,0,0,False,233.4836859619252,208.1972898255258,94.05838370238988,94.05838370238988,0.0,
G0_frozen_S7_V2,GP_Ip_2.9mm_closed_R5_single_refY_004-raw02-10,GP_Ip_2.9mm_closed_R5_single_refY,GP_Ip_2.9mm_closed_R5_single_refY_004,2,199,142.42886352539062,5.0,True,76.78722381591814,2.695634224527438,frozen_S7_V2,ellipse,,,,,,,,,,10,220,90,6,False,171.8428192138672,126.13907623291016,76.78722381591797,56.07559967041016,171.853759765625,
G0_frozen_S7_V2,GP_Ip_2.9mm_closed_R5_single_refY_004-raw03-22,GP_Ip_2.9mm_closed_R5_single_refY,GP_Ip_2.9mm_closed_R5_single_refY_004,3,381,157.16404724121094,5.0,True,74.65604400634773,2.375099309187671,frozen_S7_V2,ellipse,,,,,,,,,,14,228,107,0,False,196.1751708984375,134.38023376464844,74.65604400634766,28.633197784423828,154.58865356445312,
G0_frozen_S7_V2,GP_Ip_2.9mm_closed_R5_single_refY_004-raw04-07,GP_Ip_2.9mm_closed_R5_single_refY,GP_Ip_2.9mm_closed_R5_single_refY_004,4,426,160.09523010253906,5.0,True,82.4267044067383,2.574302318499589,frozen_S7_V2,ellipse,,,,,,,,,,14,192,115,0,False,179.75816345214844,132.9253387451172,82.42670440673828,42.01823806762695,159.7593231201172,
G0_frozen_S7_V2,GP_Ip_2.9mm_closed_R5_single_refY_004-raw05-23,GP_Ip_2.9mm_closed_R5_single_refY,GP_Ip_2.9mm_closed_R5_single_refY_004,5,632,140.54388427734375,5.0,True,69.94005584716804,2.48819278785376,frozen_S7_V2,ellipse,,,,,,,,,,6,144,133,0,False,166.8212432861328,128.75730895996094,69.94005584716797,32.48527145385742,153.75538635253906,
G0_frozen_S7_V2,GP_Ip_2.9mm_closed_R5_single_refY_005-raw03-20,GP_Ip_2.9mm_closed_R5_single_refY,GP_Ip_2.9mm_closed_R5_single_refY_005,3,396,127.55258178710938,5.0,True,111.34889133009476,4.364823109419327,frozen_S7_V2,circle,,,,,,,,,,9,106,149,0,False,128.53386701928517,141.2452099834313,111.3488913300945,111.3488913300945,0.0,
G0_frozen_S7_V2,GP_Ip_2.9mm_closed_R5_single_refY_005-raw04-10,GP_Ip_2.9mm_closed_R5_single_refY,GP_Ip_2.9mm_closed_R5_single_refY_005,4,471,152.08389282226562,5.0,True,95.3805586712342,3.135787653157381,frozen_S7_V2,circle,,,,,,,,,,5,220,80,0,False,149.66052901469655,161.7364334497084,95.38055867123408,95.38055867123408,0.0,
G0_frozen_S7_V2,GP_Ip_2.9mm_closed_R5_single_refY_005-raw05-24,GP_Ip_2.9mm_closed_R5_single_refY,GP_Ip_2.9mm_closed_R5_single_refY_005,5,679,156.6206512451172,5.0,True,108.80156427934384,3.4734105437049076,frozen_S7_V2,circle,,,,,,,,,,4,259,47,0,False,159.64275103816917,173.3531843415692,108.80156427934382,108.80156427934382,0.0,
G0_frozen_S7_V2,GP_Ip_20.0mm_closed_R10_single_refY_004-raw01-11,GP_Ip_20.0mm_closed_R10_single_refY,GP_Ip_20.0mm_closed_R10_single_refY_004,1,124,195.70899963378903,10.0,True,363.4660523942712,18.57175975935646,frozen_S7_V2,circle,,,,,,,,,,2,1235,7,484,False,221.44201524816103,232.4952417145441,363.46605239427095,363.46605239427095,0.0,
G0_frozen_S7_V2,GP_Ip_20.0mm_closed_R10_single_refY_004-raw02-14,GP_Ip_20.0mm_closed_R10_single_refY,GP_Ip_20.0mm_closed_R10_single_refY_004,2,325,178.5100860595703,10.0,True,345.11649209783474,19.333164848885147,frozen_S7_V2,circle,,,,,,,,,,2,1206,5,437,False,207.0698405071941,219.10164322856403,345.11649209783434,345.11649209783434,0.0,
G0_frozen_S7_V2,GP_Ip_20.0mm_closed_R10_single_refY_004-raw03-03,GP_Ip_20.0mm_closed_R10_single_refY,GP_Ip_20.0mm_closed_R10_single_refY_004,3,422,180.84518432617188,10.0,True,349.04515322363164,19.300771238347977,frozen_S7_V2,circle,,,,,,,,,,2,1189,6,445,False,216.4633970026105,231.0353310000054,349.04515322363125,349.04515322363125,0.0,
G0_frozen_S7_V2,GP_Ip_20.0mm_closed_R10_single_refY_004-raw04-19,GP_Ip_20.0mm_closed_R10_single_refY,GP_Ip_20.0mm_closed_R10_single_refY_004,4,720,224.2517852783203,10.0,True,419.769642258158,18.718675605510978,frozen_S7_V2,circle,,,,,,,,,,3,1381,6,561,False,251.08145714334097,288.0452447609853,419.7696422581572,419.7696422581572,0.0,
G0_frozen_S7_V2,GP_Ip_20.0mm_closed_R10_single_refY_004-raw05-19,GP_Ip_20.0mm_closed_R10_single_refY,GP_Ip_20.0mm_closed_R10_single_refY_004,5,901,209.0308990478516,10.0,True,393.86227179167753,18.842299085242615,frozen_S7_V2,circle,,,,,,,,,,2,1341,11,519,False,238.42493098050784,259.1694500589962,393.8622717916773,393.8622717916773,0.0,
G0_frozen_S7_V2,GP_Ip_20.0mm_closed_R10_single_refY_005-raw01-22,GP_Ip_20.0mm_closed_R10_single_refY,GP_Ip_20.0mm_closed_R10_single_refY_005,1,145,216.92100524902344,10.0,True,384.767167462689,17.737662934992375,frozen_S7_V2,circle,,,,,,,,,,3,1146,9,568,False,235.32304718307904,253.7160292739993,384.7671674626888,384.7671674626888,0.0,
G0_frozen_S7_V2,GP_Ip_20.0mm_closed_R10_single_refY_005-raw02-07,GP_Ip_20.0mm_closed_R10_single_refY,GP_Ip_20.0mm_closed_R10_single_refY_005,2,193,224.1316375732422,10.0,True,396.44830624151314,17.688190321277645,frozen_S7_V2,circle,,,,,,,,,,4,1172,1,589,False,240.8232452119069,256.0515015539967,396.44830624151285,396.44830624151285,0.0,
G0_frozen_S7_V2,GP_Ip_20.0mm_closed_R10_single_refY_005-raw03-01,GP_Ip_20.0mm_closed_R10_single_refY,GP_Ip_20.0mm_closed_R10_single_refY_005,3,287,232.6180725097656,10.0,True,410.03061818041294,17.62677395425497,frozen_S7_V2,circle,,,,,,,,,,5,1189,6,612,False,246.83506553940487,263.2266263346244,410.0306181804125,410.0306181804125,0.0,
G0_frozen_S7_V2,GP_Ip_20.0mm_closed_R10_single_refY_005-raw04-10,GP_Ip_20.0mm_closed_R10_single_refY,GP_Ip_20.0mm_closed_R10_single_refY_005,4,460,258.8082580566406,10.0,True,444.2812502695064,17.16642481215861,frozen_S7_V2,circle,,,,,,,,,,6,1221,0,770,False,264.02990961136976,278.0933180563879,444.2812502695056,444.2812502695056,0.0,
G0_frozen_S7_V2,GP_Ip_20.0mm_closed_R10_single_refY_005-raw05-24,GP_Ip_20.0mm_closed_R10_single_refY,GP_Ip_20.0mm_closed_R10_single_refY_005,5,664,219.2474670410156,10.0,True,383.570387133728,17.494860593393845,frozen_S7_V2,circle,,,,,,,,,,3,1094,1,699,False,230.95871539366053,240.1959868754865,383.57038713372754,383.57038713372754,0.0,
G0_frozen_S7_V2,GP_Ip_4.0mm_closed_R10_single_refY_004-raw01-05,GP_Ip_4.0mm_closed_R10_single_refY,GP_Ip_4.0mm_closed_R10_single_refY_004,1,82,360.2731018066406,10.0,True,157.8210601806644,4.380595148215292,frozen_S7_V2,ellipse,,,,,,,,,,1,424,0,0,False,278.2688293457031,199.3143005371093,157.82106018066406,136.85693359375,29.54525756835937,
G0_frozen_S7_V2,GP_Ip_4.0mm_closed_R10_single_refY_004-raw02-14,GP_Ip_4.0mm_closed_R10_single_refY,GP_Ip_4.0mm_closed_R10_single_refY_004,2,335,343.84686279296875,10.0,True,142.1858984671231,4.135151832190299,frozen_S7_V2,circle,,,,,,,,,,1,416,0,0,False,266.49528983369834,199.883629665166,142.18589846712285,142.18589846712285,0.0,
G0_frozen_S7_V2,GP_Ip_4.0mm_closed_R10_single_refY_004-raw03-23,GP_Ip_4.0mm_closed_R10_single_refY,GP_Ip_4.0mm_closed_R10_single_refY_004,3,588,336.35333251953125,10.0,True,139.9578200595883,4.161035629146362,frozen_S7_V2,circle,,,,,,,,,,1,401,0,0,False,259.54961512786144,199.9296740514121,139.95782005958813,139.95782005958813,0.0,
G0_frozen_S7_V2,GP_Ip_4.0mm_closed_R10_single_refY_004-raw04-21,GP_Ip_4.0mm_closed_R10_single_refY,GP_Ip_4.0mm_closed_R10_single_refY_004,4,756,382.7769165039063,10.0,True,157.73105449896764,4.120704454688766,frozen_S7_V2,circle,,,,,,,,,,1,458,0,0,False,276.56648857898887,235.24666602354927,157.73105449896718,157.73105449896718,0.0,
G0_frozen_S7_V2,GP_Ip_4.0mm_closed_R10_single_refY_004-raw05-07,GP_Ip_4.0mm_closed_R10_single_refY,GP_Ip_4.0mm_closed_R10_single_refY_004,5,833,398.1221008300781,10.0,True,165.68504854999244,4.161664178013273,frozen_S7_V2,circle,,,,,,,,,,1,479,0,0,False,276.40257609900164,245.9256572105764,165.6850485499921,165.6850485499921,0.0,
G0_frozen_S7_V2,GP_Ip_4.0mm_closed_R10_single_refY_005-raw01-22,GP_Ip_4.0mm_closed_R10_single_refY,GP_Ip_4.0mm_closed_R10_single_refY_005,1,216,322.6918334960937,10.0,True,129.32497152601826,4.007692730395168,frozen_S7_V2,circle,,,,,,,,,,1,373,0,0,False,250.39172482749905,230.1819549306704,129.3249715260181,129.3249715260181,0.0,
G0_frozen_S7_V2,GP_Ip_4.0mm_closed_R10_single_refY_005-raw02-19,GP_Ip_4.0mm_closed_R10_single_refY,GP_Ip_4.0mm_closed_R10_single_refY_005,2,381,318.98162841796875,10.0,True,125.5608616773532,3.936303864899329,frozen_S7_V2,circle,,,,,,,,,,1,358,0,0,False,250.52304967079,229.31691582242985,125.56086167735289,125.56086167735289,0.0,
G0_frozen_S7_V2,GP_Ip_4.0mm_closed_R10_single_refY_005-raw03-14,GP_Ip_4.0mm_closed_R10_single_refY,GP_Ip_4.0mm_closed_R10_single_refY_005,3,530,356.4505615234375,10.0,True,141.9712970211222,3.9829169131996793,frozen_S7_V2,circle,,,,,,,,,,1,409,0,0,False,269.62981471585016,252.4477472380319,141.97129702112187,141.97129702112187,0.0,
G0_frozen_S7_V2,GP_Ip_4.0mm_closed_R10_single_refY_005-raw04-07,GP_Ip_4.0mm_closed_R10_single_refY,GP_Ip_4.0mm_closed_R10_single_refY_005,4,663,369.9772033691406,10.0,True,150.70896992197916,4.0734663798085675,frozen_S7_V2,circle,,,,,,,,,,1,436,0,0,False,275.76134604517813,268.4109661808116,150.7089699219791,150.7089699219791,0.0,
G0_frozen_S7_V2,GP_Ip_4.0mm_closed_R10_single_refY_005-raw05-20,GP_Ip_4.0mm_closed_R10_single_refY,GP_Ip_4.0mm_closed_R10_single_refY_005,5,953,280.18707275390625,10.0,True,112.5015770144845,4.0152308209200225,frozen_S7_V2,circle,,,,,,,,,,1,327,0,0,False,223.31310882060103,216.702751749118,112.50157701448435,112.50157701448435,0.0,
G0_frozen_S7_V2,GP_Ip_4.0mm_closed_R5_single_refY_005-raw05-16,GP_Ip_4.0mm_closed_R5_single_refY,GP_Ip_4.0mm_closed_R5_single_refY_005,5,804,206.56846618652344,5.0,True,100.85484356299848,2.4411965055675635,frozen_S7_V2,circle,,,,,,,,,,4,532,16,0,False,173.57827228197397,188.97442592632507,100.85484356299823,100.85484356299823,0.0,
G0_frozen_S7_V2,GP_Ip_4.0mm_closed_R5_single_refY_006-raw01-24,GP_Ip_4.0mm_closed_R5_single_refY,GP_Ip_4.0mm_closed_R5_single_refY_006,1,254,215.4521484375,5.0,True,197.0305966565693,4.572490877567773,frozen_S7_V2,circle,,,,,,,,,,1,588,6,0,False,235.62847151321265,189.29915255067863,197.03059665656903,197.03059665656903,0.0,
G0_frozen_S7_V2,GP_Ip_4.0mm_closed_R5_single_refY_006-raw03-24,GP_Ip_4.0mm_closed_R5_single_refY,GP_Ip_4.0mm_closed_R5_single_refY_006,3,666,172.1593475341797,5.0,True,102.06944146918428,2.964388600767667,frozen_S7_V2,circle,,,,,,,,,,28,392,113,0,False,158.8013338479337,183.1281289871717,102.06944146918399,102.06944146918399,0.0,
G0_frozen_S7_V2,GP_Ip_4.0mm_closed_R5_single_refY_007-raw01-17,GP_Ip_4.0mm_closed_R5_single_refY,GP_Ip_4.0mm_closed_R5_single_refY_007,1,209,145.9283905029297,5.0,True,107.59720303710398,3.686643930844418,frozen_S7_V2,circle,,,,,,,,,,20,210,157,1,False,159.35498915774775,152.5242366451025,107.59720303710372,107.59720303710372,0.0,
G0_frozen_S7_V2,GP_Ip_4.0mm_closed_R5_single_refY_007-raw02-16,GP_Ip_4.0mm_closed_R5_single_refY,GP_Ip_4.0mm_closed_R5_single_refY_007,2,422,157.34222412109375,5.0,True,123.6052222017042,3.9279100982637414,frozen_S7_V2,circle,,,,,,,,,,8,381,21,0,False,170.3662346594437,163.45058822298392,123.60522220170392,123.60522220170392,0.0,
G0_frozen_S7_V2,GP_Ip_4.0mm_closed_R5_single_refY_007-raw03-20,GP_Ip_4.0mm_closed_R5_single_refY,GP_Ip_4.0mm_closed_R5_single_refY_007,3,681,138.417724609375,5.0,True,39.443962217975134,1.4248161617050452,frozen_S7_V2,circle,,,,,,,,,,16,214,150,9,False,96.6697422379644,204.25732278844885,39.4439622179751,39.4439622179751,0.0,
G0_frozen_S7_V2,GP_Ip_4.0mm_closed_R5_single_refY_007-raw04-22,GP_Ip_4.0mm_closed_R5_single_refY,GP_Ip_4.0mm_closed_R5_single_refY_007,4,921,131.62892150878906,5.0,True,106.28452415189231,4.037278545383947,frozen_S7_V2,circle,,,,,,,,,,16,274,68,0,False,152.08673672649508,149.50450554635904,106.28452415189206,106.28452415189206,0.0,
G0_frozen_S7_V2,GP_Ip_4.7mm_closed_R5_single_refY_004-raw01-23,GP_Ip_4.7mm_closed_R5_single_refY,GP_Ip_4.7mm_closed_R5_single_refY_004,1,188,34.679656982421875,5.0,True,193.87165832519543,27.951784301595517,frozen_S7_V2,ellipse,,,,,,,,,,4,364,214,0,False,137.90609741210938,145.8594207763672,193.8716583251953,165.40065002441406,86.73151397705078,
G0_frozen_S7_V2,GP_Ip_4.7mm_closed_R5_single_refY_004-raw02-12,GP_Ip_4.7mm_closed_R5_single_refY,GP_Ip_4.7mm_closed_R5_single_refY_004,2,273,36.67051315307617,5.0,True,224.4856719970704,30.60847158860102,frozen_S7_V2,ellipse,,,,,,,,,,6,397,239,0,False,152.26046752929688,153.3898468017578,224.4856719970703,179.60690307617188,91.94974517822266,
G0_frozen_S7_V2,GP_Ip_4.7mm_closed_R5_single_refY_004-raw04-09,GP_Ip_4.7mm_closed_R5_single_refY,GP_Ip_4.7mm_closed_R5_single_refY_004,4,570,24.79712677001953,5.0,True,251.2393798828126,50.65896993085677,frozen_S7_V2,ellipse,,,,,,,,,,3,422,208,0,False,164.30323791503906,177.28720092773438,251.2393798828125,212.8379669189453,125.33505249023438,
G0_frozen_S7_V2,GP_Ip_4.7mm_closed_R5_single_refY_004-raw05-23,GP_Ip_4.7mm_closed_R5_single_refY,GP_Ip_4.7mm_closed_R5_single_refY_004,5,823,48.00404357910156,5.0,True,248.68501281738284,25.902506776079925,frozen_S7_V2,ellipse,,,,,,,,,,6,428,247,0,False,165.37075805664062,165.73036193847656,248.6850128173828,202.899658203125,99.05709838867188,
G0_frozen_S7_V2,GP_Ip_4.7mm_closed_R5_single_refY_005-raw01-16,GP_Ip_4.7mm_closed_R5_single_refY,GP_Ip_4.7mm_closed_R5_single_refY_005,1,174,21.96868133544922,5.0,True,301.05761718750006,68.51972874259546,frozen_S7_V2,ellipse,,,,,,,,,,4,331,422,0,False,173.7535400390625,196.08267211914065,301.0576171875,232.70362854003903,168.0527801513672,
G0_frozen_S7_V2,GP_Ip_4.7mm_closed_R5_single_refY_005-raw05-19,GP_Ip_4.7mm_closed_R5_single_refY,GP_Ip_4.7mm_closed_R5_single_refY_005,5,972,13.373971939086914,5.0,True,176.6308277796027,66.03529175329714,frozen_S7_V2,circle,,,,,,,,,,2,417,209,0,False,132.113921552265,175.60005046915734,176.63082777960267,176.63082777960267,0.0,
G0_frozen_S7_V2,GP_Ip_5.6mm_closed_R10_single_refY_005-raw01-08,GP_Ip_5.6mm_closed_R10_single_refY,GP_Ip_5.6mm_closed_R10_single_refY_005,1,78,208.0327911376953,10.0,True,125.79833889628614,6.047043747685969,frozen_S7_V2,circle,,,,,,,,,,2,285,63,0,False,165.0091362263502,136.24215156974003,125.79833889628601,125.79833889628601,0.0,
G0_frozen_S7_V2,GP_Ip_5.6mm_closed_R10_single_refY_005-raw02-07,GP_Ip_5.6mm_closed_R10_single_refY,GP_Ip_5.6mm_closed_R10_single_refY_005,2,210,207.67135620117188,10.0,True,122.08743980707098,5.878877185585695,frozen_S7_V2,circle,,,,,,,,,,10,324,23,0,False,162.02250496092898,141.05831646642187,122.08743980707082,122.08743980707082,0.0,
G0_frozen_S7_V2,GP_Ip_5.6mm_closed_R10_single_refY_005-raw03-19,GP_Ip_5.6mm_closed_R10_single_refY,GP_Ip_5.6mm_closed_R10_single_refY_005,3,418,212.7000274658203,10.0,True,121.27200532704109,5.7015509951698915,frozen_S7_V2,circle,,,,,,,,,,2,341,14,0,False,149.62961830836224,160.5650951411494,121.27200532704089,121.27200532704089,0.0,
G0_frozen_S7_V2,GP_Ip_5.6mm_closed_R10_single_refY_005-raw04-18,GP_Ip_5.6mm_closed_R10_single_refY,GP_Ip_5.6mm_closed_R10_single_refY_005,4,550,230.26828002929688,10.0,True,125.42547899059927,5.446928208029411,frozen_S7_V2,circle,,,,,,,,,,2,371,13,0,False,152.13884684683617,179.244016335581,125.42547899059906,125.42547899059906,0.0,
G0_frozen_S7_V2,GP_Ip_5.6mm_closed_R10_single_refY_005-raw05-24,GP_Ip_5.6mm_closed_R10_single_refY,GP_Ip_5.6mm_closed_R10_single_refY_005,5,723,225.9674530029297,10.0,True,155.3789969182373,6.876167114041101,frozen_S7_V2,circle,,,,,,,,,,2,378,10,0,False,127.1908023452645,165.39908168818695,155.37899691823725,155.37899691823725,0.0,
G0_frozen_S7_V2,GP_Ip_6.2mm_closed_R10_single_refY_005-raw05-04,GP_Ip_6.2mm_closed_R10_single_refY,GP_Ip_6.2mm_closed_R10_single_refY_005,5,453,296.0475769042969,10.0,True,193.7653095743109,6.5450733155958,frozen_S7_V2,circle,,,,,,,,,,2,561,13,0,False,263.7222482656466,168.47719589765,193.76530957431072,193.76530957431072,0.0,
G0_frozen_S7_V2,GP_Ip_6.2mm_closed_R5_single_refY_004-raw01-10,GP_Ip_6.2mm_closed_R5_single_refY,GP_Ip_6.2mm_closed_R5_single_refY_004,1,137,189.4000396728516,5.0,True,217.0473753075275,5.7298661521515735,frozen_S7_V2,circle,,,,,,,,,,10,600,33,310,False,161.12934739730474,188.39662089083564,217.0473753075269,217.0473753075269,0.0,
G0_frozen_S7_V2,GP_Ip_6.2mm_closed_R5_single_refY_004-raw02-14,GP_Ip_6.2mm_closed_R5_single_refY,GP_Ip_6.2mm_closed_R5_single_refY_004,2,383,205.2457733154297,5.0,True,238.15430212406,5.801685907510874,frozen_S7_V2,circle,,,,,,,,,,7,629,30,350,False,172.636655042402,190.37665031849545,238.15430212405985,238.15430212405985,0.0,
G0_frozen_S7_V2,GP_Ip_6.2mm_closed_R5_single_refY_004-raw03-11,GP_Ip_6.2mm_closed_R5_single_refY,GP_Ip_6.2mm_closed_R5_single_refY_004,3,568,192.41807556152344,5.0,True,230.75720143344563,5.996245434843871,frozen_S7_V2,circle,,,,,,,,,,8,625,22,326,False,169.3858678329761,201.5309309952898,230.75720143344552,230.75720143344552,0.0,
G0_frozen_S7_V2,GP_Ip_6.2mm_closed_R5_single_refY_004-raw04-14,GP_Ip_6.2mm_closed_R5_single_refY,GP_Ip_6.2mm_closed_R5_single_refY_004,4,805,186.6666259765625,5.0,True,233.81433545182892,6.26288535051751,frozen_S7_V2,circle,,,,,,,,,,10,580,59,359,False,182.24647379380872,190.02360525525995,233.81433545182895,233.81433545182895,0.0,
G0_frozen_S7_V2,GP_Ip_6.2mm_closed_R5_single_refY_004-raw05-15,GP_Ip_6.2mm_closed_R5_single_refY,GP_Ip_6.2mm_closed_R5_single_refY_004,5,1027,199.14328002929688,5.0,True,242.19107759704505,6.08082475997722,frozen_S7_V2,circle,,,,,,,,,,2,643,4,378,False,190.45377422729547,193.60769706833923,242.19107759704497,242.19107759704497,0.0,
G0_frozen_S7_V2,GP_Ip_6.2mm_closed_R5_single_refY_005-raw01-12,GP_Ip_6.2mm_closed_R5_single_refY,GP_Ip_6.2mm_closed_R5_single_refY_005,1,125,134.48037719726562,5.0,True,176.82313723715953,6.574309981960507,frozen_S7_V2,circle,,,,,,,,,,11,425,45,253,False,140.00407727781482,151.0067517020592,176.82313723715936,176.82313723715936,0.0,
G0_frozen_S7_V2,GP_Ip_6.2mm_closed_R5_single_refY_005-raw02-13,GP_Ip_6.2mm_closed_R5_single_refY,GP_Ip_6.2mm_closed_R5_single_refY_005,2,304,170.43382263183594,5.0,True,221.50422990553787,6.498247427801409,frozen_S7_V2,circle,,,,,,,,,,10,550,23,311,False,156.00421505282793,169.085136704256,221.50422990553756,221.50422990553756,0.0,
G0_frozen_S7_V2,GP_Ip_6.2mm_closed_R5_single_refY_005-raw03-12,GP_Ip_6.2mm_closed_R5_single_refY,GP_Ip_6.2mm_closed_R5_single_refY_005,3,467,182.34539794921875,5.0,True,239.1507020472347,6.557629222807027,frozen_S7_V2,circle,,,,,,,,,,4,594,3,313,False,162.70770889835728,172.87129967855435,239.15070204723384,239.15070204723384,0.0,
G0_frozen_S7_V2,GP_Ip_6.2mm_closed_R5_single_refY_005-raw04-22,GP_Ip_6.2mm_closed_R5_single_refY,GP_Ip_6.2mm_closed_R5_single_refY_005,4,710,177.58847045898438,5.0,True,233.09295654296884,6.562727747486392,frozen_S7_V2,ellipse,,,,,,,,,,6,557,7,320,False,197.6136779785156,237.1347503662109,233.09295654296875,114.64776611328124,58.79728317260742,
G0_frozen_S7_V2,GP_Ip_6.2mm_closed_R5_single_refY_005-raw05-01,GP_Ip_6.2mm_closed_R5_single_refY,GP_Ip_6.2mm_closed_R5_single_refY_005,5,731,179.65574645996094,5.0,True,219.49412019021145,6.1087419833556265,frozen_S7_V2,circle,,,,,,,,,,5,556,3,328,False,187.33745565639552,183.09825492480505,219.49412019021105,219.49412019021105,0.0,
G0_frozen_S7_V2,GP_Ip_8.8mm_closed_R5_single_refY_004-raw01-24,GP_Ip_8.8mm_closed_R5_single_refY,GP_Ip_8.8mm_closed_R5_single_refY_004,1,205,150.3228302001953,5.0,True,285.3416277962324,9.490961133988204,frozen_S7_V2,circle,,,,,,,,,,7,677,106,338,False,166.8210700278982,213.39827426931072,285.341627796232,285.341627796232,0.0,
G0_frozen_S7_V2,GP_Ip_8.8mm_closed_R5_single_refY_004-raw02-17,GP_Ip_8.8mm_closed_R5_single_refY,GP_Ip_8.8mm_closed_R5_single_refY_004,2,323,147.01406860351562,5.0,True,291.30172766073485,9.907273855754264,frozen_S7_V2,circle,,,,,,,,,,7,645,154,294,False,167.59059224540422,197.7439825238272,291.3017276607344,291.3017276607344,0.0,
G0_frozen_S7_V2,GP_Ip_8.8mm_closed_R5_single_refY_004-raw03-04,GP_Ip_8.8mm_closed_R5_single_refY,GP_Ip_8.8mm_closed_R5_single_refY_004,3,399,143.93045043945312,5.0,True,273.06091994023626,9.485863453720802,frozen_S7_V2,circle,,,,,,,,,,6,606,242,217,False,178.42265307643373,194.23467613727072,273.06091994023564,273.06091994023564,0.0,
G0_frozen_S7_V2,GP_Ip_8.8mm_closed_R5_single_refY_005-raw01-13,GP_Ip_8.8mm_closed_R5_single_refY,GP_Ip_8.8mm_closed_R5_single_refY_005,1,120,147.11476135253906,5.0,True,236.76518727101524,8.046955488839153,frozen_S7_V2,circle,,,,,,,,,,2,623,7,365,False,158.06016581396537,204.84814985515408,236.7651872710146,236.7651872710146,0.0,
G0_frozen_S7_V2,GP_Ip_8.8mm_closed_R5_single_refY_005-raw02-23,GP_Ip_8.8mm_closed_R5_single_refY,GP_Ip_8.8mm_closed_R5_single_refY_005,2,339,125.79080963134766,5.0,True,214.4634699634794,8.52460806127263,frozen_S7_V2,circle,,,,,,,,,,9,491,137,286,False,148.27428441577194,188.67602256639668,214.46346996347896,214.46346996347896,0.0,
G0_frozen_S7_V2,GP_Ip_8.8mm_closed_R5_single_refY_005-raw03-14,GP_Ip_8.8mm_closed_R5_single_refY,GP_Ip_8.8mm_closed_R5_single_refY_005,3,436,124.75924682617188,5.0,True,259.81451416015653,10.412635566891419,frozen_S7_V2,ellipse,,,,,,,,,,12,539,117,293,False,152.89627075195312,172.47991943359375,259.81451416015625,218.2393951416016,24.37479019165039,
G0_frozen_S7_V2,GP_Ip_8.8mm_closed_R5_single_refY_005-raw04-20,GP_Ip_8.8mm_closed_R5_single_refY,GP_Ip_8.8mm_closed_R5_single_refY_005,4,630,123.69939422607422,5.0,True,200.05293540926263,8.086253641777903,frozen_S7_V2,circle,,,,,,,,,,6,536,9,305,False,142.14627055300835,182.0846177628948,200.0529354092626,200.0529354092626,0.0,
G0_frozen_S7_V2,GP_Ip_8.8mm_closed_R5_single_refY_005-raw05-23,GP_Ip_8.8mm_closed_R5_single_refY,GP_Ip_8.8mm_closed_R5_single_refY_005,5,804,125.4199676513672,5.0,True,222.6579622908575,8.8764957630106,frozen_S7_V2,circle,,,,,,,,,,4,540,33,313,False,158.195677503327,170.38937485801003,222.65796229085709,222.65796229085709,0.0,
G0_frozen_S7_V2,GP_Ip_9.7mm_closed_R5_single_refY_004-raw01-04,GP_Ip_9.7mm_closed_R5_single_refY,GP_Ip_9.7mm_closed_R5_single_refY_004,1,83,128.58705139160156,5.0,True,263.4970900843308,10.245864075453117,frozen_S7_V2,circle,,,,,,,,,,13,675,345,124,False,174.584626975008,214.6119323136693,263.4970900843302,263.4970900843302,0.0,
G0_frozen_S7_V2,GP_Ip_9.7mm_closed_R5_single_refY_004-raw03-24,GP_Ip_9.7mm_closed_R5_single_refY,GP_Ip_9.7mm_closed_R5_single_refY_004,3,663,119.56008911132812,5.0,True,241.12822404719105,10.083976427228363,frozen_S7_V2,circle,,,,,,,,,,9,589,187,241,False,162.36612454511993,201.3721227834517,241.12822404719063,241.12822404719063,0.0,
G0_frozen_S7_V2,GP_Ip_9.7mm_closed_R5_single_refY_004-raw04-15,GP_Ip_9.7mm_closed_R5_single_refY,GP_Ip_9.7mm_closed_R5_single_refY_004,4,792,105.02454376220705,5.0,True,211.17834315395032,10.053761510837553,frozen_S7_V2,circle,,,,,,,,,,10,566,171,238,False,146.18275842168038,182.98583461698303,211.17834315395,211.17834315395,0.0,
G0_frozen_S7_V2,GP_Ip_9.7mm_closed_R5_single_refY_004-raw05-10,GP_Ip_9.7mm_closed_R5_single_refY,GP_Ip_9.7mm_closed_R5_single_refY_004,5,955,92.74362182617188,5.0,True,205.2462507554524,11.06524883943732,frozen_S7_V2,circle,,,,,,,,,,1,479,367,4,False,142.94623139006254,174.525719550519,205.2462507554523,205.2462507554523,0.0,
G0_frozen_S7_V2,GP_Ip_9.7mm_closed_R5_single_refY_005-raw01-09,GP_Ip_9.7mm_closed_R5_single_refY,GP_Ip_9.7mm_closed_R5_single_refY_005,1,67,139.7646942138672,5.0,True,253.12228062097992,9.055301199087287,frozen_S7_V2,circle,,,,,,,,,,3,703,50,355,False,169.37092059828038,202.6625455228803,253.12228062097927,253.12228062097927,0.0,
G0_frozen_S7_V2,GP_Ip_9.7mm_closed_R5_single_refY_005-raw02-02,GP_Ip_9.7mm_closed_R5_single_refY,GP_Ip_9.7mm_closed_R5_single_refY_005,2,146,142.756103515625,5.0,True,261.5724376816255,9.161515032980562,frozen_S7_V2,circle,,,,,,,,,,4,741,23,353,False,182.3126516191241,211.96370152699103,261.5724376816255,261.5724376816255,0.0,
G0_frozen_S7_V2,GP_Ip_9.7mm_closed_R5_single_refY_005-raw03-01,GP_Ip_9.7mm_closed_R5_single_refY,GP_Ip_9.7mm_closed_R5_single_refY_005,3,252,154.01039123535156,5.0,True,286.67496236353907,9.307000653139555,frozen_S7_V2,circle,,,,,,,,,,13,783,74,356,False,206.8795305189836,232.6038022739576,286.67496236353907,286.67496236353907,0.0,
G0_frozen_S7_V2,GP_Ip_9.7mm_closed_R5_single_refY_005-raw04-24,GP_Ip_9.7mm_closed_R5_single_refY,GP_Ip_9.7mm_closed_R5_single_refY_005,4,469,176.43846130371094,5.0,True,330.95843906652806,9.378863220101296,frozen_S7_V2,circle,,,,,,,,,,18,824,202,377,False,239.1036900146627,258.35323688892333,330.95843906652726,330.95843906652726,0.0,
G0_frozen_S7_V2,GP_Ip_9.7mm_closed_R5_single_refY_005-raw05-22,GP_Ip_9.7mm_closed_R5_single_refY,GP_Ip_9.7mm_closed_R5_single_refY_005,5,573,187.770751953125,5.0,True,340.56653876462383,9.06867909997087,frozen_S7_V2,circle,,,,,,,,,,12,959,34,460,False,238.27014262498875,257.62304378281107,340.5665387646236,340.5665387646236,0.0,
G0_frozen_S7_V2,GP_Is_10.5mm_closed_R5_single_refY_004-raw01-09,GP_Is_10.5mm_closed_R5_single_refY,GP_Is_10.5mm_closed_R5_single_refY_004,1,95,104.66658782958984,5.0,True,238.8853912353516,11.411731106792484,frozen_S7_V2,ellipse,,,,,,,,,,3,506,100,257,False,156.33375549316406,151.18167114257812,238.8853912353516,164.1819305419922,88.08409118652344,
G0_frozen_S7_V2,GP_Is_10.5mm_closed_R5_single_refY_004-raw02-22,GP_Is_10.5mm_closed_R5_single_refY,GP_Is_10.5mm_closed_R5_single_refY_004,2,337,119.36279296875,5.0,True,266.1498718261724,11.148778660694218,frozen_S7_V2,ellipse,,,,,,,,,,4,590,58,350,False,170.97100830078125,163.0749053955078,266.1498718261719,189.7522430419922,101.4568328857422,
G0_frozen_S7_V2,GP_Is_10.5mm_closed_R5_single_refY_004-raw03-05,GP_Is_10.5mm_closed_R5_single_refY,GP_Is_10.5mm_closed_R5_single_refY_004,3,383,117.4066162109375,5.0,True,263.1899108886721,11.208478677888749,frozen_S7_V2,ellipse,,,,,,,,,,2,560,98,330,False,170.0719451904297,163.0592041015625,263.1899108886719,186.3106231689453,100.31769561767578,
G0_frozen_S7_V2,GP_Is_10.5mm_closed_R5_single_refY_004-raw04-24,GP_Is_10.5mm_closed_R5_single_refY,GP_Is_10.5mm_closed_R5_single_refY_004,4,664,110.06497192382812,5.0,True,252.6984100341802,11.47951094781832,frozen_S7_V2,ellipse,,,,,,,,,,7,519,137,256,False,162.6609649658203,158.48135375976562,252.6984100341797,173.81854248046875,73.15056610107422,
G0_frozen_S7_V2,GP_Is_10.5mm_closed_R5_single_refY_004-raw05-05,GP_Is_10.5mm_closed_R5_single_refY,GP_Is_10.5mm_closed_R5_single_refY_004,5,697,114.05237579345705,5.0,True,260.4763793945314,11.419156224603364,frozen_S7_V2,ellipse,,,,,,,,,,5,541,126,278,False,166.392333984375,162.29672241210938,260.47637939453125,181.0886993408203,73.41436004638672,
G0_frozen_S7_V2,GP_Is_10.5mm_closed_R5_single_refY_005-raw01-07,GP_Is_10.5mm_closed_R5_single_refY,GP_Is_10.5mm_closed_R5_single_refY_005,1,82,122.33806610107422,5.0,True,266.3798217773437,10.887037463763075,frozen_S7_V2,ellipse,,,,,,,,,,4,621,11,418,False,174.2235107421875,165.95294189453125,266.3798217773437,213.43101501464844,80.98555755615234,
G0_frozen_S7_V2,GP_Is_10.5mm_closed_R5_single_refY_005-raw02-14,GP_Is_10.5mm_closed_R5_single_refY,GP_Is_10.5mm_closed_R5_single_refY_005,2,283,120.3318328857422,5.0,True,269.9073181152346,11.215125359700858,frozen_S7_V2,ellipse,,,,,,,,,,10,565,113,347,False,172.31927490234375,169.95147705078125,269.9073181152344,198.581787109375,72.01295471191406,
G0_frozen_S7_V2,GP_Is_10.5mm_closed_R5_single_refY_005-raw03-09,GP_Is_10.5mm_closed_R5_single_refY,GP_Is_10.5mm_closed_R5_single_refY_005,3,407,131.74789428710938,5.0,True,286.9363403320316,10.889598725074514,frozen_S7_V2,ellipse,,,,,,,,,,2,630,86,398,False,179.1007843017578,173.7929229736328,286.93634033203125,216.32896423339844,68.01524353027344,
G0_frozen_S7_V2,GP_Is_10.5mm_closed_R5_single_refY_005-raw04-04,GP_Is_10.5mm_closed_R5_single_refY,GP_Is_10.5mm_closed_R5_single_refY_005,4,531,149.63868713378906,5.0,True,317.89663696289074,10.622140672708037,frozen_S7_V2,ellipse,,,,,,,,,,7,731,20,567,False,196.26150512695312,187.41964721679688,317.8966369628906,257.65802001953125,63.62728118896485,
G0_frozen_S7_V2,GP_Is_10.5mm_closed_R5_single_refY_005-raw05-10,GP_Is_10.5mm_closed_R5_single_refY,GP_Is_10.5mm_closed_R5_single_refY_005,5,726,174.79135131835938,5.0,True,355.7951965332033,10.177711707405058,frozen_S7_V2,ellipse,,,,,,,,,,2,850,6,728,False,215.6105499267578,221.0804748535156,355.7951965332031,306.7225341796875,70.12461853027344,
G0_frozen_S7_V2,GP_Is_14.0mm_closed_R10_single_refY_004-raw01-20,GP_Is_14.0mm_closed_R10_single_refY,GP_Is_14.0mm_closed_R10_single_refY_004,1,209,354.1351928710937,10.0,True,455.3041136747223,12.856788109179943,frozen_S7_V2,circle,,,,,,,,,,4,1082,5,793,False,251.6319191409437,252.67352907555733,455.30411367472215,455.30411367472215,0.0,
G0_frozen_S7_V2,GP_Is_14.0mm_closed_R10_single_refY_004-raw02-20,GP_Is_14.0mm_closed_R10_single_refY,GP_Is_14.0mm_closed_R10_single_refY_004,2,405,376.7498168945313,10.0,True,512.7787760989186,13.61059124927107,frozen_S7_V2,circle,,,,,,,,,,5,1102,1,804,False,271.2741363976912,252.3463213708472,512.7787760989173,512.7787760989173,0.0,
G0_frozen_S7_V2,GP_Is_14.0mm_closed_R10_single_refY_004-raw03-03,GP_Is_14.0mm_closed_R10_single_refY,GP_Is_14.0mm_closed_R10_single_refY_004,3,462,378.1007080078125,10.0,True,438.4173958751944,11.595254560225145,frozen_S7_V2,circle,,,,,,,,,,22,1125,24,717,False,266.663223411623,298.7911323550318,438.4173958751935,438.4173958751935,0.0,
G0_frozen_S7_V2,GP_Is_14.0mm_closed_R10_single_refY_004-raw04-04,GP_Is_14.0mm_closed_R10_single_refY,GP_Is_14.0mm_closed_R10_single_refY_004,4,666,356.9442443847656,10.0,True,487.30808909156974,13.652218708036635,frozen_S7_V2,circle,,,,,,,,,,9,1032,6,836,False,245.93098056899487,244.61381256871792,487.3080890915697,487.3080890915697,0.0,
G0_frozen_S7_V2,GP_Is_14.0mm_closed_R10_single_refY_004-raw05-02,GP_Is_14.0mm_closed_R10_single_refY,GP_Is_14.0mm_closed_R10_single_refY_004,5,846,364.2723388671875,10.0,True,498.1514860079635,13.675248786584037,frozen_S7_V2,circle,,,,,,,,,,12,1074,0,872,False,247.3400349147674,255.0329631216192,498.1514860079624,498.1514860079624,0.0,
G0_frozen_S7_V2,GP_Is_14.0mm_closed_R10_single_refY_005-raw01-21,GP_Is_14.0mm_closed_R10_single_refY,GP_Is_14.0mm_closed_R10_single_refY_005,1,227,396.5304260253906,10.0,True,507.7839965820316,12.80567551074926,frozen_S7_V2,ellipse,,,,,,,,,,8,1221,9,903,False,292.49383544921875,301.8734436035156,507.7839965820313,350.5635681152344,88.84500122070312,
G0_frozen_S7_V2,GP_Is_14.0mm_closed_R10_single_refY_005-raw02-12,GP_Is_14.0mm_closed_R10_single_refY,GP_Is_14.0mm_closed_R10_single_refY_005,2,355,413.2045593261719,10.0,True,648.386882542499,15.69166815583661,frozen_S7_V2,circle,,,,,,,,,,12,1277,39,896,False,290.91938803007594,160.60726983182713,648.3868825424968,648.3868825424968,0.0,
G0_frozen_S7_V2,GP_Is_14.0mm_closed_R10_single_refY_005-raw03-10,GP_Is_14.0mm_closed_R10_single_refY,GP_Is_14.0mm_closed_R10_single_refY_005,3,543,445.1145324707031,10.0,True,648.7776746827259,14.575522193839573,frozen_S7_V2,circle,,,,,,,,,,12,1324,43,994,False,308.4413927723737,209.0234406724629,648.777674682725,648.777674682725,0.0,
G0_frozen_S7_V2,GP_Is_14.0mm_closed_R10_single_refY_005-raw04-17,GP_Is_14.0mm_closed_R10_single_refY,GP_Is_14.0mm_closed_R10_single_refY_005,4,808,474.5574645996094,10.0,True,665.2560380755917,14.018450613496878,frozen_S7_V2,circle,,,,,,,,,,25,1497,79,916,False,315.8983674983661,233.56818755409176,665.2560380755891,665.2560380755891,0.0,
G0_frozen_S7_V2,GP_Is_14.0mm_closed_R10_single_refY_005-raw05-11,GP_Is_14.0mm_closed_R10_single_refY,GP_Is_14.0mm_closed_R10_single_refY_005,5,962,505.86328125,10.0,True,480.03048843116176,9.489332517770318,frozen_S7_V2,circle,,,,,,,,,,23,1779,85,948,False,425.4551559270861,321.982458129503,480.03048843115965,480.03048843115965,0.0,
G0_frozen_S7_V2,GP_Is_14.0mm_closed_R5_single_refY_004-raw01-24,GP_Is_14.0mm_closed_R5_single_refY,GP_Is_14.0mm_closed_R5_single_refY_004,1,147,111.2783432006836,5.0,True,303.87289428711,13.65373016648415,frozen_S7_V2,ellipse,,,,,,,,,,8,675,146,344,False,190.9664459228516,182.21270751953125,303.8728942871094,228.064453125,95.8216552734375,
G0_frozen_S7_V2,GP_Is_14.0mm_closed_R5_single_refY_004-raw02-01,GP_Is_14.0mm_closed_R5_single_refY,GP_Is_14.0mm_closed_R5_single_refY_004,2,152,111.23707580566406,5.0,True,303.8102722167975,13.6559807068089,frozen_S7_V2,ellipse,,,,,,,,,,9,681,160,322,False,191.3137969970703,180.7993927001953,303.8102722167969,227.862045288086,96.0880889892578,
G0_frozen_S7_V2,GP_Is_14.0mm_closed_R5_single_refY_004-raw03-01,GP_Is_14.0mm_closed_R5_single_refY,GP_Is_14.0mm_closed_R5_single_refY_004,3,271,155.38258361816406,5.0,True,407.37057495117256,13.108630499806909,frozen_S7_V2,ellipse,,,,,,,,,,5,944,75,523,False,241.3725128173828,223.22482299804688,407.3705749511719,321.2344055175781,80.552001953125,
G0_frozen_S7_V2,GP_Is_14.0mm_closed_R5_single_refY_004-raw04-01,GP_Is_14.0mm_closed_R5_single_refY,GP_Is_14.0mm_closed_R5_single_refY_004,4,390,146.30955505371094,5.0,True,390.2116699218757,13.335139655732911,frozen_S7_V2,ellipse,,,,,,,,,,6,889,136,431,False,233.9673614501953,224.56675720214844,390.211669921875,288.5441589355469,96.90879821777344,
G0_frozen_S7_V2,GP_Is_14.0mm_closed_R5_single_refY_004-raw05-20,GP_Is_14.0mm_closed_R5_single_refY,GP_Is_14.0mm_closed_R5_single_refY_004,5,605,135.1721954345703,5.0,True,366.03283691406347,13.539501808685223,frozen_S7_V2,ellipse,,,,,,,,,,6,829,122,418,False,221.39923095703125,211.0772247314453,366.0328369140625,270.3875427246094,102.1427001953125,
G0_frozen_S7_V2,GP_Is_14.0mm_closed_R5_single_refY_005-raw01-02,GP_Is_14.0mm_closed_R5_single_refY,GP_Is_14.0mm_closed_R5_single_refY_005,1,33,99.63900756835938,5.0,True,312.53784179687534,15.68350836806822,frozen_S7_V2,ellipse,,,,,,,,,,2,627,453,0,False,202.22540283203125,178.5284423828125,312.537841796875,228.83448791503903,43.279911041259766,
G0_frozen_S7_V2,GP_Is_14.0mm_closed_R5_single_refY_005-raw02-11,GP_Is_14.0mm_closed_R5_single_refY,GP_Is_14.0mm_closed_R5_single_refY_005,2,181,106.37471771240234,5.0,True,328.50061035156307,15.44072771312571,frozen_S7_V2,ellipse,,,,,,,,,,1,598,471,0,False,189.6061553955078,184.6981506347656,328.5006103515625,207.7571258544922,46.71839141845703,
G0_frozen_S7_V2,GP_Is_14.0mm_closed_R5_single_refY_005-raw03-20,GP_Is_14.0mm_closed_R5_single_refY,GP_Is_14.0mm_closed_R5_single_refY_005,3,328,128.7305450439453,5.0,True,361.0809631347659,14.024680894946188,frozen_S7_V2,ellipse,,,,,,,,,,7,926,106,376,False,215.06187438964844,202.252685546875,361.0809631347656,274.37847900390625,54.61016082763672,
G0_frozen_S7_V2,GP_Is_14.0mm_closed_R5_single_refY_005-raw04-13,GP_Is_14.0mm_closed_R5_single_refY,GP_Is_14.0mm_closed_R5_single_refY_005,4,404,133.76913452148438,5.0,True,379.59912109375006,14.188591503250828,frozen_S7_V2,ellipse,,,,,,,,,,4,916,30,494,False,208.2903747558593,195.57644653320312,379.59912109375,308.26397705078125,92.63304138183594,
G0_frozen_S7_V2,GP_Is_14.0mm_closed_R5_single_refY_005-raw05-16,GP_Is_14.0mm_closed_R5_single_refY,GP_Is_14.0mm_closed_R5_single_refY_005,5,525,131.1981201171875,5.0,True,363.5113525390631,13.85352748249636,frozen_S7_V2,ellipse,,,,,,,,,,4,863,44,440,False,209.711669921875,206.4440155029297,363.5113525390625,300.072998046875,48.999210357666016,
G0_frozen_S7_V2,GP_Is_18.0mm_closed_R10_single_refY_004-raw01-01,GP_Is_18.0mm_closed_R10_single_refY,GP_Is_18.0mm_closed_R10_single_refY_004,1,48,253.4082489013672,10.0,True,431.4633178710947,17.026411718705774,frozen_S7_V2,ellipse,,,,,,,,,,2,1065,0,708,False,254.0472869873047,252.0703887939453,431.46331787109375,314.24969482421875,96.43821716308594,
G0_frozen_S7_V2,GP_Is_18.0mm_closed_R10_single_refY_004-raw02-11,GP_Is_18.0mm_closed_R10_single_refY,GP_Is_18.0mm_closed_R10_single_refY_004,2,296,264.1240539550781,10.0,True,448.9320068359382,16.99701333950796,frozen_S7_V2,ellipse,,,,,,,,,,6,1092,0,748,False,266.1436462402344,267.09576416015625,448.9320068359375,339.49139404296875,90.91124725341795,
G0_frozen_S7_V2,GP_Is_18.0mm_closed_R10_single_refY_004-raw03-06,GP_Is_18.0mm_closed_R10_single_refY,GP_Is_18.0mm_closed_R10_single_refY_004,3,434,275.10406494140625,10.0,True,464.9170532226562,16.899679520245463,frozen_S7_V2,ellipse,,,,,,,,,,7,1132,12,771,False,269.8597106933594,273.0711975097656,464.91705322265625,371.8445434570313,81.26573181152344,
G0_frozen_S7_V2,GP_Is_18.0mm_closed_R10_single_refY_004-raw04-22,GP_Is_18.0mm_closed_R10_single_refY,GP_Is_18.0mm_closed_R10_single_refY_004,4,726,293.1953430175781,10.0,True,500.3278198242188,17.06465780372993,frozen_S7_V2,ellipse,,,,,,,,,,3,1216,0,841,False,293.615478515625,288.06622314453125,500.3278198242188,410.94970703125,59.61859893798828,
G0_frozen_S7_V2,GP_Is_18.0mm_closed_R10_single_refY_004-raw05-03,GP_Is_18.0mm_closed_R10_single_refY,GP_Is_18.0mm_closed_R10_single_refY_004,5,763,292.2741394042969,10.0,True,499.5950317382822,17.09337106445817,frozen_S7_V2,ellipse,,,,,,,,,,4,1215,0,844,False,293.33575439453125,286.7044372558594,499.5950317382813,410.3862915039063,59.28890228271485,
G0_frozen_S7_V2,GP_Is_18.0mm_closed_R10_single_refY_005-raw01-20,GP_Is_18.0mm_closed_R10_single_refY,GP_Is_18.0mm_closed_R10_single_refY_005,1,158,260.5450439453125,10.0,True,425.14163208007886,16.317394706203455,frozen_S7_V2,ellipse,,,,,,,,,,2,1065,2,834,False,250.3936462402344,253.7313690185547,425.1416320800781,351.5867919921875,85.23146057128906,
G0_frozen_S7_V2,GP_Is_18.0mm_closed_R10_single_refY_005-raw02-20,GP_Is_18.0mm_closed_R10_single_refY,GP_Is_18.0mm_closed_R10_single_refY_005,2,306,280.68670654296875,10.0,True,460.31817626953153,16.399714184507133,frozen_S7_V2,ellipse,,,,,,,,,,3,1127,0,847,False,269.07147216796875,271.77899169921875,460.3181762695313,374.1922912597656,70.57946014404297,
G0_frozen_S7_V2,GP_Is_18.0mm_closed_R10_single_refY_005-raw03-21,GP_Is_18.0mm_closed_R10_single_refY,GP_Is_18.0mm_closed_R10_single_refY_005,3,460,325.0423278808594,10.0,True,433.0745239582093,13.323634702645494,frozen_S7_V2,circle,,,,,,,,,,6,1283,5,1002,False,345.51474630479305,257.4310575187753,433.0745239582088,433.0745239582088,0.0,
G0_frozen_S7_V2,GP_Is_18.0mm_closed_R10_single_refY_005-raw04-16,GP_Is_18.0mm_closed_R10_single_refY,GP_Is_18.0mm_closed_R10_single_refY_005,4,577,338.71044921875,10.0,True,515.0743324335521,15.206921830182472,frozen_S7_V2,circle,,,,,,,,,,8,1313,6,1263,False,298.81346090079745,291.9563400137887,515.0743324335509,515.0743324335509,0.0,
G0_frozen_S7_V2,GP_Is_18.0mm_closed_R10_single_refY_005-raw05-20,GP_Is_18.0mm_closed_R10_single_refY,GP_Is_18.0mm_closed_R10_single_refY_005,5,753,332.74822998046875,10.0,True,500.4505557886689,15.039916390180158,frozen_S7_V2,circle,,,,,,,,,,3,1278,7,1375,False,292.38611846482,284.4894954544633,500.45055578866817,500.45055578866817,0.0,
G0_frozen_S7_V2,GP_Is_18.0mm_closed_R5_single_refY_004-raw01-22,GP_Is_18.0mm_closed_R5_single_refY,GP_Is_18.0mm_closed_R5_single_refY_004,1,200,119.65711975097656,5.0,True,454.7861938476568,19.00372475930105,frozen_S7_V2,ellipse,,,,,,,,,,6,1045,174,289,False,266.9252014160156,248.56546020507807,454.78619384765625,362.0172424316406,102.97917938232422,
G0_frozen_S7_V2,GP_Is_18.0mm_closed_R5_single_refY_004-raw02-15,GP_Is_18.0mm_closed_R5_single_refY,GP_Is_18.0mm_closed_R5_single_refY_004,2,324,118.54354095458984,5.0,True,449.2792968750004,18.949969490413004,frozen_S7_V2,ellipse,,,,,,,,,,12,993,188,335,False,264.350830078125,249.4037628173828,449.279296875,362.8721923828125,100.49945831298828,
G0_frozen_S7_V2,GP_Is_18.0mm_closed_R5_single_refY_004-raw03-10,GP_Is_18.0mm_closed_R5_single_refY,GP_Is_18.0mm_closed_R5_single_refY_004,3,461,117.28266143798828,5.0,True,433.6027832031255,18.48537447423068,frozen_S7_V2,ellipse,,,,,,,,,,7,1027,98,402,False,256.7698974609375,240.3661499023437,433.602783203125,359.01031494140625,100.6915054321289,
G0_frozen_S7_V2,GP_Is_18.0mm_closed_R5_single_refY_004-raw04-20,GP_Is_18.0mm_closed_R5_single_refY,GP_Is_18.0mm_closed_R5_single_refY_004,4,708,121.9736328125,5.0,True,440.6400451660158,18.062922084290765,frozen_S7_V2,ellipse,,,,,,,,,,15,1002,233,375,False,261.46319580078125,249.7884979248047,440.6400451660156,373.7843933105469,84.38308715820312,
G0_frozen_S7_V2,GP_Is_18.0mm_closed_R5_single_refY_004-raw05-21,GP_Is_18.0mm_closed_R5_single_refY,GP_Is_18.0mm_closed_R5_single_refY_004,5,891,133.7806396484375,5.0,True,473.6867980957033,17.703862058834,frozen_S7_V2,ellipse,,,,,,,,,,10,1095,191,403,False,268.7773742675781,263.0906066894531,473.6867980957031,392.9670104980469,67.33218383789062,
G0_frozen_S7_V2,GP_Is_18.0mm_closed_R5_single_refY_005-raw01-06,GP_Is_18.0mm_closed_R5_single_refY,GP_Is_18.0mm_closed_R5_single_refY_005,1,81,151.55653381347656,5.0,True,468.6788438910646,15.462178769140904,frozen_S7_V2,circle,,,,,,,,,,1,1335,0,0,False,278.94773929179365,273.51021394570296,468.67884389106456,468.67884389106456,0.0,
G0_frozen_S7_V2,GP_Is_18.0mm_closed_R5_single_refY_005-raw02-19,GP_Is_18.0mm_closed_R5_single_refY,GP_Is_18.0mm_closed_R5_single_refY_005,2,340,119.2591781616211,5.0,True,382.1058147239568,16.019975175668392,frozen_S7_V2,circle,,,,,,,,,,1,1085,0,0,False,235.765267833794,232.09304996498844,382.1058147239568,382.1058147239568,0.0,
G0_frozen_S7_V2,GP_Is_18.0mm_closed_R5_single_refY_005-raw03-19,GP_Is_18.0mm_closed_R5_single_refY,GP_Is_18.0mm_closed_R5_single_refY_005,3,508,112.91568756103516,5.0,True,364.060157565506,16.120884769386798,frozen_S7_V2,circle,,,,,,,,,,1,1042,0,0,False,232.6225113873279,221.3950769546321,364.0601575655055,364.0601575655055,0.0,
G0_frozen_S7_V2,GP_Is_18.0mm_closed_R5_single_refY_005-raw04-03,GP_Is_18.0mm_closed_R5_single_refY,GP_Is_18.0mm_closed_R5_single_refY_005,4,564,112.3915786743164,5.0,True,370.41446891815406,16.478746596821345,frozen_S7_V2,circle,,,,,,,,,,1,1041,0,0,False,229.87005242291684,224.8238920346012,370.4144689181536,370.4144689181536,0.0,
G0_frozen_S7_V2,GP_Is_18.0mm_closed_R5_single_refY_005-raw05-01,GP_Is_18.0mm_closed_R5_single_refY,GP_Is_18.0mm_closed_R5_single_refY_005,5,718,111.53626251220705,5.0,True,368.36786993095,16.513368012965028,frozen_S7_V2,circle,,,,,,,,,,1,1032,0,0,False,225.1202010099324,225.44709917296203,368.36786993094927,368.36786993094927,0.0,
G0_frozen_S7_V2,GP_Is_4.8mm_closed_R10_single_refY_004-raw01-01,GP_Is_4.8mm_closed_R10_single_refY,GP_Is_4.8mm_closed_R10_single_refY_004,1,45,295.1936950683594,10.0,True,147.41882324218784,4.993969237996407,frozen_S7_V2,ellipse,,,,,,,,,,1,363,0,0,False,237.2427215576172,172.73422241210938,147.4188232421875,106.89727020263672,105.40918731689452,
G0_frozen_S7_V2,GP_Is_4.8mm_closed_R10_single_refY_004-raw02-09,GP_Is_4.8mm_closed_R10_single_refY,GP_Is_4.8mm_closed_R10_single_refY_004,2,261,272.227783203125,10.0,True,134.75285339355494,4.950003699402275,frozen_S7_V2,ellipse,,,,,,,,,,1,341,0,0,False,222.8521881103516,166.9782257080078,134.7528533935547,102.38140869140624,107.26744842529295,
G0_frozen_S7_V2,GP_Is_4.8mm_closed_R10_single_refY_004-raw03-13,GP_Is_4.8mm_closed_R10_single_refY,GP_Is_4.8mm_closed_R10_single_refY_004,3,450,289.68414306640625,10.0,True,148.03340148925798,5.110165848992407,frozen_S7_V2,ellipse,,,,,,,,,,1,369,0,0,False,244.6038818359375,171.95944213867188,148.0334014892578,109.83358764648438,86.60082244873047,
G0_frozen_S7_V2,GP_Is_4.8mm_closed_R10_single_refY_004-raw04-13,GP_Is_4.8mm_closed_R10_single_refY,GP_Is_4.8mm_closed_R10_single_refY_004,4,612,301.9828491210937,10.0,True,152.16201782226562,5.038763567703455,frozen_S7_V2,ellipse,,,,,,,,,,1,385,0,0,False,247.6427459716797,188.3990936279297,152.16201782226562,120.4144515991211,75.0039291381836,
G0_frozen_S7_V2,GP_Is_4.8mm_closed_R10_single_refY_004-raw05-17,GP_Is_4.8mm_closed_R10_single_refY,GP_Is_4.8mm_closed_R10_single_refY_004,5,802,293.5547180175781,10.0,True,147.04035949707054,5.008959164071951,frozen_S7_V2,ellipse,,,,,,,,,,1,378,0,0,False,232.0892791748047,193.4742431640625,147.0403594970703,119.7640151977539,63.70099639892578,
G0_frozen_S7_V2,GP_Is_4.8mm_closed_R10_single_refY_005-raw01-09,GP_Is_4.8mm_closed_R10_single_refY,GP_Is_4.8mm_closed_R10_single_refY_005,1,99,340.9530944824219,10.0,True,170.83818054199253,5.010606541094181,frozen_S7_V2,ellipse,,,,,,,,,,1,436,0,0,False,270.1153869628906,211.1054534912109,170.8381805419922,140.7991943359375,96.1243133544922,
G0_frozen_S7_V2,GP_Is_4.8mm_closed_R10_single_refY_005-raw02-05,GP_Is_4.8mm_closed_R10_single_refY,GP_Is_4.8mm_closed_R10_single_refY_005,2,235,315.6539611816406,10.0,True,147.7527096717177,4.680844463937981,frozen_S7_V2,circle,,,,,,,,,,1,416,0,0,False,249.00192017796144,208.811979947155,147.75270967171747,147.75270967171747,0.0,
G0_frozen_S7_V2,GP_Is_4.8mm_closed_R10_single_refY_005-raw03-18,GP_Is_4.8mm_closed_R10_single_refY,GP_Is_4.8mm_closed_R10_single_refY_005,3,486,332.95074462890625,10.0,True,155.4464243146565,4.668751364046683,frozen_S7_V2,circle,,,,,,,,,,1,440,0,0,False,248.46182491235163,220.9049013962297,155.44642431465616,155.44642431465616,0.0,
G0_frozen_S7_V2,GP_Is_4.8mm_closed_R10_single_refY_005-raw04-22,GP_Is_4.8mm_closed_R10_single_refY,GP_Is_4.8mm_closed_R10_single_refY_005,4,677,300.4594116210937,10.0,True,146.35771485679888,4.8711309812910475,frozen_S7_V2,circle,,,,,,,,,,2,402,14,0,False,231.87309636904587,220.00511668588183,146.3577148567987,146.3577148567987,0.0,
G0_frozen_S7_V2,GP_Is_4.8mm_closed_R10_single_refY_005-raw05-08,GP_Is_4.8mm_closed_R10_single_refY,GP_Is_4.8mm_closed_R10_single_refY_005,5,745,280.6284484863281,10.0,True,137.32015142744254,4.893308293158761,frozen_S7_V2,circle,,,,,,,,,,1,393,0,0,False,220.17206343711584,206.6428532991256,137.32015142744234,137.32015142744234,0.0,
G0_frozen_S7_V2,GP_Is_6.5mm_closed_R10_single_refY_004-raw01-07,GP_Is_6.5mm_closed_R10_single_refY,GP_Is_6.5mm_closed_R10_single_refY_004,1,74,281.9202575683594,10.0,True,145.62940979003932,5.1656241749398735,frozen_S7_V2,ellipse,,,,,,,,,,3,355,19,0,False,206.15655517578125,172.75108337402344,145.62940979003906,112.05250549316406,55.04143142700195,
G0_frozen_S7_V2,GP_Is_6.5mm_closed_R10_single_refY_004-raw02-04,GP_Is_6.5mm_closed_R10_single_refY,GP_Is_6.5mm_closed_R10_single_refY_004,2,198,270.7782897949219,10.0,True,144.4510650634769,5.33466199128738,frozen_S7_V2,ellipse,,,,,,,,,,2,363,4,0,False,196.5734100341797,173.2445831298828,144.45106506347656,108.26661682128906,59.82663345336914,
G0_frozen_S7_V2,GP_Is_6.5mm_closed_R10_single_refY_004-raw03-24,GP_Is_6.5mm_closed_R10_single_refY,GP_Is_6.5mm_closed_R10_single_refY_004,3,456,279.6789855957031,10.0,True,153.54013061523463,5.48987011978041,frozen_S7_V2,ellipse,,,,,,,,,,2,367,26,0,False,199.2482147216797,175.52151489257812,153.54013061523438,113.16068267822266,69.55488586425781,
G0_frozen_S7_V2,GP_Is_6.5mm_closed_R10_single_refY_004-raw04-19,GP_Is_6.5mm_closed_R10_single_refY,GP_Is_6.5mm_closed_R10_single_refY_004,4,568,301.8932800292969,10.0,True,170.53097534179716,5.648717166716933,frozen_S7_V2,ellipse,,,,,,,,,,2,389,41,0,False,204.0882263183593,177.4203643798828,170.53097534179688,121.53077697753906,74.34925079345703,
G0_frozen_S7_V2,GP_Is_6.5mm_closed_R10_single_refY_004-raw05-14,GP_Is_6.5mm_closed_R10_single_refY,GP_Is_6.5mm_closed_R10_single_refY_004,5,681,304.8157958984375,10.0,True,173.0608062744141,5.6775537423945295,frozen_S7_V2,ellipse,,,,,,,,,,2,383,43,0,False,204.35728454589844,178.63583374023438,173.06080627441406,123.04800415039062,76.75298309326172,
G0_frozen_S7_V2,GP_Is_6.5mm_closed_R10_single_refY_005-raw01-22,GP_Is_6.5mm_closed_R10_single_refY,GP_Is_6.5mm_closed_R10_single_refY_005,1,160,357.4503173828125,10.0,True,209.7210845947272,5.867139414793854,frozen_S7_V2,ellipse,,,,,,,,,,3,510,46,0,False,234.29933166503903,205.1521148681641,209.72108459472656,164.08413696289062,104.04052734375,
G0_frozen_S7_V2,GP_Is_6.5mm_closed_R10_single_refY_005-raw02-12,GP_Is_6.5mm_closed_R10_single_refY,GP_Is_6.5mm_closed_R10_single_refY_005,2,242,356.2591247558594,10.0,True,213.69035339355523,5.998172076013351,frozen_S7_V2,ellipse,,,,,,,,,,3,491,63,0,False,233.6905975341797,203.3617553710937,213.6903533935547,164.13241577148438,108.30780029296876,
G0_frozen_S7_V2,GP_Is_6.5mm_closed_R10_single_refY_005-raw03-05,GP_Is_6.5mm_closed_R10_single_refY,GP_Is_6.5mm_closed_R10_single_refY_005,3,341,350.1836853027344,10.0,True,206.9673156738286,5.910250087604882,frozen_S7_V2,ellipse,,,,,,,,,,1,475,59,0,False,240.872299194336,203.8660888671875,206.96731567382807,159.0343475341797,97.27007293701172,
G0_frozen_S7_V2,GP_Is_6.5mm_closed_R10_single_refY_005-raw04-13,GP_Is_6.5mm_closed_R10_single_refY,GP_Is_6.5mm_closed_R10_single_refY_005,4,528,344.303955078125,10.0,True,193.6956176757817,5.62571573224684,frozen_S7_V2,ellipse,,,,,,,,,,5,446,70,0,False,240.01370239257807,198.2077178955078,193.69561767578125,161.4694366455078,91.29562377929688,
G0_frozen_S7_V2,GP_Is_6.5mm_closed_R10_single_refY_005-raw05-11,GP_Is_6.5mm_closed_R10_single_refY,GP_Is_6.5mm_closed_R10_single_refY_005,5,657,343.0627746582031,10.0,True,185.56430053710992,5.409047971526188,frozen_S7_V2,ellipse,,,,,,,,,,1,451,46,0,False,245.4646148681641,196.75747680664065,185.5643005371093,157.42501831054688,86.67325592041016,
G0_frozen_S7_V2,GP_Is_7.0mm_closed_R5_single_refY_004-raw01-03,GP_Is_7.0mm_closed_R5_single_refY,GP_Is_7.0mm_closed_R5_single_refY_004,1,39,112.04906463623048,5.0,True,201.2547760009768,8.98065399538829,frozen_S7_V2,ellipse,,,,,,,,,,2,361,410,0,False,139.18630981445312,182.08790588378903,201.25477600097656,171.00686645507812,112.2464599609375,
G0_frozen_S7_V2,GP_Is_7.0mm_closed_R5_single_refY_004-raw02-21,GP_Is_7.0mm_closed_R5_single_refY,GP_Is_7.0mm_closed_R5_single_refY_004,2,232,112.62174224853516,5.0,True,191.7702842662981,8.51391038877275,frozen_S7_V2,circle,,,,,,,,,,4,365,374,0,False,137.72435797297385,167.29793880066762,191.77028426629803,191.77028426629803,0.0,
G0_frozen_S7_V2,GP_Is_7.0mm_closed_R5_single_refY_004-raw03-12,GP_Is_7.0mm_closed_R5_single_refY,GP_Is_7.0mm_closed_R5_single_refY_004,3,300,109.5236358642578,5.0,True,186.1199340820316,8.496793071803527,frozen_S7_V2,ellipse,,,,,,,,,,3,340,392,0,False,133.52493286132812,179.08860778808594,186.11993408203125,152.859130859375,89.58533477783203,
G0_frozen_S7_V2,GP_Is_7.0mm_closed_R5_single_refY_004-raw04-02,GP_Is_7.0mm_closed_R5_single_refY,GP_Is_7.0mm_closed_R5_single_refY_004,4,365,107.59822082519533,5.0,True,198.2055664062501,9.210448132235197,frozen_S7_V2,ellipse,,,,,,,,,,3,326,427,0,False,145.15440368652344,182.2950592041016,198.20556640625,163.26455688476562,70.35870361328125,
G0_frozen_S7_V2,GP_Is_7.0mm_closed_R5_single_refY_004-raw05-01,GP_Is_7.0mm_closed_R5_single_refY,GP_Is_7.0mm_closed_R5_single_refY_004,5,470,134.11746215820312,5.0,True,224.1723747925228,8.357314967982772,frozen_S7_V2,circle,,,,,,,,,,5,397,329,118,False,151.4656121986955,183.04835579487784,224.17237479252265,224.17237479252265,0.0,
G0_frozen_S7_V2,GP_Is_7.0mm_closed_R5_single_refY_005-raw01-19,GP_Is_7.0mm_closed_R5_single_refY,GP_Is_7.0mm_closed_R5_single_refY_005,1,202,161.57070922851562,5.0,True,228.34982695223547,7.06656014702738,frozen_S7_V2,circle,,,,,,,,,,7,571,9,370,False,187.1790070680545,230.11206762968385,228.34982695223525,228.34982695223525,0.0,
G0_frozen_S7_V2,GP_Is_7.0mm_closed_R5_single_refY_005-raw02-12,GP_Is_7.0mm_closed_R5_single_refY,GP_Is_7.0mm_closed_R5_single_refY_005,2,341,155.57838439941406,5.0,True,218.42958854998625,7.019920839041984,frozen_S7_V2,circle,,,,,,,,,,8,540,30,328,False,169.8641542685423,214.9914757173817,218.42958854998608,218.42958854998608,0.0,
G0_frozen_S7_V2,GP_Is_7.0mm_closed_R5_single_refY_005-raw03-16,GP_Is_7.0mm_closed_R5_single_refY,GP_Is_7.0mm_closed_R5_single_refY_005,3,571,145.44363403320312,5.0,True,210.8598713332072,7.248851857107416,frozen_S7_V2,circle,,,,,,,,,,11,536,20,326,False,164.74063745211902,210.2177929292404,210.85987133320705,210.85987133320705,0.0,
G0_frozen_S7_V2,GP_Is_7.0mm_closed_R5_single_refY_005-raw04-03,GP_Is_7.0mm_closed_R5_single_refY,GP_Is_7.0mm_closed_R5_single_refY_005,4,661,135.20240783691406,5.0,True,201.20742624711824,7.440970522130855,frozen_S7_V2,circle,,,,,,,,,,11,410,112,313,False,155.96474617789167,202.624609344593,201.20742624711772,201.20742624711772,0.0,
G0_frozen_S7_V2,GP_Is_7.0mm_closed_R5_single_refY_005-raw05-02,GP_Is_7.0mm_closed_R5_single_refY,GP_Is_7.0mm_closed_R5_single_refY_005,5,850,136.22706604003906,5.0,True,201.99529909139835,7.413919456799762,frozen_S7_V2,circle,,,,,,,,,,10,414,138,288,False,158.8274266007485,202.63316021609336,201.99529909139824,201.99529909139824,0.0,
G0_frozen_S7_V2,GP_Is_7mm_closed_R10_single_refY_004-raw01-03,GP_Is_7mm_closed_R10_single_refY,GP_Is_7mm_closed_R10_single_refY_004,1,55,284.5248107910156,10.0,True,205.24069213867216,7.2134550083023194,frozen_S7_V2,ellipse,,,,,,,,,,2,537,3,0,False,229.37794494628903,179.4939422607422,205.24069213867188,168.5672607421875,100.4666748046875,
G0_frozen_S7_V2,GP_Is_7mm_closed_R10_single_refY_004-raw02-05,GP_Is_7mm_closed_R10_single_refY,GP_Is_7mm_closed_R10_single_refY_004,2,222,260.0789489746094,10.0,True,210.0699350830989,8.07716025888767,frozen_S7_V2,circle,,,,,,,,,,6,466,44,0,False,206.5915136626164,196.62010931410848,210.06993508309847,210.06993508309847,0.0,
G0_frozen_S7_V2,GP_Is_7mm_closed_R10_single_refY_004-raw03-01,GP_Is_7mm_closed_R10_single_refY,GP_Is_7mm_closed_R10_single_refY_004,3,350,283.1093444824219,10.0,True,205.4046173095705,7.255310406129105,frozen_S7_V2,ellipse,,,,,,,,,,1,534,0,0,False,224.2403259277344,182.6116943359375,205.4046173095703,166.8614044189453,102.38654327392578,
G0_frozen_S7_V2,GP_Is_7mm_closed_R10_single_refY_004-raw04-09,GP_Is_7mm_closed_R10_single_refY,GP_Is_7mm_closed_R10_single_refY_004,4,555,356.42742919921875,10.0,True,257.90658569336017,7.235879300108744,frozen_S7_V2,ellipse,,,,,,,,,,1,723,12,0,False,282.34246826171875,203.2458038330078,257.9065856933594,199.258056640625,97.90196990966795,
G0_frozen_S7_V2,GP_Is_7mm_closed_R10_single_refY_004-raw05-09,GP_Is_7mm_closed_R10_single_refY,GP_Is_7mm_closed_R10_single_refY_004,5,709,369.311279296875,10.0,True,272.6105346679689,7.381592438416372,frozen_S7_V2,ellipse,,,,,,,,,,2,742,11,0,False,295.2401733398437,210.0707244873047,272.61053466796875,209.0225372314453,91.30889892578124,
G0_frozen_S7_V2,GP_Is_7mm_closed_R10_single_refY_005-raw01-04,GP_Is_7mm_closed_R10_single_refY,GP_Is_7mm_closed_R10_single_refY_005,1,48,334.4013061523437,10.0,True,235.1479339599612,7.031908357823056,frozen_S7_V2,ellipse,,,,,,,,,,1,695,0,0,False,257.4476318359375,213.3793029785156,235.1479339599609,194.0668487548828,105.10188293457033,
G0_frozen_S7_V2,GP_Is_7mm_closed_R10_single_refY_005-raw02-23,GP_Is_7mm_closed_R10_single_refY,GP_Is_7mm_closed_R10_single_refY_005,2,267,337.2374267578125,10.0,True,239.86303710937509,7.112586506646341,frozen_S7_V2,ellipse,,,,,,,,,,1,715,1,0,False,269.1669616699219,210.14358520507807,239.863037109375,195.72314453125,81.56977081298828,
G0_frozen_S7_V2,GP_Is_7mm_closed_R10_single_refY_005-raw03-09,GP_Is_7mm_closed_R10_single_refY,GP_Is_7mm_closed_R10_single_refY_005,3,318,334.56365966796875,10.0,True,238.8806457519539,7.1400655405618885,frozen_S7_V2,ellipse,,,,,,,,,,2,862,0,0,False,264.6419677734375,223.69729614257807,238.88064575195312,201.940185546875,77.68286895751953,
G0_frozen_S7_V2,GP_Is_7mm_closed_R10_single_refY_005-raw04-02,GP_Is_7mm_closed_R10_single_refY,GP_Is_7mm_closed_R10_single_refY_005,4,404,347.05535888671875,10.0,True,222.91572663852972,6.423059633875036,frozen_S7_V2,circle,,,,,,,,,,2,795,0,0,False,261.21784066657705,238.22132792756616,222.91572663852963,222.91572663852963,0.0,
G0_frozen_S7_V2,GP_Is_7mm_closed_R10_single_refY_005-raw05-07,GP_Is_7mm_closed_R10_single_refY,GP_Is_7mm_closed_R10_single_refY_005,5,552,328.80682373046875,10.0,True,227.4801109403144,6.9183512787065995,frozen_S7_V2,circle,,,,,,,,,,1,701,0,0,False,254.34363362487625,237.2451783288679,227.48011094031392,227.48011094031392,0.0,
G0_frozen_S7_V2,GP_Is_8.8mm_closed_R10_single_refY_005-raw05-24,GP_Is_8.8mm_closed_R10_single_refY,GP_Is_8.8mm_closed_R10_single_refY_005,5,1081,311.2996826171875,10.0,True,263.13994805212485,8.452946236238674,frozen_S7_V2,circle,,,,,,,,,,4,670,145,0,False,241.5786311060667,233.9282659855131,263.13994805212417,263.13994805212417,0.0,
G0_frozen_S7_V2,GP_Is_8.8mm_closed_R5_single_refY_004-raw01-18,GP_Is_8.8mm_closed_R5_single_refY,GP_Is_8.8mm_closed_R5_single_refY_004,1,181,142.96514892578125,5.0,True,392.0158696694447,13.710189952411246,frozen_S7_V2,circle,,,,,,,,,,8,527,158,299,False,213.68849376057537,78.1559031117583,392.015869669444,392.015869669444,0.0,
G0_frozen_S7_V2,GP_Is_8.8mm_closed_R5_single_refY_004-raw02-02,GP_Is_8.8mm_closed_R5_single_refY,GP_Is_8.8mm_closed_R5_single_refY_004,2,243,144.62033081054688,5.0,True,291.17227172851625,10.06678210790269,frozen_S7_V2,ellipse,,,,,,,,,,4,411,494,99,False,179.8390350341797,187.38589477539065,291.1722717285156,173.77659606933594,109.38340759277344,
G0_frozen_S7_V2,GP_Is_8.8mm_closed_R5_single_refY_004-raw03-02,GP_Is_8.8mm_closed_R5_single_refY,GP_Is_8.8mm_closed_R5_single_refY_004,3,427,151.98292541503906,5.0,True,397.4686619625572,13.076095912653972,frozen_S7_V2,circle,,,,,,,,,,11,553,160,339,False,225.60164088406293,98.14759782734532,397.4686619625569,397.4686619625569,0.0,
G0_frozen_S7_V2,GP_Is_8.8mm_closed_R5_single_refY_004-raw04-24,GP_Is_8.8mm_closed_R5_single_refY,GP_Is_8.8mm_closed_R5_single_refY_004,4,779,159.89418029785156,5.0,True,301.76223754882875,9.436310845920245,frozen_S7_V2,ellipse,,,,,,,,,,3,646,31,441,False,189.99462890625,195.65118408203125,301.7622375488281,214.23028564453125,99.4571762084961,
G0_frozen_S7_V2,GP_Is_8.8mm_closed_R5_single_refY_004-raw05-04,GP_Is_8.8mm_closed_R5_single_refY,GP_Is_8.8mm_closed_R5_single_refY_004,5,810,159.78355407714844,5.0,True,299.7262878417969,9.379134466400709,frozen_S7_V2,ellipse,,,,,,,,,,6,649,43,427,False,189.49822998046875,194.6181488037109,299.7262878417969,223.37612915039065,98.65020751953124,
G0_frozen_S7_V2,GP_Is_8.8mm_closed_R5_single_refY_005-raw01-19,GP_Is_8.8mm_closed_R5_single_refY,GP_Is_8.8mm_closed_R5_single_refY_005,1,157,151.90443420410156,5.0,True,275.90585327148506,9.081560216365144,frozen_S7_V2,ellipse,,,,,,,,,,4,604,5,489,False,170.89564514160156,179.1595458984375,275.9058532714844,226.2172698974609,91.0138168334961,
G0_frozen_S7_V2,GP_Is_8.8mm_closed_R5_single_refY_005-raw02-06,GP_Is_8.8mm_closed_R5_single_refY,GP_Is_8.8mm_closed_R5_single_refY_005,2,227,150.80612182617188,5.0,True,278.7686462402352,9.242617039166374,frozen_S7_V2,ellipse,,,,,,,,,,2,600,14,448,False,171.7607421875,178.54754638671875,278.7686462402344,217.63934326171875,98.43758392333984,
G0_frozen_S7_V2,GP_Is_8.8mm_closed_R5_single_refY_005-raw03-12,GP_Is_8.8mm_closed_R5_single_refY,GP_Is_8.8mm_closed_R5_single_refY_005,3,418,178.75733947753906,5.0,True,313.6777648925782,8.773842959661858,frozen_S7_V2,ellipse,,,,,,,,,,3,692,0,531,False,190.4828186035156,199.5359802246093,313.6777648925781,262.7267150878906,97.8990478515625,
G0_frozen_S7_V2,GP_Is_8.8mm_closed_R5_single_refY_005-raw04-24,GP_Is_8.8mm_closed_R5_single_refY,GP_Is_8.8mm_closed_R5_single_refY_005,4,648,166.7183380126953,5.0,True,282.1563123941641,8.462065893815424,frozen_S7_V2,circle,,,,,,,,,,6,646,7,622,False,192.32720294596885,178.62072209107927,282.1563123941633,282.1563123941633,0.0,
G0_frozen_S7_V2,GP_Is_8.8mm_closed_R5_single_refY_005-raw05-16,GP_Is_8.8mm_closed_R5_single_refY,GP_Is_8.8mm_closed_R5_single_refY_005,5,752,177.38632202148438,5.0,True,293.78836059570347,8.28103196592917,frozen_S7_V2,ellipse,,,,,,,,,,5,699,11,535,False,223.78128051757807,193.9259796142578,293.7883605957031,249.15431213378903,31.44221305847168,
