group,capture,segment_id,stem,frame_index,sharpness,tenengrad_polyp_roi,laplacian_polyp_roi,adj_high_fraction,trusted_arc_count,trusted_arc_length_px,ring_component_fraction,ring_frontality,valid,status,pass_local,pass_geometry,selected,selection_reason
GP_IIa_14.0mm_closed_R10_single_refY,GP_IIa_14.0mm_closed_R10_single_refY_004,1,GP_IIa_14.0mm_closed_R10_single_refY_004-raw01-01,53,21.27318983740159,226.314044213264,9.685590052015606,0.540268456375839,4.0,736.9259612560272,1.0,0.5658644207164338,True,ok,True,True,True,pass_quality_gate
GP_IIa_14.0mm_closed_R10_single_refY,GP_IIa_14.0mm_closed_R10_single_refY_004,2,GP_IIa_14.0mm_closed_R10_single_refY_004-raw02-17,373,18.721344224707284,194.43140520896424,8.937878558449425,0.5466893039049237,4.0,735.2691024541855,1.0,0.5724300739346971,True,ok,True,True,True,pass_quality_gate
GP_IIa_14.0mm_closed_R10_single_refY,GP_IIa_14.0mm_closed_R10_single_refY_004,3,GP_IIa_14.0mm_closed_R10_single_refY_004-raw03-02,445,16.677701686812032,184.43554032375675,9.006489718535803,0.5569514237855946,6.0,757.5827910900116,1.0,0.5595321829366574,True,ok,True,True,True,pass_quality_gate
GP_IIa_14.0mm_closed_R10_single_refY,GP_IIa_14.0mm_closed_R10_single_refY_004,4,GP_IIa_14.0mm_closed_R10_single_refY_004-raw04-11,709,13.827800562953946,151.6725949659236,7.764397621439627,0.5593471810089021,5.0,864.5655422210693,1.0,0.6586049857556349,True,ok,True,True,True,pass_quality_gate
GP_IIa_14.0mm_closed_R10_single_refY,GP_IIa_14.0mm_closed_R10_single_refY_004,5,GP_IIa_14.0mm_closed_R10_single_refY_004-raw05-14,927,13.786705698267616,147.65557761016277,7.66540293767368,0.5689320388349515,5.0,1005.7198371887208,1.0,0.7205052372877271,True,ok,True,True,True,pass_quality_gate
GP_IIa_14.0mm_closed_R10_single_refY,GP_IIa_14.0mm_closed_R10_single_refY_005,1,GP_IIa_14.0mm_closed_R10_single_refY_005-raw01-16,155,16.14871286496292,226.08447908456665,11.422979245117784,0.5089221984296931,4.0,823.7371311187744,1.0,0.7654507300148471,True,ok,True,True,True,pass_quality_gate
GP_IIa_14.0mm_closed_R10_single_refY,GP_IIa_14.0mm_closed_R10_single_refY_005,2,GP_IIa_14.0mm_closed_R10_single_refY_005-raw02-23,377,19.658792185577365,286.8857216895569,15.866257810025626,0.5734824281150159,6.0,822.5949691534042,1.0,0.8300303807395311,True,ok,True,True,True,pass_quality_gate
GP_IIa_14.0mm_closed_R10_single_refY,GP_IIa_14.0mm_closed_R10_single_refY_005,3,GP_IIa_14.0mm_closed_R10_single_refY_005-raw03-04,413,18.613350966464143,257.98546989801514,14.497834192345652,0.5690440060698028,2.0,861.0802917480469,1.0,0.820182229652133,True,ok,True,True,True,pass_quality_gate
GP_IIa_14.0mm_closed_R10_single_refY,GP_IIa_14.0mm_closed_R10_single_refY_005,4,GP_IIa_14.0mm_closed_R10_single_refY_005-raw04-20,699,16.62574811770121,463.3243415613559,23.58518955946616,0.5708215297450425,5.0,929.4061546325684,1.0,0.8253979206253601,True,ok,True,True,True,pass_quality_gate
GP_IIa_14.0mm_closed_R10_single_refY,GP_IIa_14.0mm_closed_R10_single_refY_005,5,GP_IIa_14.0mm_closed_R10_single_refY_005-raw05-04,757,20.75117325732856,358.95149753674275,20.17071712736792,0.56550362080316,8.0,974.8497924804688,1.0,0.8661772281036522,True,ok,True,True,True,pass_quality_gate
GP_IIa_14.0mm_closed_R5_single_refY,GP_IIa_14.0mm_closed_R5_single_refY_004,1,GP_IIa_14.0mm_closed_R5_single_refY_004-raw01-11,142,16.58292640023761,331.71937408143856,14.825249992795596,0.6470588235294118,4.0,826.9798263311386,1.0,0.5808877400842846,True,ok,True,True,True,pass_quality_gate
GP_IIa_14.0mm_closed_R5_single_refY,GP_IIa_14.0mm_closed_R5_single_refY_004,2,GP_IIa_14.0mm_closed_R5_single_refY_004-raw02-18,407,9.0714938636768,276.14791585508374,12.287105570705103,0.5647058823529412,1.0,781.1807861328125,1.0,0.3794913841272432,True,ok,True,True,True,pass_quality_gate
GP_IIa_14.0mm_closed_R5_single_refY,GP_IIa_14.0mm_closed_R5_single_refY_004,3,GP_IIa_14.0mm_closed_R5_single_refY_004-raw03-16,595,9.953795512781037,330.26791228550206,15.562678341085878,0.5766362883181442,2.0,811.3939666748047,1.0,0.4503232199510251,True,ok,True,True,True,pass_quality_gate
GP_IIa_14.0mm_closed_R5_single_refY,GP_IIa_14.0mm_closed_R5_single_refY_004,4,GP_IIa_14.0mm_closed_R5_single_refY_004-raw04-16,800,10.505636635503649,277.1630009371038,11.501819083843229,0.6285714285714286,4.0,1132.5848236083984,1.0,0.6128506786007764,True,ok,True,True,True,pass_quality_gate
GP_IIa_14.0mm_closed_R5_single_refY,GP_IIa_14.0mm_closed_R5_single_refY_004,5,GP_IIa_14.0mm_closed_R5_single_refY_004-raw05-14,990,9.416144652631552,386.7425694646142,16.71775721615977,0.6255798542080848,3.0,1109.5847988128662,1.0,0.5649841090230409,True,ok,True,True,True,pass_quality_gate
GP_IIa_14.0mm_closed_R5_single_refY,GP_IIa_14.0mm_closed_R5_single_refY_005,1,GP_IIa_14.0mm_closed_R5_single_refY_005-raw01-09,117,12.095008647325312,357.4989095083222,16.745590204706332,0.5993150684931506,3.0,1031.4721740484238,1.0,0.7540035131406968,True,ok,True,True,True,pass_quality_gate
GP_IIa_14.0mm_closed_R5_single_refY,GP_IIa_14.0mm_closed_R5_single_refY_005,2,GP_IIa_14.0mm_closed_R5_single_refY_005-raw02-11,326,11.071620946205986,427.2535093547074,20.47654358029189,0.5800604229607251,4.0,908.1462860107422,1.0,0.7271720284333879,True,ok,True,True,True,pass_quality_gate
GP_IIa_14.0mm_closed_R5_single_refY,GP_IIa_14.0mm_closed_R5_single_refY_005,3,GP_IIa_14.0mm_closed_R5_single_refY_005-raw03-20,592,20.56699978236329,726.9378765673343,37.32130353362645,1.0,1.0,987.9036254882812,1.0,0.8141661862989619,True,ok,True,True,True,pass_quality_gate
GP_IIa_14.0mm_closed_R5_single_refY,GP_IIa_14.0mm_closed_R5_single_refY_005,4,GP_IIa_14.0mm_closed_R5_single_refY_005-raw04-08,688,22.32708351697451,676.9339933318333,33.13344515126102,0.5645833333333333,4.0,941.134162902832,1.0,0.8045285878833934,True,ok,True,True,True,pass_quality_gate
GP_IIa_14.0mm_closed_R5_single_refY,GP_IIa_14.0mm_closed_R5_single_refY_005,5,GP_IIa_14.0mm_closed_R5_single_refY_005-raw05-24,1011,24.897114998353555,698.3630650412659,38.59087983645037,0.5832167832167832,7.0,969.4894580841064,1.0,0.7888180178875948,True,ok,True,True,True,pass_quality_gate
GP_IIa_22.0mm_closed_R10_single_refY,GP_IIa_22.0mm_closed_R10_single_refY_005,1,GP_IIa_22.0mm_closed_R10_single_refY_005-raw01-20,231,24.73341254277995,401.5551996339092,12.487554545900274,0.6348983882270498,2.0,1042.7615356445312,1.0,0.3725554694491307,True,ok,True,True,True,pass_quality_gate
GP_IIa_22.0mm_closed_R10_single_refY,GP_IIa_22.0mm_closed_R10_single_refY_005,2,GP_IIa_22.0mm_closed_R10_single_refY_005-raw02-06,321,29.03789129604646,346.4216735924387,11.649018169966594,0.6224703419399861,3.0,1024.861997961998,1.0,0.422753358486957,True,ok,True,True,True,pass_quality_gate
GP_IIa_22.0mm_closed_R10_single_refY,GP_IIa_22.0mm_closed_R10_single_refY_005,3,GP_IIa_22.0mm_closed_R10_single_refY_005-raw03-19,654,23.88014643585652,360.05865184155664,12.071369006254344,0.6170212765957447,3.0,1112.64370572567,1.0,0.4492167070396287,True,ok,True,True,True,pass_quality_gate
GP_IIa_22.0mm_closed_R10_single_refY,GP_IIa_22.0mm_closed_R10_single_refY_005,4,GP_IIa_22.0mm_closed_R10_single_refY_005-raw04-05,744,26.61990123183521,398.90766624895,15.12549403032348,0.6169665809768637,4.0,1117.129025220871,1.0,0.4522676282447296,True,ok,True,True,True,pass_quality_gate
GP_IIa_22.0mm_closed_R10_single_refY,GP_IIa_22.0mm_closed_R10_single_refY_005,5,GP_IIa_22.0mm_closed_R10_single_refY_005-raw05-01,924,22.842523288001527,318.4373305968568,12.00026769879424,0.6230366492146597,3.0,1244.040739417076,1.0,0.4444735091493099,True,ok,True,True,True,pass_quality_gate
GP_IIa_22.0mm_closed_R10_single_refY,GP_IIa_22.0mm_closed_R10_single_refY_006,1,GP_IIa_22.0mm_closed_R10_single_refY_006-raw01-09,86,22.82697806260733,301.655387373439,13.39181453337951,0.5393203883495146,2.0,1306.16552734375,1.0,0.7102689438952889,True,ok,True,True,True,pass_quality_gate
GP_IIa_22.0mm_closed_R10_single_refY,GP_IIa_22.0mm_closed_R10_single_refY_006,2,GP_IIa_22.0mm_closed_R10_single_refY_006-raw02-15,264,23.00395805980071,262.898225308642,11.438261959876543,0.5281264528126453,3.0,1339.2782545089722,1.0,0.7452737854766998,True,ok,True,True,True,pass_quality_gate
GP_IIa_22.0mm_closed_R10_single_refY,GP_IIa_22.0mm_closed_R10_single_refY_006,3,GP_IIa_22.0mm_closed_R10_single_refY_006-raw03-18,424,24.914084835333888,245.63024301013937,11.05272267734036,0.5173050299953853,6.0,1312.5797882080078,1.0,0.7648343317326664,True,ok,True,True,True,pass_quality_gate
GP_IIa_22.0mm_closed_R10_single_refY,GP_IIa_22.0mm_closed_R10_single_refY_006,4,GP_IIa_22.0mm_closed_R10_single_refY_006-raw04-23,595,28.87214193835672,182.55698417924413,8.465802561125647,0.4929810074318745,3.0,1392.3077278137207,1.0,0.807030562668304,True,ok,True,True,True,pass_quality_gate
GP_IIa_22.0mm_closed_R10_single_refY,GP_IIa_22.0mm_closed_R10_single_refY_006,5,GP_IIa_22.0mm_closed_R10_single_refY_006-raw05-20,723,40.52400660158793,170.83648809997612,8.4628512298018,0.4770604953308973,13.0,1356.6803493499756,1.0,0.8491426455242791,True,ok,True,True,True,pass_quality_gate
GP_IIa_22.0mm_closed_R5_single_refY,GP_IIa_22.0mm_closed_R5_single_refY_004,1,GP_IIa_22.0mm_closed_R5_single_refY_004-raw01-08,129,15.06349500782224,254.9278286678197,9.944825230072812,0.6962616822429907,3.0,1221.0112762451172,1.0,0.5222830809289776,True,ok,True,True,True,pass_quality_gate
GP_IIa_22.0mm_closed_R5_single_refY,GP_IIa_22.0mm_closed_R5_single_refY_004,2,GP_IIa_22.0mm_closed_R5_single_refY_004-raw02-01,290,12.517698116583878,244.90672970526103,10.084347651141735,0.6454849498327759,5.0,1136.0407654047012,1.0,0.4553639531409065,True,ok,True,True,True,pass_quality_gate
GP_IIa_22.0mm_closed_R5_single_refY,GP_IIa_22.0mm_closed_R5_single_refY_004,3,GP_IIa_22.0mm_closed_R5_single_refY_004-raw03-04,545,8.48060537244538,185.6623363295048,7.122187347661361,0.6892307692307692,13.0,1300.437690615654,1.0,0.4826743459644694,True,ok,True,True,True,pass_quality_gate
GP_IIa_22.0mm_closed_R5_single_refY,GP_IIa_22.0mm_closed_R5_single_refY_004,4,GP_IIa_22.0mm_closed_R5_single_refY_004-raw04-19,914,13.9051636542697,167.93585816258707,7.864780510360373,1.0,1.0,1520.4620361328125,0.931012577817304,0.6846020814565454,True,ok,True,True,True,pass_quality_gate
GP_IIa_22.0mm_closed_R5_single_refY,GP_IIa_22.0mm_closed_R5_single_refY_004,5,GP_IIa_22.0mm_closed_R5_single_refY_004-raw05-15,1103,14.573216433432073,178.95681544028952,7.565158177360987,1.0,1.0,1470.90576171875,1.0,0.6510552510659119,True,ok,True,True,True,pass_quality_gate
GP_IIa_22.0mm_closed_R5_single_refY,GP_IIa_22.0mm_closed_R5_single_refY_005,1,GP_IIa_22.0mm_closed_R5_single_refY_005-raw01-11,85,28.66661970603731,220.9258593318306,11.04724022699166,0.9965899403239556,1.0,1365.9940185546875,0.9648538352627634,0.7420041041820656,True,ok,True,True,True,pass_quality_gate
GP_IIa_22.0mm_closed_R5_single_refY,GP_IIa_22.0mm_closed_R5_single_refY_005,2,GP_IIa_22.0mm_closed_R5_single_refY_005-raw02-22,263,21.603560539170257,212.89720819548435,10.84376148741463,0.9955277280858676,1.0,1297.567626953125,0.9413623595505618,0.7445783519111261,True,ok,True,True,True,pass_quality_gate
GP_IIa_22.0mm_closed_R5_single_refY,GP_IIa_22.0mm_closed_R5_single_refY_005,3,GP_IIa_22.0mm_closed_R5_single_refY_005-raw03-11,329,23.253618403953983,207.755952437349,11.096413851911509,1.0,1.0,1310.638671875,1.0,0.7754870088082833,True,ok,True,True,True,pass_quality_gate
GP_IIa_22.0mm_closed_R5_single_refY,GP_IIa_22.0mm_closed_R5_single_refY_005,4,GP_IIa_22.0mm_closed_R5_single_refY_005-raw04-13,461,23.5670328432248,184.25184363834768,9.890191315979372,1.0,1.0,1357.16552734375,0.9967146828405358,0.796603950764932,True,ok,True,True,True,pass_quality_gate
GP_IIa_22.0mm_closed_R5_single_refY,GP_IIa_22.0mm_closed_R5_single_refY_005,5,GP_IIa_22.0mm_closed_R5_single_refY_005-raw05-01,522,21.95679470278423,148.00232938582454,7.919716206123973,1.0,1.0,1348.337158203125,1.0,0.8129237963813298,True,ok,True,True,True,pass_quality_gate
GP_IIa_4.5mm_closed_R10_single_refY,GP_IIa_4.5mm_closed_R10_single_refY_004,1,GP_IIa_4.5mm_closed_R10_single_refY_004-raw01-11,131,21.965383850055268,820.3883551673945,14.7235807860262,1.0,1.0,322.97772216796875,1.0,0.7044005479086652,True,ok,True,True,True,pass_quality_gate
GP_IIa_4.5mm_closed_R10_single_refY,GP_IIa_4.5mm_closed_R10_single_refY_004,2,GP_IIa_4.5mm_closed_R10_single_refY_004-raw02-08,297,25.021522343519003,712.5870998874055,13.317355637767411,1.0,1.0,308.73504638671875,1.0,0.6817095270941811,True,ok,True,True,True,pass_quality_gate
GP_IIa_4.5mm_closed_R10_single_refY,GP_IIa_4.5mm_closed_R10_single_refY_004,3,GP_IIa_4.5mm_closed_R10_single_refY_004-raw03-18,567,22.359955429471565,702.072778561354,16.398871650211564,1.0,1.0,325.9066467285156,1.0,0.7206531595954887,True,ok,True,True,True,pass_quality_gate
GP_IIa_4.5mm_closed_R10_single_refY,GP_IIa_4.5mm_closed_R10_single_refY_004,4,GP_IIa_4.5mm_closed_R10_single_refY_004-raw04-04,646,19.61964620828512,672.0371134020619,19.45072164948453,1.0,1.0,330.39190673828125,1.0,0.7418140598042141,True,ok,True,True,True,pass_quality_gate
GP_IIa_4.5mm_closed_R10_single_refY,GP_IIa_4.5mm_closed_R10_single_refY_004,5,GP_IIa_4.5mm_closed_R10_single_refY_004-raw05-05,844,23.88026258198301,591.1654967602592,15.225161987041036,1.0,1.0,332.0487670898437,1.0,0.8161803891781744,True,ok,True,True,True,pass_quality_gate
GP_IIa_4.5mm_closed_R10_single_refY,GP_IIa_4.5mm_closed_R10_single_refY_005,1,GP_IIa_4.5mm_closed_R10_single_refY_005-raw01-14,99,21.94191510461761,394.90519224449554,8.270292474531713,1.0,1.0,423.4041137695313,1.0,0.791218843932327,True,ok,True,True,True,pass_quality_gate
GP_IIa_4.5mm_closed_R10_single_refY,GP_IIa_4.5mm_closed_R10_single_refY_005,2,GP_IIa_4.5mm_closed_R10_single_refY_005-raw02-24,272,18.21239017692731,425.6502152521525,10.573185731857318,1.0,1.0,438.81829833984375,1.0,0.7653217107779023,True,ok,True,True,True,pass_quality_gate
GP_IIa_4.5mm_closed_R10_single_refY,GP_IIa_4.5mm_closed_R10_single_refY_005,3,GP_IIa_4.5mm_closed_R10_single_refY_005-raw03-19,369,20.24704181104118,417.570942812983,11.983462132921174,1.0,1.0,440.81829833984375,1.0,0.7253869529652465,True,ok,True,True,True,pass_quality_gate
GP_IIa_4.5mm_closed_R10_single_refY,GP_IIa_4.5mm_closed_R10_single_refY_005,4,GP_IIa_4.5mm_closed_R10_single_refY_005-raw04-05,419,19.1900769260536,370.63802612481857,8.022496371552975,1.0,1.0,455.7888793945313,1.0,0.7277627963506429,True,ok,True,True,True,pass_quality_gate
GP_IIa_4.5mm_closed_R10_single_refY,GP_IIa_4.5mm_closed_R10_single_refY_005,5,GP_IIa_4.5mm_closed_R10_single_refY_005-raw05-21,625,15.60352212997248,358.92820773930754,9.283477596741344,1.0,1.0,481.2030944824219,1.0,0.7878234478598438,True,ok,True,True,True,pass_quality_gate
GP_IIa_5.2mm_closed_R10_single_refY,GP_IIa_5.2mm_closed_R10_single_refY_001,1,GP_IIa_5.2mm_closed_R10_single_refY_001-raw01-23,187,31.309257661602807,197.884945305737,8.5311245770048,1.0,1.0,428.71783447265625,1.0,0.8106818639512264,True,ok,True,True,True,pass_quality_gate
GP_IIa_5.2mm_closed_R10_single_refY,GP_IIa_5.2mm_closed_R10_single_refY_001,2,GP_IIa_5.2mm_closed_R10_single_refY_001-raw02-19,318,48.76000838385215,249.7335439705108,12.671493768650167,1.0,1.0,405.2619934082031,1.0,0.9088306677102668,True,ok,True,True,True,pass_quality_gate
GP_IIa_5.2mm_closed_R10_single_refY,GP_IIa_5.2mm_closed_R10_single_refY_001,3,GP_IIa_5.2mm_closed_R10_single_refY_001-raw03-09,409,57.94078735057219,541.1009421265142,26.402243158366986,1.0,1.0,400.0903930664063,1.0,0.884864002314695,True,ok,True,True,True,pass_quality_gate
GP_IIa_5.2mm_closed_R10_single_refY,GP_IIa_5.2mm_closed_R10_single_refY_001,4,GP_IIa_5.2mm_closed_R10_single_refY_001-raw04-17,619,84.7543848885242,344.9758354755784,16.182005141388174,1.0,1.0,411.8477783203125,1.0,0.9102538291878164,True,ok,True,True,True,pass_quality_gate
GP_IIa_5.2mm_closed_R10_single_refY,GP_IIa_5.2mm_closed_R10_single_refY_001,5,GP_IIa_5.2mm_closed_R10_single_refY_001-raw05-15,764,92.95773280706996,246.6279116066096,12.393788572566196,1.0,1.0,381.504638671875,1.0,0.9576379712341512,True,ok,True,True,True,pass_quality_gate
GP_IIa_5.2mm_closed_R10_single_refY,GP_IIa_5.2mm_closed_R10_single_refY_004,1,GP_IIa_5.2mm_closed_R10_single_refY_004-raw01-12,136,30.267648447812626,314.19718617079286,10.081633765950484,1.0,1.0,526.658935546875,1.0,0.6183419072568158,True,ok,True,True,True,pass_quality_gate
GP_IIa_5.2mm_closed_R10_single_refY,GP_IIa_5.2mm_closed_R10_single_refY_004,2,GP_IIa_5.2mm_closed_R10_single_refY_004-raw02-01,236,29.3970561818429,242.35536533170284,7.120635891164781,1.0,1.0,490.5167846679688,1.0,0.6913000585167055,True,ok,True,True,True,pass_quality_gate
GP_IIa_5.2mm_closed_R10_single_refY,GP_IIa_5.2mm_closed_R10_single_refY_004,3,GP_IIa_5.2mm_closed_R10_single_refY_004-raw03-23,591,24.16636567878253,363.5976042241312,10.768618488454567,1.0,1.0,436.96044921875,1.0,0.6717600211315674,True,ok,True,True,True,pass_quality_gate
GP_IIa_5.2mm_closed_R10_single_refY,GP_IIa_5.2mm_closed_R10_single_refY_004,4,GP_IIa_5.2mm_closed_R10_single_refY_004-raw04-06,645,24.101936898761355,279.95750535004584,8.268572302048304,1.0,1.0,444.8599243164063,1.0,0.6959012203904762,True,ok,True,True,True,pass_quality_gate
GP_IIa_5.2mm_closed_R10_single_refY,GP_IIa_5.2mm_closed_R10_single_refY_004,5,GP_IIa_5.2mm_closed_R10_single_refY_004-raw05-04,814,14.0506639358332,241.9755128693476,9.059313272024813,1.0,1.0,523.1441650390625,1.0,0.7373434736678045,True,ok,True,True,True,pass_quality_gate
GP_IIa_9.5mm_closed_R5_single_refY,GP_IIa_9.5mm_closed_R5_single_refY_004,1,GP_IIa_9.5mm_closed_R5_single_refY_004-raw01-10,112,9.16855550017062,224.5702921991833,11.835339661664104,0.5466804979253111,2.0,607.0142517089844,1.0,0.570748428756417,True,ok,True,True,True,pass_quality_gate
GP_IIa_9.5mm_closed_R5_single_refY,GP_IIa_9.5mm_closed_R5_single_refY_004,2,GP_IIa_9.5mm_closed_R5_single_refY_004-raw02-24,385,9.871791993501446,225.51593739289387,10.554666971324115,0.551760939167556,5.0,594.8427077531815,1.0,0.7186896913571478,True,ok,True,True,True,pass_quality_gate
GP_IIa_9.5mm_closed_R5_single_refY,GP_IIa_9.5mm_closed_R5_single_refY_004,3,GP_IIa_9.5mm_closed_R5_single_refY_004-raw03-02,399,9.412330642059704,229.856076640303,9.280383201514985,0.5466101694915254,4.0,600.2274749279022,1.0,0.7003600377058664,True,ok,True,True,True,pass_quality_gate
GP_IIa_9.5mm_closed_R5_single_refY,GP_IIa_9.5mm_closed_R5_single_refY_004,4,GP_IIa_9.5mm_closed_R5_single_refY_004-raw04-01,564,10.223561885549993,190.2478341923457,9.397466827503017,0.5496957403651116,5.0,623.5706176757812,1.0,0.7397815550765897,True,ok,True,True,True,pass_quality_gate
GP_IIa_9.5mm_closed_R5_single_refY,GP_IIa_9.5mm_closed_R5_single_refY_004,5,GP_IIa_9.5mm_closed_R5_single_refY_004-raw05-03,751,8.73162526579963,134.2674774585867,7.15655273642273,0.562097516099356,7.0,700.0975036621094,1.0,0.7596751038249663,True,ok,True,True,True,pass_quality_gate
GP_IIa_9.5mm_closed_R5_single_refY,GP_IIa_9.5mm_closed_R5_single_refY_005,1,GP_IIa_9.5mm_closed_R5_single_refY_005-raw01-16,264,25.17994004651175,180.12573581351543,18.136096067812574,0.6132879045996593,2.0,414.3330078125,1.0,0.8480685705388108,True,ok,True,True,True,pass_quality_gate
GP_IIa_9.5mm_closed_R5_single_refY,GP_IIa_9.5mm_closed_R5_single_refY_005,2,GP_IIa_9.5mm_closed_R5_single_refY_005-raw02-07,447,32.407035183207185,185.9307543913088,16.589501472230683,0.608214849921011,4.0,440.6467269659042,1.0,0.9142304935433434,True,ok,True,True,True,pass_quality_gate
GP_IIa_9.5mm_closed_R5_single_refY,GP_IIa_9.5mm_closed_R5_single_refY_005,3,GP_IIa_9.5mm_closed_R5_single_refY_005-raw03-12,801,35.06480576445851,328.3008849557522,26.963938053097344,0.6177924217462932,2.0,430.9898986816406,1.0,0.9229512666266656,True,ok,True,True,True,pass_quality_gate
GP_IIa_9.5mm_closed_R5_single_refY,GP_IIa_9.5mm_closed_R5_single_refY_005,4,GP_IIa_9.5mm_closed_R5_single_refY_005-raw04-08,1045,12.31227311096074,354.1726320157693,15.951706608569353,0.5593561368209256,9.0,640.197998046875,1.0,0.9797112227494263,True,ok,True,True,True,pass_quality_gate
GP_IIa_9.5mm_closed_R5_single_refY,GP_IIa_9.5mm_closed_R5_single_refY_005,5,GP_IIa_9.5mm_closed_R5_single_refY_005-raw05-11,1375,11.051002359347873,276.91280083711194,13.911056853854204,0.5354251012145749,3.0,615.8843383789062,1.0,0.8836889221454475,True,ok,True,True,True,pass_quality_gate
GP_Ip_10.3mm_closed_R5_single_refY,GP_Ip_10.3mm_closed_R5_single_refY_005,1,GP_Ip_10.3mm_closed_R5_single_refY_005-raw01-10,127,52.60941971423774,646.3726391015824,35.80554947859695,0.5679903730445247,15.0,533.2152853012085,1.0,0.5566168939173253,True,ok,True,True,True,pass_quality_gate
GP_Ip_10.3mm_closed_R5_single_refY,GP_Ip_10.3mm_closed_R5_single_refY_005,2,GP_Ip_10.3mm_closed_R5_single_refY_005-raw02-02,257,39.3236759485127,567.9458893578042,24.722609349952563,0.570267131242741,13.0,571.6122335195541,1.0,0.522806371763471,True,ok,True,True,True,pass_quality_gate
GP_Ip_10.3mm_closed_R5_single_refY,GP_Ip_10.3mm_closed_R5_single_refY_005,3,GP_Ip_10.3mm_closed_R5_single_refY_005-raw03-08,501,15.620897680207236,366.83526752072345,12.338249542469589,0.5377081292850147,1.0,651.13916015625,1.0,0.3724183987886444,True,ok,True,True,True,pass_quality_gate
GP_Ip_10.3mm_closed_R5_single_refY,GP_Ip_10.3mm_closed_R5_single_refY_005,4,GP_Ip_10.3mm_closed_R5_single_refY_005-raw04-24,826,16.396148640327695,248.3839992690949,9.16251979534657,0.6356123215627348,4.0,983.6609634160995,1.0,0.546643774469444,True,ok,True,True,True,pass_quality_gate
GP_Ip_10.3mm_closed_R5_single_refY,GP_Ip_10.3mm_closed_R5_single_refY_005,5,GP_Ip_10.3mm_closed_R5_single_refY_005-raw05-22,1007,21.690962395928217,213.531817700534,8.149022099196806,0.637490882567469,5.0,1008.1757493019104,1.0,0.616744683325546,True,ok,True,True,True,pass_quality_gate
GP_Ip_12.0mm_closed_R10_single_refY,GP_Ip_12.0mm_closed_R10_single_refY_004,2,GP_Ip_12.0mm_closed_R10_single_refY_004-raw02-21,479,26.020224596884223,333.1422115618591,9.371988737094588,0.6323731138545954,3.0,1066.874235510826,1.0,0.6005071396290631,True,ok,True,True,True,pass_quality_gate
GP_Ip_12.0mm_closed_R10_single_refY,GP_Ip_12.0mm_closed_R10_single_refY_004,3,GP_Ip_12.0mm_closed_R10_single_refY_004-raw03-10,602,35.66318357067343,348.1958588357859,10.148131267092069,0.6255742725880551,3.0,945.3056321144104,1.0,0.6475431026852935,True,ok,True,True,True,pass_quality_gate
GP_Ip_12.0mm_closed_R10_single_refY,GP_Ip_12.0mm_closed_R10_single_refY_004,4,GP_Ip_12.0mm_closed_R10_single_refY_004-raw04-23,952,43.46339516881187,355.22976224460666,10.407140818074303,0.6129753914988815,4.0,951.3767074346542,1.0,0.6880523323542878,True,ok,True,True,True,pass_quality_gate
GP_Ip_12.0mm_closed_R10_single_refY,GP_Ip_12.0mm_closed_R10_single_refY_004,5,GP_Ip_12.0mm_closed_R10_single_refY_004-raw05-17,1125,47.92588830921384,412.03917275518216,12.258835288797926,0.6151368760064412,4.0,887.9919402599335,1.0,0.7030927436399612,True,ok,True,True,True,pass_quality_gate
GP_Ip_12.0mm_closed_R10_single_refY,GP_Ip_12.0mm_closed_R10_single_refY_005,1,GP_Ip_12.0mm_closed_R10_single_refY_005-raw01-11,108,47.27358393774973,254.9176098008168,8.372231019251604,0.6775288526816021,7.0,1142.6020766496658,1.0,0.884168692980856,True,ok,True,True,True,pass_quality_gate
GP_Ip_12.0mm_closed_R10_single_refY,GP_Ip_12.0mm_closed_R10_single_refY_005,2,GP_Ip_12.0mm_closed_R10_single_refY_005-raw02-13,276,55.36745324904711,320.2510245686303,10.048906075954688,0.6498800959232613,4.0,934.0924668312072,1.0,0.8793956972901138,True,ok,True,True,True,pass_quality_gate
GP_Ip_12.0mm_closed_R10_single_refY,GP_Ip_12.0mm_closed_R10_single_refY_005,3,GP_Ip_12.0mm_closed_R10_single_refY_005-raw03-12,424,60.25463140982051,352.6454956928019,12.947632257750524,0.6470588235294118,3.0,878.193052649498,1.0,0.8641632254571893,True,ok,True,True,True,pass_quality_gate
GP_Ip_12.0mm_closed_R10_single_refY,GP_Ip_12.0mm_closed_R10_single_refY_005,4,GP_Ip_12.0mm_closed_R10_single_refY_005-raw04-02,514,71.5027294072987,420.0229475003616,18.728727763582896,0.6275,2.0,876.9208374023438,1.0,0.8315767362125267,True,ok,True,True,True,pass_quality_gate
GP_Ip_12.0mm_closed_R10_single_refY,GP_Ip_12.0mm_closed_R10_single_refY_005,5,GP_Ip_12.0mm_closed_R10_single_refY_005-raw05-07,702,71.91322578382021,395.1417837647108,16.12555262666307,0.5989621942179392,8.0,942.9036165475844,1.0,0.8136196235952022,True,ok,True,True,True,pass_quality_gate
GP_Ip_12.0mm_closed_R5_single_refY,GP_Ip_12.0mm_closed_R5_single_refY_004,1,GP_Ip_12.0mm_closed_R5_single_refY_004-raw01-12,149,35.10686816134983,449.42349061200014,12.160457969493685,0.7039586919104991,6.0,929.2224426269532,1.0,0.5990604350197112,True,ok,True,True,True,pass_quality_gate
GP_Ip_12.0mm_closed_R5_single_refY,GP_Ip_12.0mm_closed_R5_single_refY_004,2,GP_Ip_12.0mm_closed_R5_single_refY_004-raw02-23,445,40.5639125974867,593.7636848600661,21.836956089016283,0.6905393457117595,4.0,890.4945373535156,1.0,0.594143310658999,True,ok,True,True,True,pass_quality_gate
GP_Ip_12.0mm_closed_R5_single_refY,GP_Ip_12.0mm_closed_R5_single_refY_004,3,GP_Ip_12.0mm_closed_R5_single_refY_004-raw03-12,555,50.53032309502026,488.2412493476874,15.243433386806858,0.68059181897302,3.0,891.2518768310547,1.0,0.5755141093492397,True,ok,True,True,True,pass_quality_gate
GP_Ip_12.0mm_closed_R5_single_refY,GP_Ip_12.0mm_closed_R5_single_refY_004,4,GP_Ip_12.0mm_closed_R5_single_refY_004-raw04-21,834,56.18995675918674,581.8352189132971,21.46687129014256,0.6882168925964547,2.0,768.1808319091797,1.0,0.5464498513919971,True,ok,True,True,True,pass_quality_gate
GP_Ip_12.0mm_closed_R5_single_refY,GP_Ip_12.0mm_closed_R5_single_refY_004,5,GP_Ip_12.0mm_closed_R5_single_refY_004-raw05-16,996,61.08293944577699,594.1359324043877,20.742711730408143,0.671957671957672,5.0,740.5950050354004,1.0,0.4989905436265603,True,ok,True,True,True,pass_quality_gate
GP_Ip_12.0mm_closed_R5_single_refY,GP_Ip_12.0mm_closed_R5_single_refY_005,1,GP_Ip_12.0mm_closed_R5_single_refY_005-raw01-02,58,58.51146575970001,309.31164520392167,10.011740480068845,0.623352165725047,5.0,1148.300552368164,1.0,0.8953480941266689,True,ok,True,True,True,pass_quality_gate
GP_Ip_12.0mm_closed_R5_single_refY,GP_Ip_12.0mm_closed_R5_single_refY_005,2,GP_Ip_12.0mm_closed_R5_single_refY_005-raw02-23,397,73.07433254241943,291.8833812683773,9.879203689123834,0.6205385097056982,4.0,1133.6316039562223,1.0,0.8808413908480363,True,ok,True,True,True,pass_quality_gate
GP_Ip_12.0mm_closed_R5_single_refY,GP_Ip_12.0mm_closed_R5_single_refY_005,3,GP_Ip_12.0mm_closed_R5_single_refY_005-raw03-16,525,87.71385121256512,316.30032158055883,11.274575879532456,0.5955137481910275,4.0,942.4355590343476,1.0,0.8856804658401672,True,ok,True,True,True,pass_quality_gate
GP_Ip_12.0mm_closed_R5_single_refY,GP_Ip_12.0mm_closed_R5_single_refY_005,4,GP_Ip_12.0mm_closed_R5_single_refY_005-raw04-06,631,93.0225888721784,339.62018402588126,11.77122809965968,0.5783664459161147,6.0,902.192994236946,1.0,0.88793096410967,True,ok,True,True,True,pass_quality_gate
GP_Ip_12.0mm_closed_R5_single_refY,GP_Ip_12.0mm_closed_R5_single_refY_005,5,GP_Ip_12.0mm_closed_R5_single_refY_005-raw05-24,951,95.44535944364571,372.4481849013943,14.413013440522548,0.6151919866444073,2.0,867.1340942382812,1.0,0.7796552949847625,True,ok,True,True,True,pass_quality_gate
GP_Ip_2.9mm_closed_R10_single_refY,GP_Ip_2.9mm_closed_R10_single_refY_004,1,GP_Ip_2.9mm_closed_R10_single_refY_004-raw01-07,88,16.223394081379453,1264.936930623686,26.377014716187805,1.0,1.0,289.4213256835937,1.0,0.6357674241402858,True,ok,True,True,True,pass_quality_gate
GP_Ip_2.9mm_closed_R10_single_refY,GP_Ip_2.9mm_closed_R10_single_refY_004,2,GP_Ip_2.9mm_closed_R10_single_refY_004-raw02-19,338,20.49124345944253,2160.3465423465423,67.69386169386169,1.0,1.0,239.72286987304688,1.0,0.6244767097843289,True,ok,True,True,True,pass_quality_gate
GP_Ip_2.9mm_closed_R10_single_refY,GP_Ip_2.9mm_closed_R10_single_refY_004,3,GP_Ip_2.9mm_closed_R10_single_refY_004-raw03-08,429,17.39006927443139,2191.424213984045,71.04411074612858,1.0,1.0,251.0365600585937,1.0,0.6368076056887776,True,ok,True,True,True,pass_quality_gate
GP_Ip_2.9mm_closed_R10_single_refY,GP_Ip_2.9mm_closed_R10_single_refY_004,4,GP_Ip_2.9mm_closed_R10_single_refY_004-raw04-03,561,11.0669485982212,1080.6260523854069,24.424929840972872,1.0,1.0,355.1198425292969,1.0,0.6058650038216294,True,ok,True,True,True,pass_quality_gate
GP_Ip_2.9mm_closed_R10_single_refY,GP_Ip_2.9mm_closed_R10_single_refY_004,5,GP_Ip_2.9mm_closed_R10_single_refY_004-raw05-17,826,11.218619177919557,782.0165151233995,16.48246427908703,1.0,1.0,394.0903930664063,1.0,0.6176237840687051,True,ok,True,True,True,pass_quality_gate
GP_Ip_2.9mm_closed_R10_single_refY,GP_Ip_2.9mm_closed_R10_single_refY_005,1,GP_Ip_2.9mm_closed_R10_single_refY_005-raw01-02,59,20.501131528547056,1118.759448110378,29.509298140371925,1.0,1.0,270.5928955078125,1.0,0.7014063184449452,True,ok,True,True,True,pass_quality_gate
GP_Ip_2.9mm_closed_R10_single_refY,GP_Ip_2.9mm_closed_R10_single_refY_005,2,GP_Ip_2.9mm_closed_R10_single_refY_005-raw02-11,313,17.476510047441643,1066.1578298397042,32.13299277787564,1.0,1.0,289.3208312988281,1.0,0.7424733501756116,True,ok,True,True,True,pass_quality_gate
GP_Ip_2.9mm_closed_R10_single_refY,GP_Ip_2.9mm_closed_R10_single_refY_005,3,GP_Ip_2.9mm_closed_R10_single_refY_005-raw03-11,498,12.657242821868856,782.4272054287477,23.868136952498457,1.0,1.0,307.2203369140625,1.0,0.7773234349162963,True,ok,True,True,True,pass_quality_gate
GP_Ip_2.9mm_closed_R10_single_refY,GP_Ip_2.9mm_closed_R10_single_refY_005,4,GP_Ip_2.9mm_closed_R10_single_refY_005-raw04-20,752,12.804580789767378,401.921040408732,10.915311967796873,1.0,1.0,308.0487670898437,1.0,0.8585801397473636,True,ok,True,True,True,pass_quality_gate
GP_Ip_2.9mm_closed_R10_single_refY,GP_Ip_2.9mm_closed_R10_single_refY_005,5,GP_Ip_2.9mm_closed_R10_single_refY_005-raw05-20,941,18.513965363385942,494.7644259369423,14.146936347412254,1.0,1.0,313.5634765625,1.0,0.8697686574806671,True,ok,True,True,True,pass_quality_gate
GP_Ip_2.9mm_closed_R5_single_refY,GP_Ip_2.9mm_closed_R5_single_refY_004,2,GP_Ip_2.9mm_closed_R5_single_refY_004-raw02-10,199,14.315435053242576,974.8606156691768,19.32395296604572,0.6962025316455697,10.0,239.40916192531583,0.9992751151287736,0.6414004267607994,True,ok,True,True,True,pass_quality_gate
GP_Ip_2.9mm_closed_R5_single_refY,GP_Ip_2.9mm_closed_R5_single_refY_004,3,GP_Ip_2.9mm_closed_R5_single_refY_004-raw03-22,381,11.44362261020872,1268.878954607978,21.05857404860156,0.6805970149253732,14.0,249.62236559391025,0.9985356159129738,0.6484681382464489,True,ok,True,True,True,pass_quality_gate
GP_Ip_2.9mm_closed_R5_single_refY,GP_Ip_2.9mm_closed_R5_single_refY_004,4,GP_Ip_2.9mm_closed_R5_single_refY_004-raw04-07,426,10.55519048996914,1208.860589444825,15.909115832762168,0.6254071661237784,14.0,203.6812413930893,1.0,0.5517822856614142,True,ok,True,True,True,pass_quality_gate
GP_Ip_2.9mm_closed_R5_single_refY,GP_Ip_2.9mm_closed_R5_single_refY_004,5,GP_Ip_2.9mm_closed_R5_single_refY_004-raw05-23,632,8.77762361954583,1632.0800787659994,32.51033803741385,0.51985559566787,6.0,162.8528175354004,0.9998205392794652,0.5840893257002054,True,ok,True,True,True,pass_quality_gate
GP_Ip_2.9mm_closed_R5_single_refY,GP_Ip_2.9mm_closed_R5_single_refY_005,3,GP_Ip_2.9mm_closed_R5_single_refY_005-raw03-20,396,17.1122493189482,2150.4010320678217,68.5589753040914,0.4156862745098039,9.0,119.36752784252168,1.0,0.6684966462837475,True,ok,True,True,True,pass_quality_gate
GP_Ip_2.9mm_closed_R5_single_refY,GP_Ip_2.9mm_closed_R5_single_refY_005,4,GP_Ip_2.9mm_closed_R5_single_refY_005-raw04-10,471,18.4816564081816,2045.1726971504308,47.221206096752816,0.7333333333333333,5.0,249.79395961761475,1.0,0.7952510408081486,True,ok,True,True,True,pass_quality_gate
GP_Ip_2.9mm_closed_R5_single_refY,GP_Ip_2.9mm_closed_R5_single_refY_005,5,GP_Ip_2.9mm_closed_R5_single_refY_005-raw05-24,679,22.76024629361071,1530.0991484894437,41.50717368482445,0.8464052287581699,4.0,302.22033500671387,0.9994102126338662,0.8651146221968302,True,ok,True,True,True,pass_quality_gate
GP_Ip_20.0mm_closed_R10_single_refY,GP_Ip_20.0mm_closed_R10_single_refY_004,1,GP_Ip_20.0mm_closed_R10_single_refY_004-raw01-11,124,48.07777225813568,536.6456747610872,16.70107870476039,0.7155272305909618,2.0,1436.3788452148438,1.0,0.4255072547681334,True,ok,True,True,True,pass_quality_gate
GP_Ip_20.0mm_closed_R10_single_refY,GP_Ip_20.0mm_closed_R10_single_refY_004,2,GP_Ip_20.0mm_closed_R10_single_refY_004-raw02-14,325,47.497089815097375,561.8858724121438,18.05851003256884,0.7317961165048543,2.0,1392.4671630859375,1.0,0.4192901686145275,True,ok,True,True,True,pass_quality_gate
GP_Ip_20.0mm_closed_R10_single_refY,GP_Ip_20.0mm_closed_R10_single_refY_004,3,GP_Ip_20.0mm_closed_R10_single_refY_004-raw03-03,422,45.381732829763806,551.4356331838765,17.792489236877913,0.725,2.0,1378.78076171875,1.0,0.4011501013666583,True,ok,True,True,True,pass_quality_gate
GP_Ip_20.0mm_closed_R10_single_refY,GP_Ip_20.0mm_closed_R10_single_refY_004,4,GP_Ip_20.0mm_closed_R10_single_refY_004-raw04-19,720,41.11142794385368,476.67385490316633,15.521572394712573,0.7089322381930184,3.0,1609.9595626592636,1.0,0.4244277740032094,True,ok,True,True,True,pass_quality_gate
GP_Ip_20.0mm_closed_R10_single_refY,GP_Ip_20.0mm_closed_R10_single_refY_004,5,GP_Ip_20.0mm_closed_R10_single_refY_004-raw05-19,901,46.20706153963818,531.4615889574906,16.875798381945923,0.7167290219134153,2.0,1558.533203125,1.0,0.4443457615482467,True,ok,True,True,True,pass_quality_gate
GP_Ip_20.0mm_closed_R10_single_refY,GP_Ip_20.0mm_closed_R10_single_refY_005,1,GP_Ip_20.0mm_closed_R10_single_refY_005-raw01-22,145,31.63780923181109,445.4599840340095,13.268988467938176,0.665118978525827,3.0,1345.9646606445312,1.0,0.5616738110368172,True,ok,True,True,True,pass_quality_gate
GP_Ip_20.0mm_closed_R10_single_refY,GP_Ip_20.0mm_closed_R10_single_refY_005,2,GP_Ip_20.0mm_closed_R10_single_refY_005-raw02-07,193,32.04960503102999,512.8754594751974,17.111092914073588,0.6651532349602725,4.0,1373.449737548828,1.0,0.5714311149292612,True,ok,True,True,True,pass_quality_gate
GP_Ip_20.0mm_closed_R10_single_refY,GP_Ip_20.0mm_closed_R10_single_refY_005,3,GP_Ip_20.0mm_closed_R10_single_refY_005-raw03-01,287,33.57882012933683,503.5124057028168,17.307123330334278,0.6579966795794134,5.0,1394.006103515625,1.0,0.572094244806725,True,ok,True,True,True,pass_quality_gate
GP_Ip_20.0mm_closed_R10_single_refY,GP_Ip_20.0mm_closed_R10_single_refY_005,4,GP_Ip_20.0mm_closed_R10_single_refY_005-raw04-10,460,33.104902284674,362.6442629127552,11.00064934544376,0.6132596685082873,6.0,1431.2193846702576,1.0,0.6862805015901203,True,ok,True,True,True,pass_quality_gate
GP_Ip_20.0mm_closed_R10_single_refY,GP_Ip_20.0mm_closed_R10_single_refY_005,5,GP_Ip_20.0mm_closed_R10_single_refY_005-raw05-24,664,46.04818452196355,410.4269903367105,14.875257743449136,0.6098104793756968,3.0,1281.1240218877792,1.0,0.7301092932412245,True,ok,True,True,True,pass_quality_gate
GP_Ip_4.0mm_closed_R10_single_refY,GP_Ip_4.0mm_closed_R10_single_refY_004,1,GP_Ip_4.0mm_closed_R10_single_refY_004-raw01-05,82,10.996249917941626,753.9214914169692,14.133513812834554,1.0,1.0,490.274169921875,1.0,0.6342430519195914,True,ok,True,True,True,pass_quality_gate
GP_Ip_4.0mm_closed_R10_single_refY,GP_Ip_4.0mm_closed_R10_single_refY_004,2,GP_Ip_4.0mm_closed_R10_single_refY_004-raw02-14,335,15.271592435182177,622.3273916388817,12.841497819953837,1.0,1.0,478.1320190429688,1.0,0.7222331763043749,True,ok,True,True,True,pass_quality_gate
GP_Ip_4.0mm_closed_R10_single_refY,GP_Ip_4.0mm_closed_R10_single_refY_004,3,GP_Ip_4.0mm_closed_R10_single_refY_004-raw03-23,588,18.097307719919414,905.0279776179055,23.00646149746869,1.0,1.0,467.6883544921875,1.0,0.727794092330736,True,ok,True,True,True,pass_quality_gate
GP_Ip_4.0mm_closed_R10_single_refY,GP_Ip_4.0mm_closed_R10_single_refY_004,4,GP_Ip_4.0mm_closed_R10_single_refY_004-raw04-21,756,27.93616642235651,1034.2890294255997,29.42805623791355,1.0,1.0,529.2447509765625,1.0,0.7988794438767257,True,ok,True,True,True,pass_quality_gate
GP_Ip_4.0mm_closed_R10_single_refY,GP_Ip_4.0mm_closed_R10_single_refY_004,5,GP_Ip_4.0mm_closed_R10_single_refY_004-raw05-07,833,33.48823675832749,1104.7511136385176,38.15576722585537,1.0,1.0,558.1148071289062,1.0,0.7728866441465265,True,ok,True,True,True,pass_quality_gate
GP_Ip_4.0mm_closed_R10_single_refY,GP_Ip_4.0mm_closed_R10_single_refY_005,1,GP_Ip_4.0mm_closed_R10_single_refY_005-raw01-22,216,25.006715457067365,549.9718596107247,13.379113577737826,1.0,1.0,431.4041137695313,1.0,0.9344320836192234,True,ok,True,True,True,pass_quality_gate
GP_Ip_4.0mm_closed_R10_single_refY,GP_Ip_4.0mm_closed_R10_single_refY_005,2,GP_Ip_4.0mm_closed_R10_single_refY_005-raw02-19,381,44.48372608324216,686.8917863964787,20.52603604351798,1.0,1.0,416.81829833984375,1.0,0.9219460358308658,True,ok,True,True,True,pass_quality_gate
GP_Ip_4.0mm_closed_R10_single_refY,GP_Ip_4.0mm_closed_R10_single_refY_005,3,GP_Ip_4.0mm_closed_R10_single_refY_005-raw03-14,530,49.61586544785558,449.0083522175461,11.794496600841695,1.0,1.0,474.031494140625,1.0,0.934431327741638,True,ok,True,True,True,pass_quality_gate
GP_Ip_4.0mm_closed_R10_single_refY,GP_Ip_4.0mm_closed_R10_single_refY_005,4,GP_Ip_4.0mm_closed_R10_single_refY_005-raw04-07,663,48.27230613026091,485.5718293730318,13.539249928428283,1.0,1.0,506.416259765625,1.0,0.9871060121098668,True,ok,True,True,True,pass_quality_gate
GP_Ip_4.0mm_closed_R10_single_refY,GP_Ip_4.0mm_closed_R10_single_refY_005,5,GP_Ip_4.0mm_closed_R10_single_refY_005-raw05-20,953,64.87715690225556,1030.2165975103735,29.639834024896267,1.0,1.0,375.4629821777344,0.9989673058417632,0.9666381445237268,True,ok,True,True,True,pass_quality_gate
GP_Ip_4.0mm_closed_R5_single_refY,GP_Ip_4.0mm_closed_R5_single_refY_005,5,GP_Ip_4.0mm_closed_R5_single_refY_005-raw05-16,804,28.513555458798816,627.2438957725948,15.348123177842565,0.9708029197080292,4.0,614.9848251342773,1.0,0.7952711198567088,True,ok,True,True,True,pass_quality_gate
GP_Ip_4.0mm_closed_R5_single_refY,GP_Ip_4.0mm_closed_R5_single_refY_006,1,GP_Ip_4.0mm_closed_R5_single_refY_006-raw01-24,254,13.727878505749176,692.737948617376,15.597646597372034,0.98989898989899,1.0,670.671142578125,1.0,0.8892078405607119,True,ok,True,True,True,pass_quality_gate
GP_Ip_4.0mm_closed_R5_single_refY,GP_Ip_4.0mm_closed_R5_single_refY_006,3,GP_Ip_4.0mm_closed_R5_single_refY_006-raw03-24,666,41.856937309518266,908.1189798339263,24.07669039145908,0.7762376237623763,28.0,439.386870265007,1.0,0.8432492954474139,True,ok,True,True,True,pass_quality_gate
GP_Ip_4.0mm_closed_R5_single_refY,GP_Ip_4.0mm_closed_R5_single_refY_007,1,GP_Ip_4.0mm_closed_R5_single_refY_007-raw01-17,209,35.69502661542421,673.8438488739996,12.98994974874372,0.5706521739130435,20.0,224.37972927093503,1.0,0.8522529286382254,True,ok,True,True,True,pass_quality_gate
GP_Ip_4.0mm_closed_R5_single_refY,GP_Ip_4.0mm_closed_R5_single_refY_007,2,GP_Ip_4.0mm_closed_R5_single_refY_007-raw02-16,422,41.8810546558333,1207.0391491985204,33.6434186189889,0.9477611940298508,8.0,443.0020855665207,1.0,0.8910656474260807,True,ok,True,True,True,pass_quality_gate
GP_Ip_4.0mm_closed_R5_single_refY,GP_Ip_4.0mm_closed_R5_single_refY_007,3,GP_Ip_4.0mm_closed_R5_single_refY_007-raw03-20,681,53.69209528261823,983.348135656736,21.00496533633127,0.5737265415549598,16.0,240.24978470802307,1.0,0.8252253550882802,True,ok,True,True,True,pass_quality_gate
GP_Ip_4.0mm_closed_R5_single_refY,GP_Ip_4.0mm_closed_R5_single_refY_007,4,GP_Ip_4.0mm_closed_R5_single_refY_007-raw04-22,921,50.98987136158413,1092.164383561644,22.91241178912412,0.8011695906432749,16.0,300.6640018224716,1.0,0.8978469145037367,True,ok,True,True,True,pass_quality_gate
GP_Ip_4.7mm_closed_R5_single_refY,GP_Ip_4.7mm_closed_R5_single_refY_004,1,GP_Ip_4.7mm_closed_R5_single_refY_004-raw01-23,188,29.717648018466114,513.9596287019301,12.33652571091793,0.629757785467128,4.0,415.50460505485535,1.0,0.3580579247996685,True,ok,True,True,True,pass_quality_gate
GP_Ip_4.7mm_closed_R5_single_refY,GP_Ip_4.7mm_closed_R5_single_refY_004,2,GP_Ip_4.7mm_closed_R5_single_refY_004-raw02-12,273,31.27815917137996,590.0973917512528,15.538224335089296,0.6242138364779874,6.0,458.5168046951294,1.0,0.3674263903266143,True,ok,True,True,True,pass_quality_gate
GP_Ip_4.7mm_closed_R5_single_refY,GP_Ip_4.7mm_closed_R5_single_refY_004,4,GP_Ip_4.7mm_closed_R5_single_refY_004-raw04-09,570,23.750727560932265,431.2459757130754,10.936082086039724,0.6698412698412698,3.0,488.1736268997192,1.0,0.4455234918567037,True,ok,True,True,True,pass_quality_gate
GP_Ip_4.7mm_closed_R5_single_refY,GP_Ip_4.7mm_closed_R5_single_refY_004,5,GP_Ip_4.7mm_closed_R5_single_refY_004-raw05-23,823,26.44147952185736,502.9810898928738,12.639683278993944,0.6340740740740741,6.0,490.3452562093735,1.0,0.3703423104949713,True,ok,True,True,True,pass_quality_gate
GP_Ip_4.7mm_closed_R5_single_refY,GP_Ip_4.7mm_closed_R5_single_refY_005,1,GP_Ip_4.7mm_closed_R5_single_refY_005-raw01-16,174,14.53093160883468,819.5225169648365,28.94632942628008,0.4395750332005312,4.0,369.6639938354492,1.0,0.4568897811155895,True,ok,True,True,True,pass_quality_gate
GP_Ip_4.7mm_closed_R5_single_refY,GP_Ip_4.7mm_closed_R5_single_refY_005,5,GP_Ip_4.7mm_closed_R5_single_refY_005-raw05-19,972,31.852306845865133,619.1326203208556,17.227807486631015,0.6661341853035144,2.0,484.1736450195313,1.0,0.8351302829823744,True,ok,True,True,True,pass_quality_gate
GP_Ip_5.6mm_closed_R10_single_refY,GP_Ip_5.6mm_closed_R10_single_refY_005,1,GP_Ip_5.6mm_closed_R10_single_refY_005-raw01-08,78,32.35971889518339,1559.9502626970227,50.65481611208406,0.8189655172413793,2.0,331.877197265625,1.0,0.8588502104182159,True,ok,True,True,True,pass_quality_gate
GP_Ip_5.6mm_closed_R10_single_refY,GP_Ip_5.6mm_closed_R10_single_refY_005,2,GP_Ip_5.6mm_closed_R10_single_refY_005-raw02-07,210,33.805534560722776,1645.2051905920518,60.03298188699649,0.9337175792507204,10.0,362.4629775285721,1.0,0.869998256388822,True,ok,True,True,True,pass_quality_gate
GP_Ip_5.6mm_closed_R10_single_refY,GP_Ip_5.6mm_closed_R10_single_refY_005,3,GP_Ip_5.6mm_closed_R10_single_refY_005-raw03-19,418,40.09862488503988,1087.499023957409,34.25634427684117,0.9605633802816902,2.0,394.0904235839844,1.0,0.8766531098788479,True,ok,True,True,True,pass_quality_gate
GP_Ip_5.6mm_closed_R10_single_refY,GP_Ip_5.6mm_closed_R10_single_refY_005,4,GP_Ip_5.6mm_closed_R10_single_refY_005-raw04-18,550,59.6593694090843,1277.0685451955042,43.53466835523192,0.9661458333333334,2.0,423.26197814941406,1.0,0.8631400711252667,True,ok,True,True,True,pass_quality_gate
GP_Ip_5.6mm_closed_R10_single_refY,GP_Ip_5.6mm_closed_R10_single_refY_005,5,GP_Ip_5.6mm_closed_R10_single_refY_005-raw05-24,723,78.68884093037241,501.09353330108047,17.987098855023383,0.9742268041237112,2.0,433.1614379882813,1.0,0.8549281343475806,True,ok,True,True,True,pass_quality_gate
GP_Ip_6.2mm_closed_R10_single_refY,GP_Ip_6.2mm_closed_R10_single_refY_005,5,GP_Ip_6.2mm_closed_R10_single_refY_005-raw05-04,453,46.84400018522357,364.53192723055736,9.652315720808872,0.9773519163763066,2.0,653.440673828125,1.0,0.8961361088242401,True,ok,True,True,True,pass_quality_gate
GP_Ip_6.2mm_closed_R5_single_refY,GP_Ip_6.2mm_closed_R5_single_refY_004,1,GP_Ip_6.2mm_closed_R5_single_refY_004-raw01-10,137,13.84989335935616,537.63455960922,12.816402076018928,0.6362672322375398,10.0,675.7421536445618,1.0,0.4771049157684671,True,ok,True,True,True,pass_quality_gate
GP_Ip_6.2mm_closed_R5_single_refY,GP_Ip_6.2mm_closed_R5_single_refY_004,2,GP_Ip_6.2mm_closed_R5_single_refY_004-raw02-14,383,11.624827337051912,505.963897963898,11.253044253044251,0.6233894945490585,7.0,714.3695650100708,1.0,0.48761995759594,True,ok,True,True,True,pass_quality_gate
GP_Ip_6.2mm_closed_R5_single_refY,GP_Ip_6.2mm_closed_R5_single_refY_004,3,GP_Ip_6.2mm_closed_R5_single_refY_004-raw03-11,568,13.407191823884006,445.6995627077138,12.349379044953649,0.6423432682425488,8.0,714.340208530426,1.0,0.6918488759296538,True,ok,True,True,True,pass_quality_gate
GP_Ip_6.2mm_closed_R5_single_refY,GP_Ip_6.2mm_closed_R5_single_refY_004,4,GP_Ip_6.2mm_closed_R5_single_refY_004-raw04-14,805,13.560249139286558,661.985845869341,21.371243643088302,0.5811623246492986,10.0,670.2397171258926,1.0,0.622945508948177,True,ok,True,True,True,pass_quality_gate
GP_Ip_6.2mm_closed_R5_single_refY,GP_Ip_6.2mm_closed_R5_single_refY_004,5,GP_Ip_6.2mm_closed_R5_single_refY_004-raw05-15,1027,12.586857712205248,415.3789318698969,9.391513853567126,0.6273170731707317,2.0,744.5533752441406,1.0,0.6334849164542452,True,ok,True,True,True,pass_quality_gate
GP_Ip_6.2mm_closed_R5_single_refY,GP_Ip_6.2mm_closed_R5_single_refY_005,1,GP_Ip_6.2mm_closed_R5_single_refY_005-raw01-12,125,19.08395261716372,505.0225059226112,11.920834430113189,0.5878284923928078,11.0,482.7594281435013,1.0,0.6415285503089394,True,ok,True,True,True,pass_quality_gate
GP_Ip_6.2mm_closed_R5_single_refY,GP_Ip_6.2mm_closed_R5_single_refY_005,2,GP_Ip_6.2mm_closed_R5_single_refY_005-raw02-13,304,15.749079807192013,375.6201071655617,11.781945327399873,0.6221719457013575,10.0,628.2274857759476,1.0,0.6672359725816277,True,ok,True,True,True,pass_quality_gate
GP_Ip_6.2mm_closed_R5_single_refY,GP_Ip_6.2mm_closed_R5_single_refY_005,3,GP_Ip_6.2mm_closed_R5_single_refY_005-raw03-12,467,15.231390410807109,575.5074164082796,20.838934048437107,0.6527472527472528,4.0,684.0264556407928,1.0,0.6920813351827119,True,ok,True,True,True,pass_quality_gate
GP_Ip_6.2mm_closed_R5_single_refY,GP_Ip_6.2mm_closed_R5_single_refY_005,4,GP_Ip_6.2mm_closed_R5_single_refY_005-raw04-22,710,19.521413028518065,750.8636423405654,27.60692526846373,0.6300904977375565,6.0,655.7959893941879,1.0,0.6897121522116121,True,ok,True,True,True,pass_quality_gate
GP_Ip_6.2mm_closed_R5_single_refY,GP_Ip_6.2mm_closed_R5_single_refY_005,5,GP_Ip_6.2mm_closed_R5_single_refY_005-raw05-01,731,19.08247800784524,887.4994098876601,31.896795908554445,0.6268320180383314,5.0,655.381773352623,1.0,0.6809483291059982,True,ok,True,True,True,pass_quality_gate
GP_Ip_8.8mm_closed_R5_single_refY,GP_Ip_8.8mm_closed_R5_single_refY_004,1,GP_Ip_8.8mm_closed_R5_single_refY_004-raw01-24,205,30.70188800214132,323.3142199295977,11.71945360756271,0.6039250669045495,7.0,760.7127380371094,1.0,0.4844779921364306,True,ok,True,True,True,pass_quality_gate
GP_Ip_8.8mm_closed_R5_single_refY,GP_Ip_8.8mm_closed_R5_single_refY_004,2,GP_Ip_8.8mm_closed_R5_single_refY_004-raw02-17,323,44.38473051486074,381.7010794986735,16.342557862958557,0.5901189387008234,7.0,728.7127441167831,1.0,0.4485426281387602,True,ok,True,True,True,pass_quality_gate
GP_Ip_8.8mm_closed_R5_single_refY,GP_Ip_8.8mm_closed_R5_single_refY_004,3,GP_Ip_8.8mm_closed_R5_single_refY_004-raw03-04,399,48.64619563191731,460.7976818203411,19.61923424065365,0.5690140845070423,6.0,691.1269245147705,1.0,0.4189486587477071,True,ok,True,True,True,pass_quality_gate
GP_Ip_8.8mm_closed_R5_single_refY,GP_Ip_8.8mm_closed_R5_single_refY_005,1,GP_Ip_8.8mm_closed_R5_single_refY_005-raw01-13,120,33.44238007855829,269.212914318464,10.09743050912217,0.6261306532663317,2.0,709.6416625976562,1.0,0.6656342403406232,True,ok,True,True,True,pass_quality_gate
GP_Ip_8.8mm_closed_R5_single_refY,GP_Ip_8.8mm_closed_R5_single_refY_005,2,GP_Ip_8.8mm_closed_R5_single_refY_005-raw02-23,339,24.49181266425688,525.2117777932281,22.064798720711952,0.537199124726477,9.0,541.6467275619507,1.0,0.5444277605596337,True,ok,True,True,True,pass_quality_gate
GP_Ip_8.8mm_closed_R5_single_refY,GP_Ip_8.8mm_closed_R5_single_refY_005,3,GP_Ip_8.8mm_closed_R5_single_refY_005-raw03-14,436,28.43866197246856,740.4101109996888,29.24599744112867,0.5679662802950474,12.0,596.7594413757324,1.0,0.5400777475502015,True,ok,True,True,True,pass_quality_gate
GP_Ip_8.8mm_closed_R5_single_refY,GP_Ip_8.8mm_closed_R5_single_refY_005,4,GP_Ip_8.8mm_closed_R5_single_refY_005-raw04-20,630,47.3365920682825,346.4889633256034,13.134071974577,0.6305882352941177,6.0,602.901579618454,1.0,0.6415515467015219,True,ok,True,True,True,pass_quality_gate
GP_Ip_8.8mm_closed_R5_single_refY,GP_Ip_8.8mm_closed_R5_single_refY_005,5,GP_Ip_8.8mm_closed_R5_single_refY_005-raw05-23,804,74.163477032121,373.4906974903016,15.610996754017892,0.6094808126410836,4.0,621.3279695510864,1.0,0.5660685051519356,True,ok,True,True,True,pass_quality_gate
GP_Ip_9.7mm_closed_R5_single_refY,GP_Ip_9.7mm_closed_R5_single_refY_004,1,GP_Ip_9.7mm_closed_R5_single_refY_004-raw01-04,83,30.55125805656528,433.1953446868296,12.904729357711076,0.590034965034965,13.0,765.1392111778259,1.0,0.3739506768500177,True,ok,True,True,True,pass_quality_gate
GP_Ip_9.7mm_closed_R5_single_refY,GP_Ip_9.7mm_closed_R5_single_refY_004,3,GP_Ip_9.7mm_closed_R5_single_refY_004-raw03-24,663,20.755055335714783,437.72969251950434,11.447751262046811,0.5791543756145526,9.0,670.7127976417542,1.0,0.4022528583044246,True,ok,True,True,True,pass_quality_gate
GP_Ip_9.7mm_closed_R5_single_refY,GP_Ip_9.7mm_closed_R5_single_refY_004,4,GP_Ip_9.7mm_closed_R5_single_refY_004-raw04-15,792,30.31347112864625,566.2253245598434,18.896792933783864,0.5805128205128205,10.0,644.227481842041,1.0,0.4069067585604013,True,ok,True,True,True,pass_quality_gate
GP_Ip_9.7mm_closed_R5_single_refY,GP_Ip_9.7mm_closed_R5_single_refY_004,5,GP_Ip_9.7mm_closed_R5_single_refY_004-raw05-10,955,40.33118775360555,515.1158085264553,16.37163450660978,0.5635294117647058,1.0,557.5289916992188,1.0,0.36697586403277,True,ok,True,True,True,pass_quality_gate
GP_Ip_9.7mm_closed_R5_single_refY,GP_Ip_9.7mm_closed_R5_single_refY_005,1,GP_Ip_9.7mm_closed_R5_single_refY_005-raw01-09,67,50.25955722497543,443.85980005767567,20.756728828222627,0.6344765342960289,3.0,810.180830001831,1.0,0.6112084512174077,True,ok,True,True,True,pass_quality_gate
GP_Ip_9.7mm_closed_R5_single_refY,GP_Ip_9.7mm_closed_R5_single_refY_005,2,GP_Ip_9.7mm_closed_R5_single_refY_005-raw02-02,146,28.19025703556273,331.486620671868,10.064930040621574,0.6633840644583706,4.0,864.9920120239258,1.0,0.5397662680843258,True,ok,True,True,True,pass_quality_gate
GP_Ip_9.7mm_closed_R5_single_refY,GP_Ip_9.7mm_closed_R5_single_refY_005,3,GP_Ip_9.7mm_closed_R5_single_refY_005-raw03-01,252,19.18435572108398,334.46979086641056,11.440409731113956,0.6455070074196207,13.0,912.4894217252732,1.0,0.4816472045043644,True,ok,True,True,True,pass_quality_gate
GP_Ip_9.7mm_closed_R5_single_refY,GP_Ip_9.7mm_closed_R5_single_refY_005,4,GP_Ip_9.7mm_closed_R5_single_refY_005-raw04-24,469,12.064131748706911,282.99918186509586,9.40868985135118,0.5873129009265858,18.0,948.9036017656326,1.0,0.4288331406456543,True,ok,True,True,True,pass_quality_gate
GP_Ip_9.7mm_closed_R5_single_refY,GP_Ip_9.7mm_closed_R5_single_refY_005,5,GP_Ip_9.7mm_closed_R5_single_refY_005-raw05-22,573,13.01104383070204,247.28677138131303,8.723737392580432,0.660013764624914,12.0,1116.4133051633837,1.0,0.4867543999989163,True,ok,True,True,True,pass_quality_gate
GP_Is_10.5mm_closed_R5_single_refY,GP_Is_10.5mm_closed_R5_single_refY_004,1,GP_Is_10.5mm_closed_R5_single_refY_004-raw01-09,95,28.83503128516937,523.9923396400553,20.550207660359945,0.5863267670915412,3.0,578.8010787963867,1.0,0.5755108921316844,True,ok,True,True,True,pass_quality_gate
GP_Is_10.5mm_closed_R5_single_refY,GP_Is_10.5mm_closed_R5_single_refY_004,2,GP_Is_10.5mm_closed_R5_single_refY_004-raw02-22,337,22.52007571644253,405.6707740685217,15.641230026692018,0.591182364729459,4.0,682.9259613752365,1.0,0.6160063626973429,True,ok,True,True,True,pass_quality_gate
GP_Is_10.5mm_closed_R5_single_refY,GP_Is_10.5mm_closed_R5_single_refY_004,3,GP_Is_10.5mm_closed_R5_single_refY_004-raw03-05,383,21.08965924388273,402.7032124741687,15.476160060116475,0.5668016194331984,2.0,649.1269836425781,1.0,0.6219866439892825,True,ok,True,True,True,pass_quality_gate
GP_Is_10.5mm_closed_R5_single_refY,GP_Is_10.5mm_closed_R5_single_refY_004,4,GP_Is_10.5mm_closed_R5_single_refY_004-raw04-24,664,18.7882426973025,549.6951860590257,24.791796018047105,0.569078947368421,7.0,591.9431791305542,1.0,0.5892496612197244,True,ok,True,True,True,pass_quality_gate
GP_Is_10.5mm_closed_R5_single_refY,GP_Is_10.5mm_closed_R5_single_refY_004,5,GP_Is_10.5mm_closed_R5_single_refY_004-raw05-05,697,23.05510189840058,489.9280166115512,19.799815427209104,0.5724867724867725,5.0,620.4995406866074,1.0,0.6044878644384298,True,ok,True,True,True,pass_quality_gate
GP_Is_10.5mm_closed_R5_single_refY,GP_Is_10.5mm_closed_R5_single_refY_005,1,GP_Is_10.5mm_closed_R5_single_refY_005-raw01-07,82,17.52455331830507,976.6806526806528,48.03307320698625,0.5914285714285714,4.0,718.4823729991913,1.0,0.7548664411995171,True,ok,True,True,True,pass_quality_gate
GP_Is_10.5mm_closed_R5_single_refY,GP_Is_10.5mm_closed_R5_single_refY_005,2,GP_Is_10.5mm_closed_R5_single_refY_005-raw02-14,283,16.834213123828988,1122.306189389618,62.48509697661152,0.551219512195122,10.0,649.026423573494,1.0,0.6678297849073831,True,ok,True,True,True,pass_quality_gate
GP_Is_10.5mm_closed_R5_single_refY,GP_Is_10.5mm_closed_R5_single_refY_005,3,GP_Is_10.5mm_closed_R5_single_refY_005-raw03-09,407,18.144327229742352,608.9858605246321,29.792866282789507,0.5655296229802513,2.0,734.0386047363281,1.0,0.7132203821977406,True,ok,True,True,True,pass_quality_gate
GP_Is_10.5mm_closed_R5_single_refY,GP_Is_10.5mm_closed_R5_single_refY_005,4,GP_Is_10.5mm_closed_R5_single_refY_005-raw04-04,531,13.711069827534248,397.0519229320003,19.021578035117688,0.5546282245827011,7.0,847.8498198986053,1.0,0.7845572785208781,True,ok,True,True,True,pass_quality_gate
GP_Is_10.5mm_closed_R5_single_refY,GP_Is_10.5mm_closed_R5_single_refY_005,5,GP_Is_10.5mm_closed_R5_single_refY_005-raw05-10,726,11.73723815111584,145.80048545620946,6.769925589908877,0.5366161616161617,2.0,988.8325805664062,1.0,0.8605764835326903,True,ok,True,True,True,pass_quality_gate
GP_Is_14.0mm_closed_R10_single_refY,GP_Is_14.0mm_closed_R10_single_refY_004,1,GP_Is_14.0mm_closed_R10_single_refY_004-raw01-20,209,57.259370488427,245.5255833970926,8.814639919663351,0.575531914893617,4.0,1257.3544282913208,1.0,0.8179655655805699,True,ok,True,True,True,pass_quality_gate
GP_Is_14.0mm_closed_R10_single_refY,GP_Is_14.0mm_closed_R10_single_refY_004,2,GP_Is_14.0mm_closed_R10_single_refY_004-raw02-20,405,56.10255838803419,213.62920367175687,7.599035205418184,0.5778710015731515,5.0,1268.8985900878906,1.0,0.8865621371697419,True,ok,True,True,True,pass_quality_gate
GP_Is_14.0mm_closed_R10_single_refY,GP_Is_14.0mm_closed_R10_single_refY_004,3,GP_Is_14.0mm_closed_R10_single_refY_004-raw03-03,462,55.79760737335652,176.87287722348253,7.835997625458477,0.6028938906752411,22.0,1291.8813264369965,1.0,0.8855947261721892,True,ok,True,True,True,pass_quality_gate
GP_Is_14.0mm_closed_R10_single_refY,GP_Is_14.0mm_closed_R10_single_refY_004,4,GP_Is_14.0mm_closed_R10_single_refY_004-raw04-04,666,39.56815755116026,196.5130387210504,8.115263509817032,0.5506937033084311,9.0,1213.9523544311523,1.0,0.7859527121354138,True,ok,True,True,True,pass_quality_gate
GP_Is_14.0mm_closed_R10_single_refY,GP_Is_14.0mm_closed_R10_single_refY_004,5,GP_Is_14.0mm_closed_R10_single_refY_004-raw05-02,846,30.237363787755843,189.1225453062176,7.577810150923605,0.5519013360739979,12.0,1258.3372198343277,1.0,0.7774472025896585,True,ok,True,True,True,pass_quality_gate
GP_Is_14.0mm_closed_R10_single_refY,GP_Is_14.0mm_closed_R10_single_refY_005,1,GP_Is_14.0mm_closed_R10_single_refY_005-raw01-21,227,31.19077948308758,154.45547483279225,6.498367457046911,0.5724331926863573,8.0,1389.0406785011292,1.0,0.5653117848606544,True,ok,True,True,True,pass_quality_gate
GP_Is_14.0mm_closed_R10_single_refY,GP_Is_14.0mm_closed_R10_single_refY_005,2,GP_Is_14.0mm_closed_R10_single_refY_005-raw02-12,355,33.45573629555407,164.7314970620259,7.488288596341255,0.5773056057866185,12.0,1438.1412309408188,1.0,0.5243316513268541,True,ok,True,True,True,pass_quality_gate
GP_Is_14.0mm_closed_R10_single_refY,GP_Is_14.0mm_closed_R10_single_refY_005,3,GP_Is_14.0mm_closed_R10_single_refY_005-raw03-10,543,36.50593615595381,147.0097068130695,6.279896297990773,0.5607793307920372,12.0,1508.7513979673386,1.0,0.6027977272102407,True,ok,True,True,True,pass_quality_gate
GP_Is_14.0mm_closed_R10_single_refY,GP_Is_14.0mm_closed_R10_single_refY_005,4,GP_Is_14.0mm_closed_R10_single_refY_005-raw04-17,808,40.51047168316193,149.51728136042402,6.898603136042403,0.6007223113964687,25.0,1726.3271272182465,1.0,0.6229689217829099,True,ok,True,True,True,pass_quality_gate
GP_Is_14.0mm_closed_R10_single_refY,GP_Is_14.0mm_closed_R10_single_refY_005,5,GP_Is_14.0mm_closed_R10_single_refY_005-raw05-11,962,38.1279284297225,119.60619394937946,6.091342000040186,0.6326458036984353,23.0,2019.0255587100985,0.9905425465689796,0.6706849046625176,True,ok,True,True,True,pass_quality_gate
GP_Is_14.0mm_closed_R5_single_refY,GP_Is_14.0mm_closed_R5_single_refY_004,1,GP_Is_14.0mm_closed_R5_single_refY_004-raw01-24,147,37.8671259191996,1120.80435699227,48.91965331459358,0.5793991416309013,8.0,776.7666248083115,1.0,0.6412813813768802,True,ok,True,True,True,pass_quality_gate
GP_Is_14.0mm_closed_R5_single_refY,GP_Is_14.0mm_closed_R5_single_refY_004,2,GP_Is_14.0mm_closed_R5_single_refY_004-raw02-01,152,38.20407968494628,1126.18952324897,49.58271924661565,0.585554600171969,9.0,780.1097025871277,1.0,0.6381616157204814,True,ok,True,True,True,pass_quality_gate
GP_Is_14.0mm_closed_R5_single_refY,GP_Is_14.0mm_closed_R5_single_refY_004,3,GP_Is_14.0mm_closed_R5_single_refY_004-raw03-01,271,43.479668854936,378.7731036427491,12.821451459919508,0.6121919584954605,5.0,1090.6021058559418,1.0,0.6486404716735323,True,ok,True,True,True,pass_quality_gate
GP_Is_14.0mm_closed_R5_single_refY,GP_Is_14.0mm_closed_R5_single_refY_004,4,GP_Is_14.0mm_closed_R5_single_refY_004-raw04-01,390,26.29581359833142,297.2412480109116,10.174670379631737,0.6105769230769231,6.0,1029.6315261125565,1.0,0.6110190365430344,True,ok,True,True,True,pass_quality_gate
GP_Is_14.0mm_closed_R5_single_refY,GP_Is_14.0mm_closed_R5_single_refY_004,5,GP_Is_14.0mm_closed_R5_single_refY_004-raw05-20,605,21.53085537940014,323.85145974210417,11.9547633265013,0.6055514974433893,6.0,959.6904993057252,1.0,0.590315968437506,True,ok,True,True,True,pass_quality_gate
GP_Is_14.0mm_closed_R5_single_refY,GP_Is_14.0mm_closed_R5_single_refY_005,1,GP_Is_14.0mm_closed_R5_single_refY_005-raw01-02,33,38.93040869798896,484.53183250787936,18.19317874831157,0.5805555555555556,2.0,723.9970245361328,1.0,0.41982122943809,True,ok,True,True,True,pass_quality_gate
GP_Is_14.0mm_closed_R5_single_refY,GP_Is_14.0mm_closed_R5_single_refY_005,2,GP_Is_14.0mm_closed_R5_single_refY_005-raw02-11,181,27.35607746288041,551.5623430423491,19.80712185279787,0.5594013096351731,1.0,698.896484375,1.0,0.4184243805385866,True,ok,True,True,True,pass_quality_gate
GP_Is_14.0mm_closed_R5_single_refY,GP_Is_14.0mm_closed_R5_single_refY_005,3,GP_Is_14.0mm_closed_R5_single_refY_005-raw03-20,328,44.97836479961135,238.04062247692625,10.294805832159197,0.6576704545454546,7.0,1077.158466339111,1.0,0.6127540099553203,True,ok,True,True,True,pass_quality_gate
GP_Is_14.0mm_closed_R5_single_refY,GP_Is_14.0mm_closed_R5_single_refY_005,4,GP_Is_14.0mm_closed_R5_single_refY_005-raw04-13,404,46.12877820636137,231.2386642449734,12.879186183602588,0.6361111111111111,4.0,1020.5239105224608,1.0,0.7283718526859246,True,ok,True,True,True,pass_quality_gate
GP_Is_14.0mm_closed_R5_single_refY,GP_Is_14.0mm_closed_R5_single_refY_005,5,GP_Is_14.0mm_closed_R5_single_refY_005-raw05-16,525,48.06153645727368,240.1906027045584,11.288829517299025,0.6406829992576095,4.0,1002.3178863525392,1.0,0.6317421409104996,True,ok,True,True,True,pass_quality_gate
GP_Is_18.0mm_closed_R10_single_refY,GP_Is_18.0mm_closed_R10_single_refY_004,1,GP_Is_18.0mm_closed_R10_single_refY_004-raw01-01,48,21.581662722428653,261.84194795271696,11.247584161085893,0.6006768189509306,2.0,1207.9747314453125,1.0,0.5890627568544375,True,ok,True,True,True,pass_quality_gate
GP_Is_18.0mm_closed_R10_single_refY,GP_Is_18.0mm_closed_R10_single_refY_004,2,GP_Is_18.0mm_closed_R10_single_refY_004-raw02-11,296,21.078351766533327,204.56864860421868,7.308263724069907,0.5934782608695652,6.0,1248.7858855724337,1.0,0.6112918220829668,True,ok,True,True,True,pass_quality_gate
GP_Is_18.0mm_closed_R10_single_refY,GP_Is_18.0mm_closed_R10_single_refY_004,3,GP_Is_18.0mm_closed_R10_single_refY_004-raw03-06,434,15.584142791446636,174.70440169789063,6.344881714237946,0.5911227154046997,7.0,1300.626484632492,1.0,0.6282946842402607,True,ok,True,True,True,pass_quality_gate
GP_Is_18.0mm_closed_R10_single_refY,GP_Is_18.0mm_closed_R10_single_refY_004,4,GP_Is_18.0mm_closed_R10_single_refY_004-raw04-22,726,11.964317452747444,191.3475809356744,7.568531019468416,0.5911521633446767,3.0,1427.5625915527344,1.0,0.630103655285168,True,ok,True,True,True,pass_quality_gate
GP_Is_18.0mm_closed_R10_single_refY,GP_Is_18.0mm_closed_R10_single_refY_004,5,GP_Is_18.0mm_closed_R10_single_refY_004-raw05-03,763,11.756630758298474,197.97320371604405,8.3723335031947,0.5900922778047596,4.0,1424.7341293096542,1.0,0.6258150527380806,True,ok,True,True,True,pass_quality_gate
GP_Is_18.0mm_closed_R10_single_refY,GP_Is_18.0mm_closed_R10_single_refY_005,1,GP_Is_18.0mm_closed_R10_single_refY_005-raw01-20,158,21.067841796817312,277.2280741487278,12.88163154378376,0.5602314571278275,2.0,1224.5432739257812,1.0,0.7384856507226667,True,ok,True,True,True,pass_quality_gate
GP_Is_18.0mm_closed_R10_single_refY,GP_Is_18.0mm_closed_R10_single_refY_005,2,GP_Is_18.0mm_closed_R10_single_refY_005-raw02-20,306,25.82231661028334,150.73418696447482,4.761066718012901,0.5709219858156028,3.0,1312.0528564453125,1.0,0.7114538609194244,True,ok,True,True,True,pass_quality_gate
GP_Is_18.0mm_closed_R10_single_refY,GP_Is_18.0mm_closed_R10_single_refY_005,3,GP_Is_18.0mm_closed_R10_single_refY_005-raw03-21,460,29.260644371805057,192.8246197403249,9.199312841459548,0.5602620087336244,6.0,1491.1484344005585,0.991091362306275,0.7563994863848638,True,ok,True,True,True,pass_quality_gate
GP_Is_18.0mm_closed_R10_single_refY,GP_Is_18.0mm_closed_R10_single_refY_005,4,GP_Is_18.0mm_closed_R10_single_refY_005-raw04-16,577,21.450076354498925,233.0111575482217,11.727865047520082,0.5085205267234701,8.0,1520.3908675909042,1.0,0.892660556222726,True,ok,True,True,True,pass_quality_gate
GP_Is_18.0mm_closed_R10_single_refY,GP_Is_18.0mm_closed_R10_single_refY_005,5,GP_Is_18.0mm_closed_R10_single_refY_005-raw05-20,753,20.249454676299614,144.75086127076017,7.250173088312577,0.4804511278195488,3.0,1480.44985806942,1.0,0.9097458933408732,True,ok,True,True,True,pass_quality_gate
GP_Is_18.0mm_closed_R5_single_refY,GP_Is_18.0mm_closed_R5_single_refY_004,1,GP_Is_18.0mm_closed_R5_single_refY_004-raw01-22,200,21.104616653347005,252.508095698405,11.962076227300974,0.6929708222811671,6.0,1217.940167427063,1.0,0.5470889679596918,True,ok,True,True,True,pass_quality_gate
GP_Is_18.0mm_closed_R5_single_refY,GP_Is_18.0mm_closed_R5_single_refY_004,2,GP_Is_18.0mm_closed_R5_single_refY_004-raw02-15,324,23.910050730376792,200.73063299210088,10.178580284084871,0.6550131926121372,12.0,1156.2122565507889,1.0,0.5850062688335758,True,ok,True,True,True,pass_quality_gate
GP_Is_18.0mm_closed_R5_single_refY,GP_Is_18.0mm_closed_R5_single_refY_004,3,GP_Is_18.0mm_closed_R5_single_refY_004-raw03-10,461,24.70516985385917,230.3338003667309,11.49605529173915,0.6725605762933857,7.0,1199.3545101881027,1.0,0.630271419448898,True,ok,True,True,True,pass_quality_gate
GP_Is_18.0mm_closed_R5_single_refY,GP_Is_18.0mm_closed_R5_single_refY_004,4,GP_Is_18.0mm_closed_R5_single_refY_004-raw04-20,708,15.712216661569803,291.5551389461976,13.292468739348056,0.622360248447205,15.0,1171.324891448021,1.0,0.6696503435351272,True,ok,True,True,True,pass_quality_gate
GP_Is_18.0mm_closed_R5_single_refY,GP_Is_18.0mm_closed_R5_single_refY_004,5,GP_Is_18.0mm_closed_R5_single_refY_004-raw05-21,891,13.643405865646878,191.9403424695702,9.399635399667243,0.6483126110124334,10.0,1275.1239857673645,1.0,0.6615315084413158,True,ok,True,True,True,pass_quality_gate
GP_Is_18.0mm_closed_R5_single_refY,GP_Is_18.0mm_closed_R5_single_refY_005,1,GP_Is_18.0mm_closed_R5_single_refY_005-raw01-06,81,64.88932355061166,217.57684204612488,10.046728840697773,1.0,1.0,1564.06005859375,1.0,0.8582471813766486,True,ok,True,True,True,pass_quality_gate
GP_Is_18.0mm_closed_R5_single_refY,GP_Is_18.0mm_closed_R5_single_refY_005,2,GP_Is_18.0mm_closed_R5_single_refY_005-raw02-19,340,62.019204792371205,717.380355563045,39.54510890171462,1.0,1.0,1274.2955322265625,1.0,0.925586937765842,True,ok,True,True,True,pass_quality_gate
GP_Is_18.0mm_closed_R5_single_refY,GP_Is_18.0mm_closed_R5_single_refY_005,3,GP_Is_18.0mm_closed_R5_single_refY_005-raw03-19,508,84.25072578401803,462.45519326279424,23.5139392424053,1.0,1.0,1225.9107666015625,1.0,0.9124481495337016,True,ok,True,True,True,pass_quality_gate
GP_Is_18.0mm_closed_R5_single_refY,GP_Is_18.0mm_closed_R5_single_refY_005,4,GP_Is_18.0mm_closed_R5_single_refY_005-raw04-03,564,88.0292491179996,526.9379329358652,28.120067546610606,1.0,1.0,1222.01123046875,1.0,0.9006449763374206,True,ok,True,True,True,pass_quality_gate
GP_Is_18.0mm_closed_R5_single_refY,GP_Is_18.0mm_closed_R5_single_refY_005,5,GP_Is_18.0mm_closed_R5_single_refY_005-raw05-01,718,77.86879553874334,414.3320390387239,26.3556161891769,1.0,1.0,1212.5970458984375,1.0,0.9332021338233644,True,ok,True,True,True,pass_quality_gate
GP_Is_4.8mm_closed_R10_single_refY,GP_Is_4.8mm_closed_R10_single_refY_004,1,GP_Is_4.8mm_closed_R10_single_refY_004-raw01-01,45,23.20345457842321,487.30830470124863,16.275538422860972,1.0,1.0,423.8893737792969,1.0,0.6096889901687944,True,ok,True,True,True,pass_quality_gate
GP_Is_4.8mm_closed_R10_single_refY,GP_Is_4.8mm_closed_R10_single_refY_004,2,GP_Is_4.8mm_closed_R10_single_refY_004-raw02-09,261,26.772803615692524,465.6796338672769,14.631292906178489,1.0,1.0,395.261962890625,1.0,0.6319006008350817,True,ok,True,True,True,pass_quality_gate
GP_Is_4.8mm_closed_R10_single_refY,GP_Is_4.8mm_closed_R10_single_refY_004,3,GP_Is_4.8mm_closed_R10_single_refY_004-raw03-13,450,18.09513740089204,1257.730281124498,48.800963855421685,1.0,1.0,432.3746337890625,1.0,0.6377676314097482,True,ok,True,True,True,pass_quality_gate
GP_Is_4.8mm_closed_R10_single_refY,GP_Is_4.8mm_closed_R10_single_refY_004,4,GP_Is_4.8mm_closed_R10_single_refY_004-raw04-13,612,15.766602408090051,589.146254628311,21.299416120763315,1.0,1.0,455.0020751953125,1.0,0.7179223680002674,True,ok,True,True,True,pass_quality_gate
GP_Is_4.8mm_closed_R10_single_refY,GP_Is_4.8mm_closed_R10_single_refY_004,5,GP_Is_4.8mm_closed_R10_single_refY_004-raw05-17,802,15.413394629837558,585.7562174236783,21.751005212211467,1.0,1.0,444.2741088867188,1.0,0.7227587967886197,True,ok,True,True,True,pass_quality_gate
GP_Is_4.8mm_closed_R10_single_refY,GP_Is_4.8mm_closed_R10_single_refY_005,1,GP_Is_4.8mm_closed_R10_single_refY_005-raw01-09,99,35.40641362259006,369.07010061242346,13.922900262467191,1.0,1.0,515.5289916992188,1.0,0.7795080614530949,True,ok,True,True,True,pass_quality_gate
GP_Is_4.8mm_closed_R10_single_refY,GP_Is_4.8mm_closed_R10_single_refY_005,2,GP_Is_4.8mm_closed_R10_single_refY_005-raw02-05,235,30.94614899020608,428.8022280785817,20.07660517489219,1.0,1.0,490.5584106445313,1.0,0.8455373609897473,True,ok,True,True,True,pass_quality_gate
GP_Is_4.8mm_closed_R10_single_refY,GP_Is_4.8mm_closed_R10_single_refY_005,3,GP_Is_4.8mm_closed_R10_single_refY_005-raw03-18,486,29.50736105918883,174.2606348520838,8.384042323472253,1.0,1.0,516.2152709960938,0.9962240859746578,0.8663407037246338,True,ok,True,True,True,pass_quality_gate
GP_Is_4.8mm_closed_R10_single_refY,GP_Is_4.8mm_closed_R10_single_refY_005,4,GP_Is_4.8mm_closed_R10_single_refY_005-raw04-22,677,41.00376705579288,333.9632169954476,13.748952959028832,0.966346153846154,2.0,467.5167541503906,0.9739715019305776,0.9332950065933908,True,ok,True,True,True,pass_quality_gate
GP_Is_4.8mm_closed_R10_single_refY,GP_Is_4.8mm_closed_R10_single_refY_005,5,GP_Is_4.8mm_closed_R10_single_refY_005-raw05-08,745,71.46161336135751,215.13034468467225,10.035366443323891,1.0,1.0,455.5462341308594,0.9984714437908194,0.9591540628325924,True,ok,True,True,True,pass_quality_gate
GP_Is_6.5mm_closed_R10_single_refY,GP_Is_6.5mm_closed_R10_single_refY_004,1,GP_Is_6.5mm_closed_R10_single_refY_004-raw01-07,74,37.97121944263129,331.4811328280814,12.433187076186677,0.9491978609625668,3.0,408.7472496032715,1.0,0.6302925569645984,True,ok,True,True,True,pass_quality_gate
GP_Is_6.5mm_closed_R10_single_refY,GP_Is_6.5mm_closed_R10_single_refY_004,2,GP_Is_6.5mm_closed_R10_single_refY_004-raw02-04,198,32.34348176913673,330.16805450416354,13.180082429136176,0.989100817438692,2.0,420.232536315918,1.0,0.649628048362529,True,ok,True,True,True,pass_quality_gate
GP_Is_6.5mm_closed_R10_single_refY,GP_Is_6.5mm_closed_R10_single_refY_004,3,GP_Is_6.5mm_closed_R10_single_refY_004-raw03-24,456,34.93384245729328,260.68810579307234,9.192801863400708,0.9338422391857506,2.0,421.747257232666,0.9963503649635036,0.7227142726985035,True,ok,True,True,True,pass_quality_gate
GP_Is_6.5mm_closed_R10_single_refY,GP_Is_6.5mm_closed_R10_single_refY_004,4,GP_Is_6.5mm_closed_R10_single_refY_004-raw04-19,568,33.01832031211852,475.01987080898186,20.734420178406644,0.9046511627906976,2.0,441.26195526123047,1.0,0.7197234819841299,True,ok,True,True,True,pass_quality_gate
GP_Is_6.5mm_closed_R10_single_refY,GP_Is_6.5mm_closed_R10_single_refY_004,5,GP_Is_6.5mm_closed_R10_single_refY_004-raw05-14,681,31.94716686027315,298.79644132573145,10.87381742998559,0.8990610328638498,2.0,436.5045928955078,0.999688522037066,0.713211960650798,True,ok,True,True,True,pass_quality_gate
GP_Is_6.5mm_closed_R10_single_refY,GP_Is_6.5mm_closed_R10_single_refY_005,1,GP_Is_6.5mm_closed_R10_single_refY_005-raw01-22,160,50.21692915984261,125.76867558160836,6.469133540941565,0.9172661870503596,3.0,590.6711297035217,1.0,0.9305974586441588,True,ok,True,True,True,pass_quality_gate
GP_Is_6.5mm_closed_R10_single_refY,GP_Is_6.5mm_closed_R10_single_refY_005,2,GP_Is_6.5mm_closed_R10_single_refY_005-raw02-12,242,51.79767034684173,136.11205297049514,7.187652344744788,0.8862815884476535,3.0,567.5289945602417,1.0,0.9347766561148791,True,ok,True,True,True,pass_quality_gate
GP_Is_6.5mm_closed_R10_single_refY,GP_Is_6.5mm_closed_R10_single_refY_005,3,GP_Is_6.5mm_closed_R10_single_refY_005-raw03-05,341,47.138276795111786,140.06131094508203,6.17095432488639,0.8895131086142322,1.0,544.0020751953125,1.0,0.9112770536477388,True,ok,True,True,True,pass_quality_gate
GP_Is_6.5mm_closed_R10_single_refY,GP_Is_6.5mm_closed_R10_single_refY_005,4,GP_Is_6.5mm_closed_R10_single_refY_005-raw04-13,528,46.67492490536607,172.3750305997552,8.307711138310893,0.8643410852713178,5.0,506.4457015991211,0.9992461635107244,0.8857116578426001,True,ok,True,True,True,pass_quality_gate
GP_Is_6.5mm_closed_R10_single_refY,GP_Is_6.5mm_closed_R10_single_refY_005,5,GP_Is_6.5mm_closed_R10_single_refY_005-raw05-11,657,45.96094708378048,165.0528711484594,7.101584383753502,0.9074446680080482,1.0,517.1026000976562,1.0,0.8255604312068439,True,ok,True,True,True,pass_quality_gate
GP_Is_7.0mm_closed_R5_single_refY,GP_Is_7.0mm_closed_R5_single_refY_004,1,GP_Is_7.0mm_closed_R5_single_refY_004-raw01-03,39,22.77859788060601,574.6062658763759,21.103302286198137,0.4682230869001297,2.0,414.0903854370117,1.0,0.4241753177873479,True,ok,True,True,True,pass_quality_gate
GP_Is_7.0mm_closed_R5_single_refY,GP_Is_7.0mm_closed_R5_single_refY_004,2,GP_Is_7.0mm_closed_R5_single_refY_004-raw02-21,232,33.95842768294605,1016.1586308846942,44.87258357971344,0.4939106901217862,4.0,416.5045928955078,1.0,0.5653519073296001,True,ok,True,True,True,pass_quality_gate
GP_Is_7.0mm_closed_R5_single_refY,GP_Is_7.0mm_closed_R5_single_refY_004,3,GP_Is_7.0mm_closed_R5_single_refY_004-raw03-12,300,38.17753742819774,983.653432540836,38.87920711503808,0.4644808743169399,3.0,386.70561599731445,1.0,0.5135103824706275,True,ok,True,True,True,pass_quality_gate
GP_Is_7.0mm_closed_R5_single_refY,GP_Is_7.0mm_closed_R5_single_refY_004,4,GP_Is_7.0mm_closed_R5_single_refY_004-raw04-02,365,32.67491597794427,1066.8711023276242,46.9058519982433,0.4329349269588313,3.0,375.1908836364746,1.0,0.410720840958353,True,ok,True,True,True,pass_quality_gate
GP_Is_7.0mm_closed_R5_single_refY,GP_Is_7.0mm_closed_R5_single_refY_004,5,GP_Is_7.0mm_closed_R5_single_refY_004-raw05-01,470,24.245035752867462,397.1504165522292,19.10390918245903,0.4703791469194313,5.0,447.9188060760498,1.0,0.5356149081246596,True,ok,True,True,True,pass_quality_gate
GP_Is_7.0mm_closed_R5_single_refY,GP_Is_7.0mm_closed_R5_single_refY_005,1,GP_Is_7.0mm_closed_R5_single_refY_005-raw01-19,202,65.09176179402671,248.24519527552573,11.227540227992922,0.6010526315789474,7.0,658.4406995773315,0.9965855059514312,0.8723562619180653,True,ok,True,True,True,pass_quality_gate
GP_Is_7.0mm_closed_R5_single_refY,GP_Is_7.0mm_closed_R5_single_refY_005,2,GP_Is_7.0mm_closed_R5_single_refY_005-raw02-12,341,46.44363565647337,309.38940372554526,10.194233829448656,0.6013363028953229,8.0,616.0853304862976,1.0,0.8680858979127215,True,ok,True,True,True,pass_quality_gate
GP_Is_7.0mm_closed_R5_single_refY,GP_Is_7.0mm_closed_R5_single_refY_005,3,GP_Is_7.0mm_closed_R5_single_refY_005-raw03-16,571,38.05145498515824,1011.1443888813805,42.81434428075866,0.6077097505668935,11.0,603.7005598545074,0.996694488058838,0.7736809847010165,True,ok,True,True,True,pass_quality_gate
GP_Is_7.0mm_closed_R5_single_refY,GP_Is_7.0mm_closed_R5_single_refY_005,4,GP_Is_7.0mm_closed_R5_single_refY_005-raw04-03,661,31.952659589409546,1565.308072487644,68.32619439868205,0.4910179640718562,11.0,461.13200771808624,1.0,0.7404822877861686,True,ok,True,True,True,pass_quality_gate
GP_Is_7.0mm_closed_R5_single_refY,GP_Is_7.0mm_closed_R5_single_refY_005,5,GP_Is_7.0mm_closed_R5_single_refY_005-raw05-02,850,19.85876971489118,685.0231345406277,33.756376220726274,0.4928571428571429,10.0,461.5756857395172,1.0,0.6277380944333089,True,ok,True,True,True,pass_quality_gate
GP_Is_7mm_closed_R10_single_refY,GP_Is_7mm_closed_R10_single_refY_004,1,GP_Is_7mm_closed_R10_single_refY_004-raw01-03,55,30.1456084908085,434.2287669452986,9.081380744077268,0.9944444444444444,2.0,624.4700927734375,1.0,0.5658935429802576,True,ok,True,True,True,pass_quality_gate
GP_Is_7mm_closed_R10_single_refY,GP_Is_7mm_closed_R10_single_refY_004,2,GP_Is_7mm_closed_R10_single_refY_004-raw02-05,222,25.203590488168963,414.1829403386612,6.095954001160521,0.9137254901960784,6.0,538.2863426208496,1.0,0.5045951140910938,True,ok,True,True,True,pass_quality_gate
GP_Is_7mm_closed_R10_single_refY,GP_Is_7mm_closed_R10_single_refY_004,3,GP_Is_7mm_closed_R10_single_refY_004-raw03-01,350,22.85911129369736,381.9447244767193,7.992780862879111,1.0,1.0,624.298583984375,1.0,0.5760261552370484,True,ok,True,True,True,pass_quality_gate
GP_Is_7mm_closed_R10_single_refY,GP_Is_7mm_closed_R10_single_refY_004,4,GP_Is_7mm_closed_R10_single_refY_004-raw04-09,555,13.225333647320587,260.11464968152865,8.926833251674015,0.9836734693877552,1.0,828.8670654296875,1.0,0.5591787468512529,True,ok,True,True,True,pass_quality_gate
GP_Is_7mm_closed_R10_single_refY,GP_Is_7mm_closed_R10_single_refY_004,5,GP_Is_7mm_closed_R10_single_refY_004-raw05-09,709,13.274387643653956,229.3081065347111,8.422912724979382,0.9853917662682604,2.0,844.3817901611328,1.0,0.5828281006684527,True,ok,True,True,True,pass_quality_gate
GP_Is_7mm_closed_R10_single_refY,GP_Is_7mm_closed_R10_single_refY_005,1,GP_Is_7mm_closed_R10_single_refY_005-raw01-04,48,17.681888840257383,355.67705848482353,13.33437525705355,1.0,1.0,808.080322265625,1.0,0.6837866193584953,True,ok,True,True,True,pass_quality_gate
GP_Is_7mm_closed_R10_single_refY,GP_Is_7mm_closed_R10_single_refY_005,2,GP_Is_7mm_closed_R10_single_refY_005-raw02-23,267,16.84875638834164,262.42235758177475,11.372232806504414,0.9986033519553073,1.0,831.222412109375,1.0,0.7250116410728406,True,ok,True,True,True,pass_quality_gate
GP_Is_7mm_closed_R10_single_refY,GP_Is_7mm_closed_R10_single_refY_005,3,GP_Is_7mm_closed_R10_single_refY_005-raw03-09,318,18.432761501471195,369.9717306920091,12.875920224869496,1.0,2.0,982.9503784179688,1.0,0.7831013783371834,True,ok,True,True,True,pass_quality_gate
GP_Is_7mm_closed_R10_single_refY,GP_Is_7mm_closed_R10_single_refY_005,4,GP_Is_7mm_closed_R10_single_refY_005-raw04-02,404,15.266386233478125,316.82389085103296,10.981348879965164,1.0,2.0,920.5066817998886,0.9972978450314124,0.8249365732624843,True,ok,True,True,True,pass_quality_gate
GP_Is_7mm_closed_R10_single_refY,GP_Is_7mm_closed_R10_single_refY_005,5,GP_Is_7mm_closed_R10_single_refY_005-raw05-07,552,18.85177950906635,442.3267431370022,15.669570820982086,1.0,1.0,823.1929931640625,1.0,0.8443290638907968,True,ok,True,True,True,pass_quality_gate
GP_Is_8.8mm_closed_R10_single_refY,GP_Is_8.8mm_closed_R10_single_refY_005,5,GP_Is_8.8mm_closed_R10_single_refY_005-raw05-24,1081,61.93907972016039,449.69823731949225,19.004745019442588,0.8220858895705522,4.0,779.9087047576904,1.0,0.9958312364127434,True,ok,True,True,True,pass_quality_gate
GP_Is_8.8mm_closed_R5_single_refY,GP_Is_8.8mm_closed_R5_single_refY_004,1,GP_Is_8.8mm_closed_R5_single_refY_004-raw01-18,181,34.502070306052666,488.2852232364512,15.93377382270939,0.5355691056910569,8.0,601.0142530202866,1.0,0.4921120131847069,True,ok,True,True,True,pass_quality_gate
GP_Is_8.8mm_closed_R5_single_refY,GP_Is_8.8mm_closed_R5_single_refY_004,2,GP_Is_8.8mm_closed_R5_single_refY_004-raw02-02,243,24.32212347561754,599.8827748596269,26.20804202137294,0.4093625498007968,4.0,473.688353061676,1.0,0.4731508800956808,True,ok,True,True,True,pass_quality_gate
GP_Is_8.8mm_closed_R5_single_refY,GP_Is_8.8mm_closed_R5_single_refY_004,3,GP_Is_8.8mm_closed_R5_single_refY_004-raw03-02,427,16.479607003063624,326.5724869506651,10.786933827243644,0.5256653992395437,11.0,627.742191195488,1.0,0.504111146098278,True,ok,True,True,True,pass_quality_gate
GP_Is_8.8mm_closed_R5_single_refY,GP_Is_8.8mm_closed_R5_single_refY_004,4,GP_Is_8.8mm_closed_R5_single_refY_004-raw04-24,779,13.974628432996768,369.76693962026457,13.090704580221365,0.5778175313059034,3.0,743.2396392822266,1.0,0.5877402490040217,True,ok,True,True,True,pass_quality_gate
GP_Is_8.8mm_closed_R5_single_refY,GP_Is_8.8mm_closed_R5_single_refY_004,5,GP_Is_8.8mm_closed_R5_single_refY_004-raw05-04,810,14.163836692409744,333.328317535545,12.924733412322276,0.579982126899017,6.0,745.7249755859375,1.0,0.6026923373985484,True,ok,True,True,True,pass_quality_gate
GP_Is_8.8mm_closed_R5_single_refY,GP_Is_8.8mm_closed_R5_single_refY_005,1,GP_Is_8.8mm_closed_R5_single_refY_005-raw01-19,157,39.93345668282211,378.6260639745035,17.6728982859808,0.5500910746812386,4.0,706.4528777599335,1.0,0.8088158378137086,True,ok,True,True,True,pass_quality_gate
GP_Is_8.8mm_closed_R5_single_refY,GP_Is_8.8mm_closed_R5_single_refY_005,2,GP_Is_8.8mm_closed_R5_single_refY_005-raw02-06,227,26.731852171484626,444.6074457495521,16.854031455305595,0.5649717514124294,2.0,700.7249450683594,1.0,0.7885119648630813,True,ok,True,True,True,pass_quality_gate
GP_Is_8.8mm_closed_R5_single_refY,GP_Is_8.8mm_closed_R5_single_refY_005,3,GP_Is_8.8mm_closed_R5_single_refY_005-raw03-12,418,21.69161126004325,423.6529974489796,15.687914540816326,0.5658217497955846,3.0,815.7493171691895,1.0,0.877825688632902,True,ok,True,True,True,pass_quality_gate
GP_Is_8.8mm_closed_R5_single_refY,GP_Is_8.8mm_closed_R5_single_refY_005,4,GP_Is_8.8mm_closed_R5_single_refY_005-raw04-24,648,25.42069349312488,165.82790030362685,8.007774181708985,0.5066666666666667,6.0,745.2102035284042,1.0,0.91642423645714,True,ok,True,True,True,pass_quality_gate
GP_Is_8.8mm_closed_R5_single_refY,GP_Is_8.8mm_closed_R5_single_refY_005,5,GP_Is_8.8mm_closed_R5_single_refY_005-raw05-16,752,22.858179250528785,221.01119218581937,11.618913340504085,0.5614457831325301,5.0,807.0802870988846,1.0,0.8698698318122512,True,ok,True,True,True,pass_quality_gate
