geometry,group,capture,valid_bins,eligible,capture_prediction_mm,capture_MAD_mm,capture_range_mm,capture_range_over_median,small_fit_failures
G0_frozen_S7_V2,GP_IIa_14.0mm_closed_R10_single_refY,GP_IIa_14.0mm_closed_R10_single_refY_004,5,True,18.810062187040995,3.4175395170871496,17.93763180955435,0.9536189530469656,0
G0_frozen_S7_V2,GP_IIa_14.0mm_closed_R10_single_refY,GP_IIa_14.0mm_closed_R10_single_refY_005,5,True,9.98110336530987,6.924183108337086,19.010017756714063,1.9046008302834447,0
G0_frozen_S7_V2,GP_IIa_14.0mm_closed_R5_single_refY,GP_IIa_14.0mm_closed_R5_single_refY_004,5,True,18.007617583570475,2.403162508735946,9.853651409566941,0.5471935065167682,0
G0_frozen_S7_V2,GP_IIa_14.0mm_closed_R5_single_refY,GP_IIa_14.0mm_closed_R5_single_refY_005,5,True,14.381033701888796,0.5946342296643952,2.555626020418579,0.17770808923721002,0
G0_frozen_S7_V2,GP_IIa_22.0mm_closed_R10_single_refY,GP_IIa_22.0mm_closed_R10_single_refY_005,5,True,22.649983045006422,0.29874475207684625,1.090184878751483,0.048131818756121894,0
G0_frozen_S7_V2,GP_IIa_22.0mm_closed_R10_single_refY,GP_IIa_22.0mm_closed_R10_single_refY_006,5,True,20.764328515074926,0.19049354092470594,0.5379769983638418,0.025908711566245444,0
G0_frozen_S7_V2,GP_IIa_22.0mm_closed_R5_single_refY,GP_IIa_22.0mm_closed_R5_single_refY_004,5,True,22.31245515812116,0.3628826158453151,1.568130315265467,0.07028049150811214,0
G0_frozen_S7_V2,GP_IIa_22.0mm_closed_R5_single_refY,GP_IIa_22.0mm_closed_R5_single_refY_005,5,True,20.36284882703294,0.04355246125752643,0.2984561785133586,0.014656897030887916,0
G0_frozen_S7_V2,GP_IIa_4.5mm_closed_R10_single_refY,GP_IIa_4.5mm_closed_R10_single_refY_004,5,True,4.709893846813545,0.00797160764173288,0.12942784427866094,0.02747999179773971,0
G0_frozen_S7_V2,GP_IIa_4.5mm_closed_R10_single_refY,GP_IIa_4.5mm_closed_R10_single_refY_005,5,True,4.778073047504965,0.08117080725988934,0.18228827895734945,0.03815100295558217,0
G0_frozen_S7_V2,GP_IIa_5.2mm_closed_R10_single_refY,GP_IIa_5.2mm_closed_R10_single_refY_001,5,True,5.062259138017321,0.07136172104445127,0.3442455554140551,0.06800235745119954,0
G0_frozen_S7_V2,GP_IIa_5.2mm_closed_R10_single_refY,GP_IIa_5.2mm_closed_R10_single_refY_004,5,True,5.3547415103400615,0.1042976608843027,0.28184146277011557,0.052633999647952526,0
G0_frozen_S7_V2,GP_IIa_9.5mm_closed_R5_single_refY,GP_IIa_9.5mm_closed_R5_single_refY_004,5,True,9.76267634740378,0.3388440994553701,1.9493362003242751,0.19967231637691937,0
G0_frozen_S7_V2,GP_IIa_9.5mm_closed_R5_single_refY,GP_IIa_9.5mm_closed_R5_single_refY_005,5,True,9.972401716772897,1.3330892406749388,4.362619527471654,0.43746929289200487,0
G0_frozen_S7_V2,GP_Ip_10.3mm_closed_R5_single_refY,GP_Ip_10.3mm_closed_R5_single_refY_005,5,True,10.18461688099722,0.4836128307244074,1.6227279129542076,0.1593312671370039,0
G0_frozen_S7_V2,GP_Ip_12.0mm_closed_R10_single_refY,GP_Ip_12.0mm_closed_R10_single_refY_004,4,True,11.003640926028039,0.55766583308941,2.310961767953419,0.210017918931457,0
G0_frozen_S7_V2,GP_Ip_12.0mm_closed_R10_single_refY,GP_Ip_12.0mm_closed_R10_single_refY_005,5,True,3.61181727465434,0.5411637635414146,7.420940082159861,2.0546277726273026,0
G0_frozen_S7_V2,GP_Ip_12.0mm_closed_R5_single_refY,GP_Ip_12.0mm_closed_R5_single_refY_004,5,True,11.395377693836119,0.09484621546313754,0.45060997519155244,0.03954322421759589,0
G0_frozen_S7_V2,GP_Ip_12.0mm_closed_R5_single_refY,GP_Ip_12.0mm_closed_R5_single_refY_005,5,True,10.253692393611843,0.06947410674820631,0.3375230131391813,0.032917216567708005,0
G0_frozen_S7_V2,GP_Ip_2.9mm_closed_R10_single_refY,GP_Ip_2.9mm_closed_R10_single_refY_004,5,True,3.028956700179739,0.01725743720686035,0.11657941146654283,0.03848830571253296,0
G0_frozen_S7_V2,GP_Ip_2.9mm_closed_R10_single_refY,GP_Ip_2.9mm_closed_R10_single_refY_005,5,True,3.0709405782169776,0.02393062391156109,0.12601493826654764,0.0410346390810705,0
G0_frozen_S7_V2,GP_Ip_2.9mm_closed_R5_single_refY,GP_Ip_2.9mm_closed_R5_single_refY_004,4,True,2.5312475531766747,0.09960150465595907,0.32053491533976697,0.12663120007266807,0
G0_frozen_S7_V2,GP_Ip_2.9mm_closed_R5_single_refY,GP_Ip_2.9mm_closed_R5_single_refY_005,3,False,,0.3376228905475265,1.229035456261946,0.35384111402823043,0
G0_frozen_S7_V2,GP_Ip_20.0mm_closed_R10_single_refY,GP_Ip_20.0mm_closed_R10_single_refY_004,5,True,18.842299085242615,0.2705393258861548,0.7614050895286866,0.040409351644620846,0
G0_frozen_S7_V2,GP_Ip_20.0mm_closed_R10_single_refY,GP_Ip_20.0mm_closed_R10_single_refY_005,5,True,17.62677395425497,0.11088898073740694,0.5712381228337655,0.032407411833625575,0
G0_frozen_S7_V2,GP_Ip_4.0mm_closed_R10_single_refY,GP_Ip_4.0mm_closed_R10_single_refY_004,5,True,4.161035629146362,0.025883796956062355,0.2598906935265264,0.06245817548547237,0
G0_frozen_S7_V2,GP_Ip_4.0mm_closed_R10_single_refY,GP_Ip_4.0mm_closed_R10_single_refY_005,5,True,4.007692730395168,0.024775817195488603,0.13716251490923836,0.034224808171786615,0
G0_frozen_S7_V2,GP_Ip_4.0mm_closed_R5_single_refY,GP_Ip_4.0mm_closed_R5_single_refY_005,1,False,,0.0,0.0,0.0,0
G0_frozen_S7_V2,GP_Ip_4.0mm_closed_R5_single_refY,GP_Ip_4.0mm_closed_R5_single_refY_006,2,False,,0.804051138400053,1.608102276800106,0.4267289350778537,0
G0_frozen_S7_V2,GP_Ip_4.0mm_closed_R5_single_refY,GP_Ip_4.0mm_closed_R5_single_refY_007,4,True,3.8072770145540797,0.17531730726976424,2.6124623836789014,0.6861760711637845,0
G0_frozen_S7_V2,GP_Ip_4.7mm_closed_R5_single_refY,GP_Ip_4.7mm_closed_R5_single_refY_004,4,True,29.28012794509827,2.3529824062605478,24.756463154776846,0.8455039267996531,0
G0_frozen_S7_V2,GP_Ip_4.7mm_closed_R5_single_refY,GP_Ip_4.7mm_closed_R5_single_refY_005,2,False,,1.2422184946491583,2.4844369892983167,0.03692819458006259,0
G0_frozen_S7_V2,GP_Ip_5.6mm_closed_R10_single_refY,GP_Ip_5.6mm_closed_R10_single_refY_005,5,True,5.878877185585695,0.17732619041580389,1.4292389060116895,0.24311426500216954,0
G0_frozen_S7_V2,GP_Ip_6.2mm_closed_R10_single_refY,GP_Ip_6.2mm_closed_R10_single_refY_005,1,False,,0.0,0.0,0.0,0
G0_frozen_S7_V2,GP_Ip_6.2mm_closed_R5_single_refY,GP_Ip_6.2mm_closed_R5_single_refY_004,5,True,5.996245434843871,0.19455952733299675,0.5330191983659365,0.0888921582943536,0
G0_frozen_S7_V2,GP_Ip_6.2mm_closed_R5_single_refY,GP_Ip_6.2mm_closed_R5_single_refY_005,5,True,6.557629222807027,0.016680759153479663,0.46556799860488063,0.0709963895161477,0
G0_frozen_S7_V2,GP_Ip_8.8mm_closed_R5_single_refY,GP_Ip_8.8mm_closed_R5_single_refY_004,3,False,,0.005097680267402538,0.42141040203346236,0.04440123566878217,0
G0_frozen_S7_V2,GP_Ip_8.8mm_closed_R5_single_refY,GP_Ip_8.8mm_closed_R5_single_refY_005,5,True,8.52460806127263,0.4383544194947273,2.365680078052266,0.2775118880596484,0
G0_frozen_S7_V2,GP_Ip_9.7mm_closed_R5_single_refY,GP_Ip_9.7mm_closed_R5_single_refY_004,4,True,10.164920251340739,0.0960512823077817,1.0114873285997668,0.09950765019197794,0
G0_frozen_S7_V2,GP_Ip_9.7mm_closed_R5_single_refY,GP_Ip_9.7mm_closed_R5_single_refY_005,5,True,9.161515032980562,0.10621383389327477,0.3235620210140091,0.035317523340759396,0
G0_frozen_S7_V2,GP_Is_10.5mm_closed_R5_single_refY,GP_Is_10.5mm_closed_R5_single_refY_004,5,True,11.411731106792484,0.06777984102583545,0.33073228712410163,0.028981780593063864,0
G0_frozen_S7_V2,GP_Is_10.5mm_closed_R5_single_refY,GP_Is_10.5mm_closed_R5_single_refY_005,5,True,10.887037463763075,0.2648967910550386,1.0374136522958004,0.09528888421196093,0
G0_frozen_S7_V2,GP_Is_14.0mm_closed_R10_single_refY,GP_Is_14.0mm_closed_R10_single_refY_004,5,True,13.61059124927107,0.06465753731296608,2.0799942263588918,0.15282173920771355,0
G0_frozen_S7_V2,GP_Is_14.0mm_closed_R10_single_refY,GP_Is_14.0mm_closed_R10_single_refY_005,5,True,14.018450613496878,1.2127751027476172,6.202335638066291,0.44244088088413425,0
G0_frozen_S7_V2,GP_Is_14.0mm_closed_R5_single_refY,GP_Is_14.0mm_closed_R5_single_refY_004,5,True,13.539501808685223,0.11647889812367751,0.5473502070019922,0.04042617038175525,0
G0_frozen_S7_V2,GP_Is_14.0mm_closed_R5_single_refY,GP_Is_14.0mm_closed_R5_single_refY_005,5,True,14.188591503250828,0.3350640207544675,1.8299808855718585,0.12897551424696252,0
G0_frozen_S7_V2,GP_Is_18.0mm_closed_R10_single_refY,GP_Is_18.0mm_closed_R10_single_refY_004,5,True,17.026411718705774,0.03824608502415572,0.19369154421270807,0.01137594623063838,0
G0_frozen_S7_V2,GP_Is_18.0mm_closed_R10_single_refY,GP_Is_18.0mm_closed_R10_single_refY_005,5,True,15.206921830182472,1.1104728760209834,3.0760794818616386,0.20228153443626454,0
G0_frozen_S7_V2,GP_Is_18.0mm_closed_R5_single_refY,GP_Is_18.0mm_closed_R5_single_refY_004,5,True,18.48537447423068,0.46459501618232224,1.2998627004670489,0.0703184402501073,0
G0_frozen_S7_V2,GP_Is_18.0mm_closed_R5_single_refY,GP_Is_18.0mm_closed_R5_single_refY_005,5,True,16.120884769386798,0.3578618274345473,1.0511892438241244,0.06520667189559654,0
G0_frozen_S7_V2,GP_Is_4.8mm_closed_R10_single_refY,GP_Is_4.8mm_closed_R10_single_refY_004,5,True,5.008959164071951,0.029804403631504606,0.16016214959013197,0.03197513582041879,0
G0_frozen_S7_V2,GP_Is_4.8mm_closed_R10_single_refY,GP_Is_4.8mm_closed_R10_single_refY_005,5,True,4.8711309812910475,0.13947555980313364,0.34185517704749824,0.07017983674848602,0
G0_frozen_S7_V2,GP_Is_6.5mm_closed_R10_single_refY,GP_Is_6.5mm_closed_R10_single_refY_004,5,True,5.48987011978041,0.15884704693652285,0.511929567454656,0.0932498504126966,0
G0_frozen_S7_V2,GP_Is_6.5mm_closed_R10_single_refY,GP_Is_6.5mm_closed_R10_single_refY_005,5,True,5.867139414793854,0.1310326612194963,0.5891241044871629,0.10041079013764362,0
G0_frozen_S7_V2,GP_Is_7.0mm_closed_R5_single_refY,GP_Is_7.0mm_closed_R5_single_refY_004,5,True,8.51391038877275,0.15659542078997823,0.8531331642524247,0.10020462106078154,0
G0_frozen_S7_V2,GP_Is_7.0mm_closed_R5_single_refY,GP_Is_7.0mm_closed_R5_single_refY_005,5,True,7.248851857107416,0.18229171008003675,0.4210496830888708,0.058085016963898416,0
G0_frozen_S7_V2,GP_Is_7mm_closed_R10_single_refY,GP_Is_7mm_closed_R10_single_refY_004,5,True,7.255310406129105,0.04185539782678571,0.8637052505853502,0.11904456215349705,0
G0_frozen_S7_V2,GP_Is_7mm_closed_R10_single_refY,GP_Is_7mm_closed_R10_single_refY_005,5,True,7.031908357823056,0.10815718273883235,0.7170059066868522,0.1019646261301425,0
G0_frozen_S7_V2,GP_Is_8.8mm_closed_R10_single_refY,GP_Is_8.8mm_closed_R10_single_refY_005,1,False,,0.0,0.0,0.0,0
G0_frozen_S7_V2,GP_Is_8.8mm_closed_R5_single_refY,GP_Is_8.8mm_closed_R5_single_refY_004,5,True,10.06678210790269,0.6876476415019805,4.331055486010538,0.4302323661709679,0
G0_frozen_S7_V2,GP_Is_8.8mm_closed_R5_single_refY,GP_Is_8.8mm_closed_R5_single_refY_005,5,True,8.773842959661858,0.3117770658464334,0.9615850732372042,0.10959679557271942,0
G3_occlusion_aware_amodal,GP_IIa_14.0mm_closed_R10_single_refY,GP_IIa_14.0mm_closed_R10_single_refY_004,5,True,13.031505124319464,0.48269236662278026,2.1133945805613994,0.16217578555967194,0
G3_occlusion_aware_amodal,GP_IIa_14.0mm_closed_R10_single_refY,GP_IIa_14.0mm_closed_R10_single_refY_005,5,True,12.252370965639487,0.06320673176145242,0.7079450719732172,0.0577802511822876,0
G3_occlusion_aware_amodal,GP_IIa_14.0mm_closed_R5_single_refY,GP_IIa_14.0mm_closed_R5_single_refY_004,5,True,15.760268712975748,0.964518184672233,4.214009647419768,0.267381840003165,0
G3_occlusion_aware_amodal,GP_IIa_14.0mm_closed_R5_single_refY,GP_IIa_14.0mm_closed_R5_single_refY_005,4,True,14.342606566137775,0.11181685700546229,0.4680769012987369,0.032635413872666955,1
G3_occlusion_aware_amodal,GP_IIa_22.0mm_closed_R10_single_refY,GP_IIa_22.0mm_closed_R10_single_refY_005,5,True,22.469993477906282,0.2482002224286255,0.7447692841822331,0.03314506009601341,0
G3_occlusion_aware_amodal,GP_IIa_22.0mm_closed_R10_single_refY,GP_IIa_22.0mm_closed_R10_single_refY_006,5,True,20.961646643923565,0.1271184487031647,0.5471523476369384,0.02610254608960069,0
G3_occlusion_aware_amodal,GP_IIa_22.0mm_closed_R5_single_refY,GP_IIa_22.0mm_closed_R5_single_refY_004,4,True,22.3869241043836,0.11019905713878586,1.4526151190926342,0.06488676659283428,1
G3_occlusion_aware_amodal,GP_IIa_22.0mm_closed_R5_single_refY,GP_IIa_22.0mm_closed_R5_single_refY_005,2,False,,0.1588908742950661,0.3177817485901322,0.015530200666611964,3
G3_occlusion_aware_amodal,GP_IIa_4.5mm_closed_R10_single_refY,GP_IIa_4.5mm_closed_R10_single_refY_004,0,False,,,,,5
G3_occlusion_aware_amodal,GP_IIa_4.5mm_closed_R10_single_refY,GP_IIa_4.5mm_closed_R10_single_refY_005,0,False,,,,,5
G3_occlusion_aware_amodal,GP_IIa_5.2mm_closed_R10_single_refY,GP_IIa_5.2mm_closed_R10_single_refY_001,0,False,,,,,5
G3_occlusion_aware_amodal,GP_IIa_5.2mm_closed_R10_single_refY,GP_IIa_5.2mm_closed_R10_single_refY_004,0,False,,,,,5
G3_occlusion_aware_amodal,GP_IIa_9.5mm_closed_R5_single_refY,GP_IIa_9.5mm_closed_R5_single_refY_004,5,True,9.312161159530564,0.24608401734805874,0.7982362637351361,0.08571976473132431,0
G3_occlusion_aware_amodal,GP_IIa_9.5mm_closed_R5_single_refY,GP_IIa_9.5mm_closed_R5_single_refY_005,5,True,7.567806399958471,0.2303022985399794,0.5895332669393722,0.07790015174576974,0
G3_occlusion_aware_amodal,GP_Ip_10.3mm_closed_R5_single_refY,GP_Ip_10.3mm_closed_R5_single_refY_005,5,True,10.173558689432678,0.5603796334919711,2.9667612172132145,0.2916148918760161,0
G3_occlusion_aware_amodal,GP_Ip_12.0mm_closed_R10_single_refY,GP_Ip_12.0mm_closed_R10_single_refY_004,4,True,11.62528471108832,0.03266053206422992,0.27216163193276266,0.023411179914860237,0
G3_occlusion_aware_amodal,GP_Ip_12.0mm_closed_R10_single_refY,GP_Ip_12.0mm_closed_R10_single_refY_005,5,True,12.004148253784576,0.31265068519048533,1.8350264559334857,0.1528660274047309,0
G3_occlusion_aware_amodal,GP_Ip_12.0mm_closed_R5_single_refY,GP_Ip_12.0mm_closed_R5_single_refY_004,5,True,12.118287766143377,0.10905588554284051,0.3724735023436434,0.030736479404646324,0
G3_occlusion_aware_amodal,GP_Ip_12.0mm_closed_R5_single_refY,GP_Ip_12.0mm_closed_R5_single_refY_005,5,True,10.472465895459653,0.05060895186750436,0.232598126233313,0.022210444851785683,0
G3_occlusion_aware_amodal,GP_Ip_2.9mm_closed_R10_single_refY,GP_Ip_2.9mm_closed_R10_single_refY_004,0,False,,,,,5
G3_occlusion_aware_amodal,GP_Ip_2.9mm_closed_R10_single_refY,GP_Ip_2.9mm_closed_R10_single_refY_005,0,False,,,,,5
G3_occlusion_aware_amodal,GP_Ip_2.9mm_closed_R5_single_refY,GP_Ip_2.9mm_closed_R5_single_refY_004,4,True,3.6797680522179155,0.15831842113645278,0.5792910441222379,0.15742596704514578,0
G3_occlusion_aware_amodal,GP_Ip_2.9mm_closed_R5_single_refY,GP_Ip_2.9mm_closed_R5_single_refY_005,3,False,,0.05936735101707624,0.1930339462899191,0.05497739820237607,0
G3_occlusion_aware_amodal,GP_Ip_20.0mm_closed_R10_single_refY,GP_Ip_20.0mm_closed_R10_single_refY_004,5,True,19.23052199714054,0.07049793759916412,0.47538377328723413,0.024720274018454662,0
G3_occlusion_aware_amodal,GP_Ip_20.0mm_closed_R10_single_refY,GP_Ip_20.0mm_closed_R10_single_refY_005,5,True,17.53255239693976,0.3310189053369079,0.9161127822092574,0.052252105766936785,0
G3_occlusion_aware_amodal,GP_Ip_4.0mm_closed_R10_single_refY,GP_Ip_4.0mm_closed_R10_single_refY_004,0,False,,,,,5
G3_occlusion_aware_amodal,GP_Ip_4.0mm_closed_R10_single_refY,GP_Ip_4.0mm_closed_R10_single_refY_005,0,False,,,,,5
G3_occlusion_aware_amodal,GP_Ip_4.0mm_closed_R5_single_refY,GP_Ip_4.0mm_closed_R5_single_refY_005,1,False,,0.0,0.0,0.0,0
G3_occlusion_aware_amodal,GP_Ip_4.0mm_closed_R5_single_refY,GP_Ip_4.0mm_closed_R5_single_refY_006,2,False,,0.016623817259281193,0.033247634518562386,0.006867483315712334,0
G3_occlusion_aware_amodal,GP_Ip_4.0mm_closed_R5_single_refY,GP_Ip_4.0mm_closed_R5_single_refY_007,4,True,4.803742469472379,0.034495836842272976,0.28204505558167803,0.05871360868615769,0
G3_occlusion_aware_amodal,GP_Ip_4.7mm_closed_R5_single_refY,GP_Ip_4.7mm_closed_R5_single_refY_004,3,False,,0.4464367058267342,5.491779242614665,0.1809092299741385,1
G3_occlusion_aware_amodal,GP_Ip_4.7mm_closed_R5_single_refY,GP_Ip_4.7mm_closed_R5_single_refY_005,0,False,,,,,2
G3_occlusion_aware_amodal,GP_Ip_5.6mm_closed_R10_single_refY,GP_Ip_5.6mm_closed_R10_single_refY_005,5,True,6.051050757684977,0.043404798702390224,0.4905418159384416,0.0810672122218512,0
G3_occlusion_aware_amodal,GP_Ip_6.2mm_closed_R10_single_refY,GP_Ip_6.2mm_closed_R10_single_refY_005,1,False,,0.0,0.0,0.0,0
G3_occlusion_aware_amodal,GP_Ip_6.2mm_closed_R5_single_refY,GP_Ip_6.2mm_closed_R5_single_refY_004,5,True,6.498003529691256,0.2888490885291226,0.6677968267617205,0.10276953893766967,0
G3_occlusion_aware_amodal,GP_Ip_6.2mm_closed_R5_single_refY,GP_Ip_6.2mm_closed_R5_single_refY_005,5,True,6.733070598832669,0.1720131664535014,0.5814308413168998,0.08635448459692432,0
G3_occlusion_aware_amodal,GP_Ip_8.8mm_closed_R5_single_refY,GP_Ip_8.8mm_closed_R5_single_refY_004,3,False,,0.10484905610626427,0.27476227390956076,0.029183362157382733,0
G3_occlusion_aware_amodal,GP_Ip_8.8mm_closed_R5_single_refY,GP_Ip_8.8mm_closed_R5_single_refY_005,5,True,8.712177966858627,0.3479250204929727,1.2689925635144963,0.14565732797720388,0
G3_occlusion_aware_amodal,GP_Ip_9.7mm_closed_R5_single_refY,GP_Ip_9.7mm_closed_R5_single_refY_004,4,True,12.818770028898285,0.7775337026672853,2.026369104660855,0.15807827896847074,0
G3_occlusion_aware_amodal,GP_Ip_9.7mm_closed_R5_single_refY,GP_Ip_9.7mm_closed_R5_single_refY_005,5,True,9.691017298183755,0.060131574297834334,0.8777924245911315,0.09057794425314288,0
G3_occlusion_aware_amodal,GP_Is_10.5mm_closed_R5_single_refY,GP_Is_10.5mm_closed_R5_single_refY_004,5,True,11.373434759670285,0.13037096528969094,0.3571507401175289,0.03140218831552718,0
G3_occlusion_aware_amodal,GP_Is_10.5mm_closed_R5_single_refY,GP_Is_10.5mm_closed_R5_single_refY_005,5,True,10.797661625083208,0.1817392037162282,1.090517776749003,0.10099573542994772,0
G3_occlusion_aware_amodal,GP_Is_14.0mm_closed_R10_single_refY,GP_Is_14.0mm_closed_R10_single_refY_004,5,True,11.653511655466371,0.08706866584853046,0.34214930977826263,0.02936018943420964,0
G3_occlusion_aware_amodal,GP_Is_14.0mm_closed_R10_single_refY,GP_Is_14.0mm_closed_R10_single_refY_005,5,True,12.443017967289624,0.46906180601031267,1.7245414719219667,0.13859511225134166,0
G3_occlusion_aware_amodal,GP_Is_14.0mm_closed_R5_single_refY,GP_Is_14.0mm_closed_R5_single_refY_004,5,True,13.623468178645389,0.08682190001305123,0.5952201467771125,0.043690794368361534,0
G3_occlusion_aware_amodal,GP_Is_14.0mm_closed_R5_single_refY,GP_Is_14.0mm_closed_R5_single_refY_005,4,True,13.920235591512094,0.765258921645942,3.179278001090811,0.22839254265419082,1
G3_occlusion_aware_amodal,GP_Is_18.0mm_closed_R10_single_refY,GP_Is_18.0mm_closed_R10_single_refY_004,5,True,16.952410421644604,0.07195742220494594,0.19024204113169318,0.01122212336770674,0
G3_occlusion_aware_amodal,GP_Is_18.0mm_closed_R10_single_refY,GP_Is_18.0mm_closed_R10_single_refY_005,5,True,15.89936316496875,0.4695499621784158,1.3262786730337215,0.08341709408562517,0
G3_occlusion_aware_amodal,GP_Is_18.0mm_closed_R5_single_refY,GP_Is_18.0mm_closed_R5_single_refY_004,5,True,18.43682677835669,0.45430676798551417,1.1443886934724574,0.06207080574276888,0
G3_occlusion_aware_amodal,GP_Is_18.0mm_closed_R5_single_refY,GP_Is_18.0mm_closed_R5_single_refY_005,0,False,,,,,5
G3_occlusion_aware_amodal,GP_Is_4.8mm_closed_R10_single_refY,GP_Is_4.8mm_closed_R10_single_refY_004,0,False,,,,,5
G3_occlusion_aware_amodal,GP_Is_4.8mm_closed_R10_single_refY,GP_Is_4.8mm_closed_R10_single_refY_005,1,False,,0.0,0.0,0.0,4
G3_occlusion_aware_amodal,GP_Is_6.5mm_closed_R10_single_refY,GP_Is_6.5mm_closed_R10_single_refY_004,5,True,5.477010391250971,0.18065776690671154,0.5516325407557412,0.10071781891028074,0
G3_occlusion_aware_amodal,GP_Is_6.5mm_closed_R10_single_refY,GP_Is_6.5mm_closed_R10_single_refY_005,5,True,5.965916630955167,0.1936392901529267,0.7158413508485229,0.11998849382746299,0
G3_occlusion_aware_amodal,GP_Is_7.0mm_closed_R5_single_refY,GP_Is_7.0mm_closed_R5_single_refY_004,5,True,8.562943033162355,0.5133868492563689,1.2339605907807378,0.14410472964749219,0
G3_occlusion_aware_amodal,GP_Is_7.0mm_closed_R5_single_refY,GP_Is_7.0mm_closed_R5_single_refY_005,5,True,7.241995837138423,0.16491896062252742,0.5020583540523251,0.06932596556845119,0
G3_occlusion_aware_amodal,GP_Is_7mm_closed_R10_single_refY,GP_Is_7mm_closed_R10_single_refY_004,4,True,7.467297650092568,0.0857252182471222,0.45653781543195393,0.061138290828181265,1
G3_occlusion_aware_amodal,GP_Is_7mm_closed_R10_single_refY,GP_Is_7mm_closed_R10_single_refY_005,3,False,,0.011076866737246505,0.04725458709050301,0.0066644991084380024,2
G3_occlusion_aware_amodal,GP_Is_8.8mm_closed_R10_single_refY,GP_Is_8.8mm_closed_R10_single_refY_005,1,False,,0.0,0.0,0.0,0
G3_occlusion_aware_amodal,GP_Is_8.8mm_closed_R5_single_refY,GP_Is_8.8mm_closed_R5_single_refY_004,5,True,9.753245781025406,0.24780795712328896,0.6887371592687597,0.0706162004661744,0
G3_occlusion_aware_amodal,GP_Is_8.8mm_closed_R5_single_refY,GP_Is_8.8mm_closed_R5_single_refY_005,5,True,8.199280014569032,0.008089206953522776,0.6235521266573159,0.07604961966774479,0
