group,S5_prediction_mm,reference_mm,S5_abs_error_pct,DG3_prediction_mm,DG3_abs_error_pct,delta_abs_error_pct
GP_Is_14.0mm_closed_R10_single_refY,13.968603611208524,13.99999531,0.2242264950549867,12.048264811377996,13.940936803228142,13.716710308173155
GP_IIa_14.0mm_closed_R10_single_refY,13.931856381828007,14.0000009,0.4867465270805277,12.252370965639487,12.483070157234865,11.996323630154338
GP_Ip_4.0mm_closed_R5_single_refY,3.528815681065708,3.999999725,11.779601908204926,4.803742469472379,20.09356999324241,8.313968085037486
GP_Ip_2.9mm_closed_R5_single_refY,3.321149719077409,2.9,14.52240410611755,3.4331818361442985,18.38558055669995,3.863176450582399
GP_Ip_6.2mm_closed_R5_single_refY,6.054350908923304,6.199999013999999,2.349163358700743,6.498003529691256,4.806525211025728,2.457361852324985
GP_Ip_5.6mm_closed_R10_single_refY,5.914354614575742,5.716958782000001,3.452811890077765,6.051050757684977,5.843875886194491,2.391063996116726
GP_Ip_2.9mm_closed_R10_single_refY,3.032726786689134,2.9,4.576785747901178,3.0843567311640814,6.357128660830395,1.7803429129292168
GP_Is_7.0mm_closed_R5_single_refY,7.182435188168123,6.9999976550000005,2.606251346924519,7.253029171311914,3.614737158249994,1.0084858113254747
GP_Ip_4.0mm_closed_R10_single_refY,4.034563423566281,3.999999725,0.8640925235633902,4.064036232968337,1.6009128092711788,0.7368202857077887
GP_Ip_8.8mm_closed_R5_single_refY,8.8764957630106,8.799999952,0.8692705844073899,8.712177966858627,0.9979771093227484,0.1287065249153585
GP_Ip_20.0mm_closed_R10_single_refY,17.554744058531753,19.999996755,12.226265466052812,17.53255239693976,12.337223792015768,0.1109583259629563
