rank,group,prediction_mm,reference_mm,method,error_mm,relative_error_pct,abs_error_pct,paris_type,ring_code,measurement_branch,short_label
1,GP_Ip_4.7mm_closed_R5_single_refY,3.842854769530907,5.035549868,S5-CPAG-39,-1.1926950984690934,-23.685498698929642,23.685498698929642,Ip,R5,base_S5_CPAG,Ip 4.7 R5
2,GP_Is_8.8mm_closed_R10_single_refY,10.679360720710497,8.799997158,S5-CPAG-39,1.8793635627104965,21.3564110188602,21.3564110188602,Is,R10,base_S5_CPAG,Is 8.8 R10
3,GP_Ip_12.0mm_closed_R10_single_refY,9.716308096156276,11.999998242,S5-CPAG-39,-2.2836901458437247,-19.030754003369832,19.030754003369832,Ip,R10,base_S5_CPAG,Ip 12.0 R10
4,GP_Is_6.5mm_closed_R10_single_refY,5.474683839884662,6.5,S5-CPAG-39,-1.025316160115338,-15.774094771005199,15.774094771005199,Is,R10,base_S5_CPAG,Is 6.5 R10
5,GP_Ip_2.9mm_closed_R5_single_refY,3.321149719077409,2.9,S5-CPAG-39,0.42114971907740895,14.52240410611755,14.52240410611755,Ip,R5,base_S5_CPAG,Ip 2.9 R5
6,GP_Ip_12.0mm_closed_R5_single_refY,10.33298096128297,11.999998242,S5-CPAG-39,-1.6670172807170296,-13.891812707792475,13.891812707792475,Ip,R5,base_S5_CPAG,Ip 12.0 R5
7,GP_Ip_7.1mm_closed_R10_single_refY,8.00731521351408,7.099998649,S5-CPAG-39,0.9073165645140797,12.779108974082282,12.779108974082282,Ip,R10,base_S5_CPAG,Ip 7.1 R10
8,GP_Ip_20.0mm_closed_R10_single_refY,17.554744058531753,19.999996755,S5-CPAG-39,-2.4452526964682484,-12.226265466052812,12.226265466052812,Ip,R10,base_S5_CPAG,Ip 20.0 R10
9,GP_Ip_4.0mm_closed_R5_single_refY,3.528815681065708,3.999999725,S5-CPAG-39,-0.4711840439342918,-11.779601908204926,11.779601908204926,Ip,R5,base_S5_CPAG,Ip 4.0 R5
10,GP_IIa_14.0mm_closed_R5_single_refY,15.313669621410678,14.0000009,S5-CPAG-39,1.3136687214106786,9.383347406861086,9.383347406861086,IIa,R5,base_S5_CPAG,IIa 14.0 R5
11,GP_Is_18.0mm_closed_R10_single_refY,16.430803594071758,18.000001088,S5-CPAG-39,-1.5691974939282431,-8.717763328216545,8.717763328216545,Is,R10,base_S5_CPAG,Is 18.0 R10
12,GP_IIa_9.5mm_closed_R10_single_refY,10.1114858854063,9.50000156,S5-CPAG-39,0.6114843254063,6.436676052570038,6.436676052570038,IIa,R10,base_S5_CPAG,IIa 9.5 R10
13,GP_Is_10.5mm_closed_R5_single_refY,11.16805397773378,10.499999858,S5-CPAG-39,0.6680541197337799,6.362420273984921,6.362420273984921,Is,R5,base_S5_CPAG,Is 10.5 R5
14,GP_IIa_4.5mm_closed_R10_single_refY,4.782676299511415,4.5000005,S5-CPAG-39,0.2826757995114155,6.281683735622153,6.281683735622153,IIa,R10,base_S5_CPAG,IIa 4.5 R10
15,GP_Is_10.5mm_closed_R10_single_refY,9.898249286757215,10.499999858,S5-CPAG-39,-0.6017505712427855,-5.7309578988642444,5.7309578988642444,Is,R10,base_S5_CPAG,Is 10.5 R10
16,GP_IIa_22.0mm_closed_R5_single_refY,20.74659256168834,22.0000017,S5-CPAG-39,-1.2534091383116568,-5.697313824806009,5.697313824806009,IIa,R5,base_S5_CPAG,IIa 22.0 R5
17,GP_IIa_22.0mm_closed_R10_single_refY,20.774275622946643,22.0000017,S5-CPAG-39,-1.2257260770533556,-5.571481737900755,5.571481737900755,IIa,R10,base_S5_CPAG,IIa 22.0 R10
18,GP_Ip_6.2mm_closed_R10_single_refY,6.519501859801958,6.199999013999999,S5-CPAG-39,0.3195028458019582,5.153272526019763,5.153272526019763,Ip,R10,base_S5_CPAG,Ip 6.2 R10
19,GP_Is_4.8mm_closed_R5_single_refY,5.039073973607167,4.799998598,S5-CPAG-39,0.2390753756071664,4.980738446606654,4.980738446606654,Is,R5,base_S5_CPAG,Is 4.8 R5
20,GP_Ip_2.9mm_closed_R10_single_refY,3.032726786689134,2.9,S5-CPAG-39,0.13272678668913418,4.576785747901178,4.576785747901178,Ip,R10,base_S5_CPAG,Ip 2.9 R10
21,GP_Ip_6.4mm_closed_R10_single_refY,6.736602709526147,6.4490039370000005,S5-CPAG-39,0.2875987725261462,4.459584384436486,4.459584384436486,Ip,R10,base_S5_CPAG,Ip 6.4 R10
22,GP_Is_14.0mm_closed_R5_single_refY,13.417940614632062,13.99999531,S5-CPAG-39,-0.5820546953679369,-4.157534931116608,4.157534931116608,Is,R5,base_S5_CPAG,Is 14.0 R5
23,GP_Ip_9.7mm_closed_R5_single_refY,9.307000653139555,9.699995629,S5-CPAG-39,-0.39299497586044474,-4.051496422178901,4.051496422178901,Ip,R5,base_S5_CPAG,Ip 9.7 R5
24,GP_Is_4.8mm_closed_R10_single_refY,4.986647118120491,4.799998598,S5-CPAG-39,0.1866485201204906,3.8885119716130925,3.8885119716130925,Is,R10,base_S5_CPAG,Is 4.8 R10
25,GP_IIa_9.5mm_closed_R5_single_refY,9.834407852630424,9.50000156,S5-CPAG-39,0.3344062926304243,3.520065660183158,3.520065660183158,IIa,R5,base_S5_CPAG,IIa 9.5 R5
26,GP_Ip_5.6mm_closed_R10_single_refY,5.914354614575742,5.716958782000001,S5-CPAG-39,0.197395832575741,3.452811890077765,3.452811890077765,Ip,R10,base_S5_CPAG,Ip 5.6 R10
27,GP_Is_7.0mm_closed_R5_single_refY,7.182435188168123,6.9999976550000005,S5-CPAG-39,0.18243753316812228,2.606251346924519,2.606251346924519,Is,R5,base_S5_CPAG,Is 7.0 R5
28,GP_Ip_6.2mm_closed_R5_single_refY,6.054350908923304,6.199999013999999,S5-CPAG-39,-0.14564810507669534,-2.349163358700743,2.349163358700743,Ip,R5,base_S5_CPAG,Ip 6.2 R5
29,GP_Ip_10.3mm_closed_R5_single_refY,10.5371269682196,10.29999461,S5-CPAG-39,0.23713235821959877,2.302257109818029,2.302257109818029,Ip,R5,base_S5_CPAG,Ip 10.3 R5
30,GP_Is_7mm_closed_R10_single_refY,7.117941395436152,6.9999976550000005,S5-CPAG-39,0.11794374043615186,1.6849111421045446,1.6849111421045446,Is,R10,base_S5_CPAG,Is 7 R10
31,GP_Is_9.79mm_closed_R10_single_refY,9.96131414831605,9.799996856,S5-CPAG-39,0.16131729231605085,1.6460953476458018,1.6460953476458018,Is,R10,base_S5_CPAG,Is 9.79 R10
32,GP_Is_18.0mm_closed_R5_single_refY,17.75227685244178,18.000001088,S5-CPAG-39,-0.24772423555821987,-1.3762456699148164,1.3762456699148164,Is,R5,base_S5_CPAG,Is 18.0 R5
33,GP_Ip_8.8mm_closed_R5_single_refY,8.8764957630106,8.799999952,S5-CPAG-39,0.07649581101060043,0.8692705844073899,0.8692705844073899,Ip,R5,base_S5_CPAG,Ip 8.8 R5
34,GP_IIa_5.2mm_closed_R10_single_refY,5.245063062400733,5.20000071,S5-CPAG-39,0.04506235240073231,0.8665835816920938,0.8665835816920938,IIa,R10,base_S5_CPAG,IIa 5.2 R10
35,GP_Ip_4.0mm_closed_R10_single_refY,4.034563423566281,3.999999725,S5-CPAG-39,0.034563698566281165,0.8640925235633902,0.8640925235633902,Ip,R10,base_S5_CPAG,Ip 4.0 R10
36,GP_Ip_8.8mm_closed_R10_single_refY,8.851170981427963,8.799999952,S5-CPAG-39,0.05117102942796237,0.5814889739440576,0.5814889739440576,Ip,R10,Ip8_raw_video_centerline_inner_adapter,Ip 8.8 R10
37,GP_IIa_14.0mm_closed_R10_single_refY,13.931856381828007,14.0000009,S5-CPAG-39,-0.06814451817199263,-0.48674652708052774,0.48674652708052774,IIa,R10,base_S5_CPAG,IIa 14.0 R10
38,GP_Is_8.8mm_closed_R5_single_refY,8.76920106403698,8.799997158,S5-CPAG-39,-0.03079609396301919,-0.34995572623591964,0.34995572623591964,Is,R5,base_S5_CPAG,Is 8.8 R5
39,GP_Is_14.0mm_closed_R10_single_refY,13.968603611208524,13.99999531,S5-CPAG-39,-0.03139169879147552,-0.2242264950549867,0.2242264950549867,Is,R10,base_S5_CPAG,Is 14.0 R10
