path,sha256
legacy_project/experiments/dxy_scale_video_audit_20260919/scripts/run_audit.py,310f017067642d887518cb682d8144ca5d47048d94f9c3b10ab63acdfdbdfbea
legacy_project/experiments/dxy_v2_adaptive_rescue_20260919/frames/per_view_with_sync4.csv,b0b2f210a830a7e482396b827b67404904490495d95a97ad98809b3a569776ed
legacy_project/experiments/dxy_v2_adaptive_rescue_20260919/tables/SYNC4_per_group.csv,0cf94ee422cd46d73a10beed8fb1a2f82fbd87473c04dd5fc3a1fa7a4ab19359
legacy_project/experiments/dxy_v2_adaptive_rescue_20260919/tables/SYNC4_comparison.csv,5f020ef846101037eeeda9810530dba14d3e9fb2344a6ccd57c768a554ed3038
legacy_project/experiments/dxy_v2_scale_stats_validity_20260919/inputs/frozen_v2_manifest.csv,e682ed9724efaf85191193df7a2f56a290e8ec5ce42920a6b303ac0a6576f804
legacy_project/experiments/dxy_remeasurement_20260917/01_inputs/expanded_manifest.csv,ec273df06514ee1549ddbbf32f647853434a47507e36528d17df87060aa6cfc8
legacy_project/experiments/dxy_remeasurement_20260917/01_inputs/blender_gt_mapping.csv,f007c559888dc3befaa7797c22f185dba7651a23cf3242c90392fe5b0d39165e
legacy_project/experiments/dxy_remeasurement_20260917/02_segmentation/model/model.safetensors,981aa596e8906edc4457219581c606d4a5a22bfc6f7e4924d3d9a4b9aff64464
legacy_project/experiments/dxy_remeasurement_20260917/02_segmentation/model/config.json,724543d1f1a667d0b43f30f4c5d9749673066dfbac4afdcf38cbcca5f4c2b7eb
legacy_project/src/polypseg/ring_fitting.py,2cd292d0757f0f544309fc685eadc25cedafff803adeddc7609a5bc77fda3808
legacy_project/src/polypseg/single_view_measurement.py,38a4e7a3df8ab0ad9f4faf22277380f2cc34aeddbda317f0a29ef8750240a397
legacy_project/experiments/dxy_head_fitting_v2_20260918/scripts/v2.py,c650ff212b8a881c18f09c29ba8ef709f8f7fd791908869c4b9d9092bf54b540
legacy_project/experiments/dxy_v2_adaptive_rescue_20260919/scripts/run.py,db1fa12b08753909b117ff874763230e33a07a92d8f23fd0fce34e2512ddff5e
