group,capture,original_supported_bins,raw_median_C,raw_median_P,capture_trigger
GP_IIa_14.0mm_closed_R10_single_refY,GP_IIa_14.0mm_closed_R10_single_refY_004,5.0,0.7215785430802714,0.661648370796306,False
GP_IIa_14.0mm_closed_R10_single_refY,GP_IIa_14.0mm_closed_R10_single_refY_005,5.0,0.8002965983872463,0.4191072583155727,False
GP_IIa_14.0mm_closed_R5_single_refY,GP_IIa_14.0mm_closed_R5_single_refY_004,5.0,0.7032277463297295,0.7094176911376862,False
GP_IIa_14.0mm_closed_R5_single_refY,GP_IIa_14.0mm_closed_R5_single_refY_005,5.0,0.8660016000783712,0.808649230095018,False
GP_IIa_22.0mm_closed_R10_single_refY,GP_IIa_22.0mm_closed_R10_single_refY_005,5.0,0.6226137270964464,0.6486206996999622,False
GP_IIa_22.0mm_closed_R10_single_refY,GP_IIa_22.0mm_closed_R10_single_refY_006,5.0,0.8116765648026403,0.8048605232592476,False
GP_IIa_22.0mm_closed_R5_single_refY,GP_IIa_22.0mm_closed_R5_single_refY_004,5.0,0.677314676064198,0.677356347462395,False
GP_IIa_22.0mm_closed_R5_single_refY,GP_IIa_22.0mm_closed_R5_single_refY_005,5.0,0.8484246792692325,0.8439807683331,False
GP_IIa_4.5mm_closed_R10_single_refY,GP_IIa_4.5mm_closed_R10_single_refY_004,5.0,0.7890295358649789,0.7830820770519263,False
GP_IIa_4.5mm_closed_R10_single_refY,GP_IIa_4.5mm_closed_R10_single_refY_005,5.0,0.8214511041009463,0.8207928197456993,False
GP_IIa_5.2mm_closed_R10_single_refY,GP_IIa_5.2mm_closed_R10_single_refY_001,5.0,0.9695588348914472,0.9748148148148148,False
GP_IIa_5.2mm_closed_R10_single_refY,GP_IIa_5.2mm_closed_R10_single_refY_004,5.0,0.8097316168448614,0.806914546640574,False
GP_IIa_9.5mm_closed_R10_single_refY,GP_IIa_9.5mm_closed_R10_single_refY_004,0.0,,,False
GP_IIa_9.5mm_closed_R10_single_refY,GP_IIa_9.5mm_closed_R10_single_refY_005,0.0,,,False
GP_IIa_9.5mm_closed_R5_single_refY,GP_IIa_9.5mm_closed_R5_single_refY_004,5.0,0.7744368218751521,0.6879927911691822,False
GP_IIa_9.5mm_closed_R5_single_refY,GP_IIa_9.5mm_closed_R5_single_refY_005,5.0,0.872798985772644,0.5425574389314363,False
GP_Ip_10.3mm_closed_R5_single_refY,GP_Ip_10.3mm_closed_R5_single_refY_004,5.0,0.937924991237294,0.9895422963971062,False
GP_Ip_10.3mm_closed_R5_single_refY,GP_Ip_10.3mm_closed_R5_single_refY_005,5.0,0.979385473404394,0.9882029157988694,False
GP_Ip_12.0mm_closed_R10_single_refY,GP_Ip_12.0mm_closed_R10_single_refY_004,4.0,0.9166911246438284,0.990033030635447,False
GP_Ip_12.0mm_closed_R10_single_refY,GP_Ip_12.0mm_closed_R10_single_refY_005,5.0,0.079369756638702,0.8631166285527605,True
GP_Ip_12.0mm_closed_R5_single_refY,GP_Ip_12.0mm_closed_R5_single_refY_004,5.0,0.9280723836625988,0.9897281089185136,False
GP_Ip_12.0mm_closed_R5_single_refY,GP_Ip_12.0mm_closed_R5_single_refY_005,5.0,0.9746554337481054,0.9922280345895164,False
GP_Ip_2.9mm_closed_R10_single_refY,GP_Ip_2.9mm_closed_R10_single_refY_004,5.0,0.9649457493740312,0.9728332732299556,False
GP_Ip_2.9mm_closed_R10_single_refY,GP_Ip_2.9mm_closed_R10_single_refY_005,5.0,0.9874272846687934,0.971997052321297,False
GP_Ip_2.9mm_closed_R5_single_refY,GP_Ip_2.9mm_closed_R5_single_refY_004,2.0,0.26862347448260154,0.8531440352756874,False
GP_Ip_2.9mm_closed_R5_single_refY,GP_Ip_2.9mm_closed_R5_single_refY_005,3.0,0.9180521164956964,0.9873856390352092,False
GP_Ip_20.0mm_closed_R10_single_refY,GP_Ip_20.0mm_closed_R10_single_refY_004,5.0,0.8927623579169971,0.9757390163114804,False
GP_Ip_20.0mm_closed_R10_single_refY,GP_Ip_20.0mm_closed_R10_single_refY_005,5.0,0.9428139564176848,0.9831136738056012,False
GP_Ip_4.0mm_closed_R10_single_refY,GP_Ip_4.0mm_closed_R10_single_refY_004,5.0,0.9620885988057214,0.9697608538111864,False
GP_Ip_4.0mm_closed_R10_single_refY,GP_Ip_4.0mm_closed_R10_single_refY_005,5.0,0.9619832881412208,0.9656204435576702,False
GP_Ip_4.0mm_closed_R5_single_refY,GP_Ip_4.0mm_closed_R5_single_refY_005,1.0,0.4563251762754044,0.991260473916569,False
GP_Ip_4.0mm_closed_R5_single_refY,GP_Ip_4.0mm_closed_R5_single_refY_006,1.0,0.4237790846330861,0.9961533838201708,False
GP_Ip_4.0mm_closed_R5_single_refY,GP_Ip_4.0mm_closed_R5_single_refY_007,4.0,0.7774447165732954,0.9906653232758659,False
GP_Ip_4.7mm_closed_R5_single_refY,GP_Ip_4.7mm_closed_R5_single_refY_004,5.0,0.8531259705200793,0.8672690763052209,False
GP_Ip_4.7mm_closed_R5_single_refY,GP_Ip_4.7mm_closed_R5_single_refY_005,2.0,0.8187748811951615,0.5171642972304359,False
GP_Ip_5.6mm_closed_R10_single_refY,GP_Ip_5.6mm_closed_R10_single_refY_004,0.0,,,False
GP_Ip_5.6mm_closed_R10_single_refY,GP_Ip_5.6mm_closed_R10_single_refY_005,5.0,0.9557072683373574,0.9705882352941176,False
GP_Ip_6.2mm_closed_R10_single_refY,GP_Ip_6.2mm_closed_R10_single_refY_004,0.0,,,False
GP_Ip_6.2mm_closed_R10_single_refY,GP_Ip_6.2mm_closed_R10_single_refY_005,1.0,0.9276851066503314,0.9899073640197528,False
GP_Ip_6.2mm_closed_R5_single_refY,GP_Ip_6.2mm_closed_R5_single_refY_004,5.0,0.8891067751740367,0.993006993006993,False
GP_Ip_6.2mm_closed_R5_single_refY,GP_Ip_6.2mm_closed_R5_single_refY_005,5.0,0.8997541138641952,0.9955167002914144,False
GP_Ip_6.4mm_closed_R10_single_refY,GP_Ip_6.4mm_closed_R10_single_refY_005,0.0,,,False
GP_Ip_6.4mm_closed_R10_single_refY,GP_Ip_6.4mm_closed_R10_single_refY_006,0.0,,,False
GP_Ip_7.1mm_closed_R10_single_refY,GP_Ip_7.1mm_closed_R10_single_refY_004,0.0,,,False
GP_Ip_7.1mm_closed_R10_single_refY,GP_Ip_7.1mm_closed_R10_single_refY_005,0.0,,,False
GP_Ip_8.8mm_closed_R10_single_refY,GP_Ip_8.8mm_closed_R10_single_refY_004,0.0,,,False
GP_Ip_8.8mm_closed_R10_single_refY,GP_Ip_8.8mm_closed_R10_single_refY_005,0.0,,,False
GP_Ip_8.8mm_closed_R5_single_refY,GP_Ip_8.8mm_closed_R5_single_refY_004,5.0,0.979276707648738,0.9863538424706728,False
GP_Ip_8.8mm_closed_R5_single_refY,GP_Ip_8.8mm_closed_R5_single_refY_005,5.0,0.9610149219728898,0.9863514578408196,False
GP_Ip_9.7mm_closed_R5_single_refY,GP_Ip_9.7mm_closed_R5_single_refY_004,5.0,0.8711091259317161,0.99072864977801,False
GP_Ip_9.7mm_closed_R5_single_refY,GP_Ip_9.7mm_closed_R5_single_refY_005,5.0,0.8874986266922203,0.9945479327578374,False
GP_Is_10.5mm_closed_R10_single_refY,GP_Is_10.5mm_closed_R10_single_refY_004,0.0,,,False
GP_Is_10.5mm_closed_R10_single_refY,GP_Is_10.5mm_closed_R10_single_refY_005,0.0,,,False
GP_Is_10.5mm_closed_R5_single_refY,GP_Is_10.5mm_closed_R5_single_refY_004,5.0,0.7386085498742666,0.8136331281664783,False
GP_Is_10.5mm_closed_R5_single_refY,GP_Is_10.5mm_closed_R5_single_refY_005,5.0,0.818691017720144,0.8483598030376587,False
GP_Is_14.0mm_closed_R10_single_refY,GP_Is_14.0mm_closed_R10_single_refY_004,5.0,0.9884102544868067,0.7784647040501382,False
GP_Is_14.0mm_closed_R10_single_refY,GP_Is_14.0mm_closed_R10_single_refY_005,5.0,0.9911606050074796,0.6467754156081472,False
GP_Is_14.0mm_closed_R5_single_refY,GP_Is_14.0mm_closed_R5_single_refY_004,5.0,0.7732290004590063,0.8511084998041519,False
GP_Is_14.0mm_closed_R5_single_refY,GP_Is_14.0mm_closed_R5_single_refY_005,5.0,0.7856373883857893,0.8433652530779754,False
GP_Is_18.0mm_closed_R10_single_refY,GP_Is_18.0mm_closed_R10_single_refY_004,5.0,0.8509477991781795,0.8952029447269992,False
GP_Is_18.0mm_closed_R10_single_refY,GP_Is_18.0mm_closed_R10_single_refY_005,5.0,0.8657639300161609,0.9831047794414562,False
GP_Is_18.0mm_closed_R5_single_refY,GP_Is_18.0mm_closed_R5_single_refY_004,5.0,0.8702098892024573,0.8997492525798052,False
GP_Is_18.0mm_closed_R5_single_refY,GP_Is_18.0mm_closed_R5_single_refY_005,5.0,0.991687676843299,0.9726546019762408,False
GP_Is_4.8mm_closed_R10_single_refY,GP_Is_4.8mm_closed_R10_single_refY_004,5.0,0.8385164874810592,0.8393037700418894,False
GP_Is_4.8mm_closed_R10_single_refY,GP_Is_4.8mm_closed_R10_single_refY_005,5.0,0.9656958613034516,0.9716534595543264,False
GP_Is_4.8mm_closed_R5_single_refY,GP_Is_4.8mm_closed_R5_single_refY_004,0.0,,,False
GP_Is_4.8mm_closed_R5_single_refY,GP_Is_4.8mm_closed_R5_single_refY_005,0.0,,,False
GP_Is_6.5mm_closed_R10_single_refY,GP_Is_6.5mm_closed_R10_single_refY_004,5.0,0.8161340607950117,0.875524109014675,False
GP_Is_6.5mm_closed_R10_single_refY,GP_Is_6.5mm_closed_R10_single_refY_005,5.0,0.8239589574595566,0.8425426000382922,False
GP_Is_7.0mm_closed_R5_single_refY,GP_Is_7.0mm_closed_R5_single_refY_004,5.0,0.9156946420104316,0.9327983432565364,False
GP_Is_7.0mm_closed_R5_single_refY,GP_Is_7.0mm_closed_R5_single_refY_005,5.0,0.977580337125301,0.9878087758549838,False
GP_Is_7mm_closed_R10_single_refY,GP_Is_7mm_closed_R10_single_refY_004,5.0,0.8519730435121343,0.9602441929720072,False
GP_Is_7mm_closed_R10_single_refY,GP_Is_7mm_closed_R10_single_refY_005,5.0,0.8582354411397151,0.9442160321128816,False
GP_Is_8.8mm_closed_R10_single_refY,GP_Is_8.8mm_closed_R10_single_refY_004,0.0,,,False
GP_Is_8.8mm_closed_R10_single_refY,GP_Is_8.8mm_closed_R10_single_refY_005,1.0,0.8630076769706579,0.9978217857726308,False
GP_Is_8.8mm_closed_R5_single_refY,GP_Is_8.8mm_closed_R5_single_refY_004,5.0,0.8095724657165905,0.764935267508969,False
GP_Is_8.8mm_closed_R5_single_refY,GP_Is_8.8mm_closed_R5_single_refY_005,5.0,0.9909593169261678,0.8849716521600256,False
GP_Is_9.79mm_closed_R10_single_refY,GP_Is_9.79mm_closed_R10_single_refY_004,0.0,,,False
GP_Is_9.79mm_closed_R10_single_refY,GP_Is_9.79mm_closed_R10_single_refY_005,0.0,,,False
