method,group,capture,n_bins,capture_trigger,n_post_retry,n_post_missing,n_selected_valid,ring_dynamic,eligible,prediction_mm,fallback_reason
post_capture_relaxed_area_guard,GP_IIa_14.0mm_closed_R10_single_refY,GP_IIa_14.0mm_closed_R10_single_refY_004,5,False,0,0,5,0.3316994000785085,True,13.931856381828009,
post_capture_relaxed_area_guard,GP_IIa_14.0mm_closed_R10_single_refY,GP_IIa_14.0mm_closed_R10_single_refY_005,5,False,0,0,5,0.1643032530141828,True,16.516917508137183,
post_capture_relaxed_area_guard,GP_IIa_14.0mm_closed_R5_single_refY,GP_IIa_14.0mm_closed_R5_single_refY_004,5,False,0,0,5,0.28645208953956036,True,16.607490338687672,
post_capture_relaxed_area_guard,GP_IIa_14.0mm_closed_R5_single_refY,GP_IIa_14.0mm_closed_R5_single_refY_005,5,False,0,0,5,0.10843818816640138,True,14.975667931553192,
post_capture_relaxed_area_guard,GP_IIa_22.0mm_closed_R10_single_refY,GP_IIa_22.0mm_closed_R10_single_refY_005,5,False,0,0,5,0.18543792176211427,True,22.546779885334654,
post_capture_relaxed_area_guard,GP_IIa_22.0mm_closed_R10_single_refY,GP_IIa_22.0mm_closed_R10_single_refY_006,5,False,0,0,5,0.10415017282355632,True,20.774275622946643,
post_capture_relaxed_area_guard,GP_IIa_22.0mm_closed_R5_single_refY,GP_IIa_22.0mm_closed_R5_single_refY_004,5,False,0,0,5,0.17394067750770925,True,22.187366182343943,
post_capture_relaxed_area_guard,GP_IIa_22.0mm_closed_R5_single_refY,GP_IIa_22.0mm_closed_R5_single_refY_005,5,False,0,0,5,0.062015866441970324,True,20.464732265897858,
post_capture_relaxed_area_guard,GP_IIa_4.5mm_closed_R10_single_refY,GP_IIa_4.5mm_closed_R10_single_refY_004,5,False,0,0,5,0.07420150639238954,True,4.782676299511415,
post_capture_relaxed_area_guard,GP_IIa_4.5mm_closed_R10_single_refY,GP_IIa_4.5mm_closed_R10_single_refY_005,5,False,0,0,5,0.10261459136819817,True,4.74913894089637,
post_capture_relaxed_area_guard,GP_IIa_5.2mm_closed_R10_single_refY,GP_IIa_5.2mm_closed_R10_single_refY_001,5,False,0,0,5,0.16363565722710227,True,5.007824488075674,
post_capture_relaxed_area_guard,GP_IIa_5.2mm_closed_R10_single_refY,GP_IIa_5.2mm_closed_R10_single_refY_004,5,False,0,0,5,0.2782776607016686,True,5.245063062400733,
post_capture_relaxed_area_guard,GP_IIa_9.5mm_closed_R10_single_refY,GP_IIa_9.5mm_closed_R10_single_refY_004,5,False,0,0,0,,False,,fewer_than_4_valid_bins
post_capture_relaxed_area_guard,GP_IIa_9.5mm_closed_R10_single_refY,GP_IIa_9.5mm_closed_R10_single_refY_005,5,False,0,0,0,,False,,fewer_than_4_valid_bins
post_capture_relaxed_area_guard,GP_IIa_9.5mm_closed_R5_single_refY,GP_IIa_9.5mm_closed_R5_single_refY_004,5,False,0,0,5,0.1700989240447559,True,9.834407852630424,
post_capture_relaxed_area_guard,GP_IIa_9.5mm_closed_R5_single_refY,GP_IIa_9.5mm_closed_R5_single_refY_005,5,False,0,0,5,0.45200659830498546,True,11.729666495643068,
post_capture_relaxed_area_guard,GP_Ip_10.3mm_closed_R5_single_refY,GP_Ip_10.3mm_closed_R5_single_refY_004,5,False,0,0,5,0.35888910612852465,True,13.877585929711817,
post_capture_relaxed_area_guard,GP_Ip_10.3mm_closed_R5_single_refY,GP_Ip_10.3mm_closed_R5_single_refY_005,5,False,0,0,5,0.6498385336349068,True,10.537126968219601,
post_capture_relaxed_area_guard,GP_Ip_12.0mm_closed_R10_single_refY,GP_Ip_12.0mm_closed_R10_single_refY_004,5,False,0,0,4,0.21022273278731207,True,12.019581800547503,
post_capture_relaxed_area_guard,GP_Ip_12.0mm_closed_R10_single_refY,GP_Ip_12.0mm_closed_R10_single_refY_005,5,True,3,0,5,0.1440070856037854,True,9.716308096156276,
post_capture_relaxed_area_guard,GP_Ip_12.0mm_closed_R5_single_refY,GP_Ip_12.0mm_closed_R5_single_refY_004,5,False,0,0,5,0.18000954885112153,True,11.378790863490986,
post_capture_relaxed_area_guard,GP_Ip_12.0mm_closed_R5_single_refY,GP_Ip_12.0mm_closed_R5_single_refY_005,5,False,0,0,5,0.20055443645891824,True,10.316705783421323,
post_capture_relaxed_area_guard,GP_Ip_2.9mm_closed_R10_single_refY,GP_Ip_2.9mm_closed_R10_single_refY_004,5,False,0,0,5,0.5727747875683142,True,3.1045429211688207,
post_capture_relaxed_area_guard,GP_Ip_2.9mm_closed_R10_single_refY,GP_Ip_2.9mm_closed_R10_single_refY_005,5,False,0,0,5,0.08635950587521002,True,3.027641192805252,
post_capture_relaxed_area_guard,GP_Ip_2.9mm_closed_R5_single_refY,GP_Ip_2.9mm_closed_R5_single_refY_004,5,False,0,0,2,0.012062740624907198,False,,fewer_than_4_valid_bins
post_capture_relaxed_area_guard,GP_Ip_2.9mm_closed_R5_single_refY,GP_Ip_2.9mm_closed_R5_single_refY_005,5,False,0,0,3,0.432219417344623,False,,fewer_than_4_valid_bins
post_capture_relaxed_area_guard,GP_Ip_20.0mm_closed_R10_single_refY,GP_Ip_20.0mm_closed_R10_single_refY_004,5,False,0,0,5,0.23100737800308746,True,18.57175975935646,
post_capture_relaxed_area_guard,GP_Ip_20.0mm_closed_R10_single_refY,GP_Ip_20.0mm_closed_R10_single_refY_005,5,False,0,0,5,0.15331296223387514,True,17.554744058531753,
post_capture_relaxed_area_guard,GP_Ip_4.0mm_closed_R10_single_refY,GP_Ip_4.0mm_closed_R10_single_refY_004,5,False,0,0,5,0.21299190882170382,True,4.380595148215292,
post_capture_relaxed_area_guard,GP_Ip_4.0mm_closed_R10_single_refY,GP_Ip_4.0mm_closed_R10_single_refY_005,5,False,0,0,5,0.3598383274546797,True,3.9978597028420193,
post_capture_relaxed_area_guard,GP_Ip_4.0mm_closed_R5_single_refY,GP_Ip_4.0mm_closed_R5_single_refY_005,5,False,0,0,1,,False,,fewer_than_4_valid_bins
post_capture_relaxed_area_guard,GP_Ip_4.0mm_closed_R5_single_refY,GP_Ip_4.0mm_closed_R5_single_refY_006,5,False,0,0,1,,False,,fewer_than_4_valid_bins
post_capture_relaxed_area_guard,GP_Ip_4.0mm_closed_R5_single_refY,GP_Ip_4.0mm_closed_R5_single_refY_007,5,False,0,0,4,0.27815367327445606,True,3.528815681065708,
post_capture_relaxed_area_guard,GP_Ip_4.7mm_closed_R5_single_refY,GP_Ip_4.7mm_closed_R5_single_refY_004,5,False,0,0,5,0.7580166733081171,True,33.90803556242592,
post_capture_relaxed_area_guard,GP_Ip_4.7mm_closed_R5_single_refY,GP_Ip_4.7mm_closed_R5_single_refY_005,5,False,0,0,2,0.560373979800233,False,,fewer_than_4_valid_bins
post_capture_relaxed_area_guard,GP_Ip_5.6mm_closed_R10_single_refY,GP_Ip_5.6mm_closed_R10_single_refY_004,5,False,0,0,0,,False,,fewer_than_4_valid_bins
post_capture_relaxed_area_guard,GP_Ip_5.6mm_closed_R10_single_refY,GP_Ip_5.6mm_closed_R10_single_refY_005,5,False,0,0,5,0.10552572411173511,True,5.914354614575742,
post_capture_relaxed_area_guard,GP_Ip_6.2mm_closed_R10_single_refY,GP_Ip_6.2mm_closed_R10_single_refY_004,5,False,0,0,0,,False,,fewer_than_4_valid_bins
post_capture_relaxed_area_guard,GP_Ip_6.2mm_closed_R10_single_refY,GP_Ip_6.2mm_closed_R10_single_refY_005,5,False,0,0,1,,False,,fewer_than_4_valid_bins
post_capture_relaxed_area_guard,GP_Ip_6.2mm_closed_R5_single_refY,GP_Ip_6.2mm_closed_R5_single_refY_004,5,False,0,0,5,0.08335720288395176,True,6.091793904373772,
post_capture_relaxed_area_guard,GP_Ip_6.2mm_closed_R5_single_refY,GP_Ip_6.2mm_closed_R5_single_refY_005,5,False,0,0,5,0.3138377903212206,True,6.016907913472836,
post_capture_relaxed_area_guard,GP_Ip_6.4mm_closed_R10_single_refY,GP_Ip_6.4mm_closed_R10_single_refY_005,5,False,0,0,0,,False,,fewer_than_4_valid_bins
post_capture_relaxed_area_guard,GP_Ip_6.4mm_closed_R10_single_refY,GP_Ip_6.4mm_closed_R10_single_refY_006,5,False,0,0,0,,False,,fewer_than_4_valid_bins
post_capture_relaxed_area_guard,GP_Ip_7.1mm_closed_R10_single_refY,GP_Ip_7.1mm_closed_R10_single_refY_004,5,False,0,0,0,,False,,fewer_than_4_valid_bins
post_capture_relaxed_area_guard,GP_Ip_7.1mm_closed_R10_single_refY,GP_Ip_7.1mm_closed_R10_single_refY_005,5,False,0,0,0,,False,,fewer_than_4_valid_bins
post_capture_relaxed_area_guard,GP_Ip_8.8mm_closed_R10_single_refY,GP_Ip_8.8mm_closed_R10_single_refY_004,5,False,0,0,0,,False,,fewer_than_4_valid_bins
post_capture_relaxed_area_guard,GP_Ip_8.8mm_closed_R10_single_refY,GP_Ip_8.8mm_closed_R10_single_refY_005,5,False,0,0,0,,False,,fewer_than_4_valid_bins
post_capture_relaxed_area_guard,GP_Ip_8.8mm_closed_R5_single_refY,GP_Ip_8.8mm_closed_R5_single_refY_004,5,False,0,0,5,0.7468157449267463,True,9.41246380699237,
post_capture_relaxed_area_guard,GP_Ip_8.8mm_closed_R5_single_refY,GP_Ip_8.8mm_closed_R5_single_refY_005,5,False,0,0,5,0.18807368753639442,True,8.8764957630106,
post_capture_relaxed_area_guard,GP_Ip_9.7mm_closed_R5_single_refY,GP_Ip_9.7mm_closed_R5_single_refY_004,5,False,0,0,5,0.33313384669966717,True,10.381849104625,
post_capture_relaxed_area_guard,GP_Ip_9.7mm_closed_R5_single_refY,GP_Ip_9.7mm_closed_R5_single_refY_005,5,False,0,0,5,0.25677224551906663,True,9.307000653139555,
post_capture_relaxed_area_guard,GP_Is_10.5mm_closed_R10_single_refY,GP_Is_10.5mm_closed_R10_single_refY_004,5,False,0,0,0,,False,,fewer_than_4_valid_bins
post_capture_relaxed_area_guard,GP_Is_10.5mm_closed_R10_single_refY,GP_Is_10.5mm_closed_R10_single_refY_005,5,False,0,0,0,,False,,fewer_than_4_valid_bins
post_capture_relaxed_area_guard,GP_Is_10.5mm_closed_R5_single_refY,GP_Is_10.5mm_closed_R5_single_refY_004,5,False,0,0,5,0.10826406914154241,True,11.425289973066016,
post_capture_relaxed_area_guard,GP_Is_10.5mm_closed_R5_single_refY,GP_Is_10.5mm_closed_R5_single_refY_005,5,False,0,0,5,0.42476618362753005,True,10.889598725074514,
post_capture_relaxed_area_guard,GP_Is_14.0mm_closed_R10_single_refY,GP_Is_14.0mm_closed_R10_single_refY_004,5,False,0,0,5,0.06240242446584654,True,13.642159642207561,
post_capture_relaxed_area_guard,GP_Is_14.0mm_closed_R10_single_refY,GP_Is_14.0mm_closed_R10_single_refY_005,5,False,0,0,5,0.25879323392067377,True,14.566742607649527,
post_capture_relaxed_area_guard,GP_Is_14.0mm_closed_R5_single_refY,GP_Is_14.0mm_closed_R5_single_refY_004,5,False,0,0,5,0.47924722859897795,True,13.539501808685223,
post_capture_relaxed_area_guard,GP_Is_14.0mm_closed_R5_single_refY,GP_Is_14.0mm_closed_R5_single_refY_005,5,False,0,0,5,0.29683969011067424,True,13.417940614632062,
post_capture_relaxed_area_guard,GP_Is_18.0mm_closed_R10_single_refY,GP_Is_18.0mm_closed_R10_single_refY_004,5,False,0,0,5,0.1440441481126653,True,16.83133228467349,
post_capture_relaxed_area_guard,GP_Is_18.0mm_closed_R10_single_refY,GP_Is_18.0mm_closed_R10_single_refY_005,5,False,0,0,5,0.2769786872117519,True,13.367096337816582,
post_capture_relaxed_area_guard,GP_Is_18.0mm_closed_R5_single_refY,GP_Is_18.0mm_closed_R5_single_refY_004,5,False,0,0,5,0.053488223650679734,True,18.725249162711552,
post_capture_relaxed_area_guard,GP_Is_18.0mm_closed_R5_single_refY,GP_Is_18.0mm_closed_R5_single_refY_005,5,False,0,0,5,0.2823045866264211,True,16.513949814263693,
post_capture_relaxed_area_guard,GP_Is_4.8mm_closed_R10_single_refY,GP_Is_4.8mm_closed_R10_single_refY_004,5,False,0,0,5,0.0886147473893033,True,5.008959164071951,
post_capture_relaxed_area_guard,GP_Is_4.8mm_closed_R10_single_refY,GP_Is_4.8mm_closed_R10_single_refY_005,5,False,0,0,5,0.21638062194504215,True,4.680844463937981,
post_capture_relaxed_area_guard,GP_Is_4.8mm_closed_R5_single_refY,GP_Is_4.8mm_closed_R5_single_refY_004,5,False,0,0,0,,False,,fewer_than_4_valid_bins
post_capture_relaxed_area_guard,GP_Is_4.8mm_closed_R5_single_refY,GP_Is_4.8mm_closed_R5_single_refY_005,5,False,0,0,0,,False,,fewer_than_4_valid_bins
post_capture_relaxed_area_guard,GP_Is_6.5mm_closed_R10_single_refY,GP_Is_6.5mm_closed_R10_single_refY_004,5,False,0,0,5,0.10131000015227598,True,5.459068546673493,
post_capture_relaxed_area_guard,GP_Is_6.5mm_closed_R10_single_refY,GP_Is_6.5mm_closed_R10_single_refY_005,5,False,0,0,5,0.03209013274920647,False,,ring_range_below_5pct
post_capture_relaxed_area_guard,GP_Is_7.0mm_closed_R5_single_refY,GP_Is_7.0mm_closed_R5_single_refY_004,5,False,0,0,5,0.23742588020769673,True,8.894437761440297,
post_capture_relaxed_area_guard,GP_Is_7.0mm_closed_R5_single_refY,GP_Is_7.0mm_closed_R5_single_refY_005,5,False,0,0,5,0.18554744895745334,True,7.100807870850843,
post_capture_relaxed_area_guard,GP_Is_7mm_closed_R10_single_refY,GP_Is_7mm_closed_R10_single_refY_004,5,False,0,0,5,0.39458191410556975,True,7.389448035971393,
post_capture_relaxed_area_guard,GP_Is_7mm_closed_R10_single_refY,GP_Is_7mm_closed_R10_single_refY_005,5,False,0,0,5,0.047005100396074084,False,,ring_range_below_5pct
post_capture_relaxed_area_guard,GP_Is_8.8mm_closed_R10_single_refY,GP_Is_8.8mm_closed_R10_single_refY_004,5,False,0,0,0,,False,,fewer_than_4_valid_bins
post_capture_relaxed_area_guard,GP_Is_8.8mm_closed_R10_single_refY,GP_Is_8.8mm_closed_R10_single_refY_005,5,False,0,0,1,,False,,fewer_than_4_valid_bins
post_capture_relaxed_area_guard,GP_Is_8.8mm_closed_R5_single_refY,GP_Is_8.8mm_closed_R5_single_refY_004,5,False,0,0,5,0.21754145780183975,True,11.232141743470269,
post_capture_relaxed_area_guard,GP_Is_8.8mm_closed_R5_single_refY,GP_Is_8.8mm_closed_R5_single_refY_005,5,False,0,0,5,0.15491816316064178,True,8.462065893815424,
post_capture_relaxed_area_guard,GP_Is_9.79mm_closed_R10_single_refY,GP_Is_9.79mm_closed_R10_single_refY_004,5,False,0,0,0,,False,,fewer_than_4_valid_bins
post_capture_relaxed_area_guard,GP_Is_9.79mm_closed_R10_single_refY,GP_Is_9.79mm_closed_R10_single_refY_005,5,False,0,0,0,,False,,fewer_than_4_valid_bins
