group,ring_code,morphology,reference_mm,S0_prediction_mm,S0_error_pct,raw_prediction_mm,raw_error_pct,post_prediction_mm,post_error_pct,post_minus_raw_abs_error_pp,trigger_capture,retry_bins,missing_bins
GP_IIa_14.0mm_closed_R10_single_refY,R10,IIa,14.0000009,13.906998464828757,0.6643030656608264,13.931856381828007,0.4867465270805278,13.931856381828007,0.4867465270805278,0.0,False,0,0
GP_IIa_14.0mm_closed_R5_single_refY,R5,IIa,14.0000009,15.030135005928123,7.358100283608721,15.313669621410678,9.383347406861086,15.313669621410678,9.383347406861086,0.0,False,0,0
GP_IIa_22.0mm_closed_R10_single_refY,R10,IIa,22.0000017,20.98239522401787,4.625483624313207,20.774275622946643,5.571481737900755,20.774275622946643,5.571481737900755,0.0,False,0,0
GP_IIa_22.0mm_closed_R5_single_refY,R5,IIa,22.0000017,20.938101208026623,4.826820045079249,20.74659256168834,5.697313824806009,20.74659256168834,5.697313824806009,0.0,False,0,0
GP_IIa_4.5mm_closed_R10_single_refY,R10,IIa,4.5000005,4.754201973877018,5.648921014053635,4.782676299511415,6.281683735622153,4.782676299511415,6.281683735622153,0.0,False,0,0
GP_IIa_5.2mm_closed_R10_single_refY,R10,IIa,5.20000071,5.239914271159811,0.7675683790399037,5.245063062400733,0.8665835816920937,5.245063062400733,0.8665835816920937,0.0,False,0,0
GP_IIa_9.5mm_closed_R10_single_refY,R10,IIa,9.50000156,10.1114858854063,6.436676052570038,10.1114858854063,6.436676052570038,10.1114858854063,6.436676052570038,0.0,False,0,0
GP_IIa_9.5mm_closed_R5_single_refY,R5,IIa,9.50000156,9.29291232895857,2.1798862845810882,9.834407852630424,3.520065660183158,9.834407852630424,3.520065660183158,0.0,False,0,0
GP_Ip_10.3mm_closed_R5_single_refY,R5,Ip,10.29999461,9.561644888719144,7.1684476471862615,10.5371269682196,2.302257109818029,10.5371269682196,2.302257109818029,0.0,False,0,0
GP_Ip_12.0mm_closed_R10_single_refY,R10,Ip,11.999998242,10.3637687756103,13.635247550811268,3.737753099383162,68.85205294196606,9.716308096156276,19.030754003369832,-49.82129893859623,True,3,0
GP_Ip_12.0mm_closed_R5_single_refY,R5,Ip,11.999998242,10.452153852273906,12.898705137377755,10.33298096128297,13.891812707792475,10.33298096128297,13.891812707792475,0.0,False,0,0
GP_Ip_2.9mm_closed_R10_single_refY,R10,Ip,2.9,3.0843567311640814,6.357128660830395,3.032726786689134,4.576785747901179,3.032726786689134,4.576785747901179,0.0,False,0,0
GP_Ip_2.9mm_closed_R5_single_refY,R5,Ip,2.9,3.321149719077409,14.52240410611755,3.321149719077409,14.52240410611755,3.321149719077409,14.52240410611755,0.0,False,0,0
GP_Ip_20.0mm_closed_R10_single_refY,R10,Ip,19.999996755,17.545563875304293,12.27216638963754,17.554744058531753,12.226265466052814,17.554744058531753,12.226265466052814,0.0,False,0,0
GP_Ip_4.0mm_closed_R10_single_refY,R10,Ip,3.999999725,4.064036232968337,1.600912809271179,4.034563423566281,0.8640925235633902,4.034563423566281,0.8640925235633902,0.0,False,0,0
GP_Ip_4.0mm_closed_R5_single_refY,R5,Ip,3.999999725,3.930603015206281,1.7349178641185707,3.528815681065708,11.779601908204928,3.528815681065708,11.779601908204928,0.0,False,0,0
GP_Ip_4.7mm_closed_R5_single_refY,R5,Ip,5.035549868,3.842854769530907,23.685498698929642,3.842854769530907,23.685498698929642,3.842854769530907,23.685498698929642,0.0,False,0,0
GP_Ip_5.6mm_closed_R10_single_refY,R10,Ip,5.716958782000001,6.0167085606220265,5.243168440636586,5.914354614575742,3.452811890077765,5.914354614575742,3.452811890077765,0.0,False,0,0
GP_Ip_6.2mm_closed_R10_single_refY,R10,Ip,6.199999013999999,6.519501859801958,5.153272526019763,6.519501859801958,5.153272526019763,6.519501859801958,5.153272526019763,0.0,False,0,0
GP_Ip_6.2mm_closed_R5_single_refY,R5,Ip,6.199999013999999,6.263501293475832,1.024230477012015,6.054350908923304,2.349163358700743,6.054350908923304,2.349163358700743,0.0,False,0,0
GP_Ip_6.4mm_closed_R10_single_refY,R10,Ip,6.4490039370000005,6.736602709526147,4.459584384436485,6.736602709526147,4.459584384436485,6.736602709526147,4.459584384436485,0.0,False,0,0
GP_Ip_7.1mm_closed_R10_single_refY,R10,Ip,7.099998649,8.00731521351408,12.779108974082282,8.00731521351408,12.779108974082282,8.00731521351408,12.779108974082282,0.0,False,0,0
GP_Ip_8.8mm_closed_R5_single_refY,R5,Ip,8.799999952,8.575124212061286,2.555406149605781,8.8764957630106,0.8692705844073899,8.8764957630106,0.8692705844073899,0.0,False,0,0
GP_Ip_9.7mm_closed_R5_single_refY,R5,Ip,9.699995629,9.16042985343391,5.5625362753046375,9.307000653139555,4.0514964221789,9.307000653139555,4.0514964221789,0.0,False,0,0
GP_Is_10.5mm_closed_R10_single_refY,R10,Is,10.499999858,9.898249286757215,5.7309578988642444,9.898249286757215,5.7309578988642444,9.898249286757215,5.7309578988642444,0.0,False,0,0
GP_Is_10.5mm_closed_R5_single_refY,R5,Is,10.499999858,11.133016743896471,6.0287323281644785,11.16805397773378,6.36242027398492,11.16805397773378,6.36242027398492,0.0,False,0,0
GP_Is_14.0mm_closed_R10_single_refY,R10,Is,13.99999531,13.178526101341673,5.867639170361456,13.968603611208524,0.2242264950549867,13.968603611208524,0.2242264950549867,0.0,False,0,0
GP_Is_14.0mm_closed_R5_single_refY,R5,Is,13.99999531,13.331757449068904,4.773129177077523,13.417940614632062,4.157534931116609,13.417940614632062,4.157534931116609,0.0,False,0,0
GP_Is_18.0mm_closed_R10_single_refY,R10,Is,18.000001088,16.430803594071758,8.717763328216545,16.430803594071758,8.717763328216545,16.430803594071758,8.717763328216545,0.0,False,0,0
GP_Is_18.0mm_closed_R5_single_refY,R5,Is,18.000001088,17.691535594738696,1.713697081201563,17.75227685244178,1.3762456699148167,17.75227685244178,1.3762456699148167,0.0,False,0,0
GP_Is_4.8mm_closed_R10_single_refY,R10,Is,4.799998598,4.977258446781375,3.6929145949174553,4.986647118120491,3.888511971613092,4.986647118120491,3.888511971613092,0.0,False,0,0
GP_Is_4.8mm_closed_R5_single_refY,R5,Is,4.799998598,5.039073973607167,4.980738446606654,5.039073973607167,4.980738446606654,5.039073973607167,4.980738446606654,0.0,False,0,0
GP_Is_6.5mm_closed_R10_single_refY,R10,Is,6.5,5.622807580786644,13.495267987897778,5.474683839884662,15.7740947710052,5.474683839884662,15.7740947710052,0.0,False,0,0
GP_Is_7.0mm_closed_R5_single_refY,R5,Is,6.9999976550000005,7.503360877102596,7.190905581847587,7.182435188168123,2.606251346924519,7.182435188168123,2.606251346924519,0.0,False,0,0
GP_Is_7mm_closed_R10_single_refY,R10,Is,6.9999976550000005,7.117941395436152,1.6849111421045448,7.117941395436152,1.6849111421045448,7.117941395436152,1.6849111421045448,0.0,False,0,0
GP_Is_8.8mm_closed_R10_single_refY,R10,Is,8.799997158,10.679360720710497,21.3564110188602,10.679360720710497,21.3564110188602,10.679360720710497,21.3564110188602,0.0,False,0,0
GP_Is_8.8mm_closed_R5_single_refY,R5,Is,8.799997158,9.097921278643067,3.385502464307354,8.76920106403698,0.34995572623591964,8.76920106403698,0.34995572623591964,0.0,False,0,0
GP_Is_9.79mm_closed_R10_single_refY,R10,Is,9.799996856,9.96131414831605,1.646095347645802,9.96131414831605,1.646095347645802,9.96131414831605,1.646095347645802,0.0,False,0,0
