method,group,prediction_mm,formal_rows,video_captures_used,fallback_video_captures
post_capture_relaxed_area_guard,GP_IIa_14.0mm_closed_R10_single_refY,13.931856381828009,13,2,0
post_capture_relaxed_area_guard,GP_IIa_14.0mm_closed_R5_single_refY,15.313669621410678,13,2,0
post_capture_relaxed_area_guard,GP_IIa_22.0mm_closed_R10_single_refY,20.774275622946643,10,2,0
post_capture_relaxed_area_guard,GP_IIa_22.0mm_closed_R5_single_refY,20.74659256168834,12,2,0
post_capture_relaxed_area_guard,GP_IIa_4.5mm_closed_R10_single_refY,4.782676299511415,13,2,0
post_capture_relaxed_area_guard,GP_IIa_5.2mm_closed_R10_single_refY,5.245063062400733,13,2,0
post_capture_relaxed_area_guard,GP_IIa_9.5mm_closed_R10_single_refY,10.1114858854063,13,0,2
post_capture_relaxed_area_guard,GP_IIa_9.5mm_closed_R5_single_refY,9.834407852630424,13,2,0
post_capture_relaxed_area_guard,GP_Ip_10.3mm_closed_R5_single_refY,10.537126968219601,6,1,0
post_capture_relaxed_area_guard,GP_Ip_12.0mm_closed_R10_single_refY,9.716308096156276,9,2,0
post_capture_relaxed_area_guard,GP_Ip_12.0mm_closed_R5_single_refY,10.33298096128297,12,2,0
post_capture_relaxed_area_guard,GP_Ip_2.9mm_closed_R10_single_refY,3.032726786689134,13,2,0
post_capture_relaxed_area_guard,GP_Ip_2.9mm_closed_R5_single_refY,3.321149719077409,9,0,2
post_capture_relaxed_area_guard,GP_Ip_20.0mm_closed_R10_single_refY,17.554744058531753,5,1,0
post_capture_relaxed_area_guard,GP_Ip_4.0mm_closed_R10_single_refY,4.034563423566281,13,2,0
post_capture_relaxed_area_guard,GP_Ip_4.0mm_closed_R5_single_refY,3.528815681065708,8,1,2
post_capture_relaxed_area_guard,GP_Ip_4.7mm_closed_R5_single_refY,3.842854769530907,1,0,0
post_capture_relaxed_area_guard,GP_Ip_5.6mm_closed_R10_single_refY,5.914354614575742,6,1,0
post_capture_relaxed_area_guard,GP_Ip_6.2mm_closed_R10_single_refY,6.519501859801958,2,0,1
post_capture_relaxed_area_guard,GP_Ip_6.2mm_closed_R5_single_refY,6.054350908923304,10,2,0
post_capture_relaxed_area_guard,GP_Ip_6.4mm_closed_R10_single_refY,6.736602709526147,1,0,0
post_capture_relaxed_area_guard,GP_Ip_7.1mm_closed_R10_single_refY,8.00731521351408,1,0,0
post_capture_relaxed_area_guard,GP_Ip_8.8mm_closed_R5_single_refY,8.8764957630106,6,1,0
post_capture_relaxed_area_guard,GP_Ip_9.7mm_closed_R5_single_refY,9.307000653139555,6,1,0
post_capture_relaxed_area_guard,GP_Is_10.5mm_closed_R10_single_refY,9.898249286757215,13,0,2
post_capture_relaxed_area_guard,GP_Is_10.5mm_closed_R5_single_refY,11.16805397773378,13,2,0
post_capture_relaxed_area_guard,GP_Is_14.0mm_closed_R10_single_refY,13.968603611208525,12,2,0
post_capture_relaxed_area_guard,GP_Is_14.0mm_closed_R5_single_refY,13.417940614632062,11,2,0
post_capture_relaxed_area_guard,GP_Is_18.0mm_closed_R10_single_refY,16.430803594071758,13,2,0
post_capture_relaxed_area_guard,GP_Is_18.0mm_closed_R5_single_refY,17.75227685244178,11,2,0
post_capture_relaxed_area_guard,GP_Is_4.8mm_closed_R10_single_refY,4.986647118120491,11,2,0
post_capture_relaxed_area_guard,GP_Is_4.8mm_closed_R5_single_refY,5.039073973607167,11,0,2
post_capture_relaxed_area_guard,GP_Is_6.5mm_closed_R10_single_refY,5.474683839884662,13,1,1
post_capture_relaxed_area_guard,GP_Is_7.0mm_closed_R5_single_refY,7.182435188168123,10,2,0
post_capture_relaxed_area_guard,GP_Is_7mm_closed_R10_single_refY,7.117941395436152,13,1,1
post_capture_relaxed_area_guard,GP_Is_8.8mm_closed_R10_single_refY,10.679360720710495,2,0,1
post_capture_relaxed_area_guard,GP_Is_8.8mm_closed_R5_single_refY,8.76920106403698,13,2,0
post_capture_relaxed_area_guard,GP_Is_9.79mm_closed_R10_single_refY,9.96131414831605,13,0,2
