group,prediction_mm,reference_mm,method,abs_error_pct,abs_error_mm
GP_IIa_14.0mm_closed_R10_single_refY,13.906998464828757,14.0000009,S0,0.6643030656608264,0.09300243517124329
GP_IIa_14.0mm_closed_R5_single_refY,15.030135005928123,14.0000009,S0,7.358100283608721,1.0301341059281235
GP_IIa_22.0mm_closed_R10_single_refY,20.98239522401787,22.0000017,S0,4.625483624313207,1.0176064759821273
GP_IIa_22.0mm_closed_R5_single_refY,20.938101208026623,22.0000017,S0,4.826820045079249,1.0619004919733754
GP_IIa_4.5mm_closed_R10_single_refY,4.754201973877018,4.5000005,S0,5.648921014053635,0.25420147387701864
GP_IIa_5.2mm_closed_R10_single_refY,5.239914271159811,5.20000071,S0,0.7675683790399037,0.039913561159810484
GP_IIa_9.5mm_closed_R10_single_refY,10.1114858854063,9.50000156,S0,6.436676052570038,0.6114843254063
GP_IIa_9.5mm_closed_R5_single_refY,9.29291232895857,9.50000156,S0,2.1798862845810882,0.2070892310414294
GP_Ip_10.3mm_closed_R5_single_refY,9.561644888719144,10.29999461,S0,7.1684476471862615,0.7383497212808567
GP_Ip_12.0mm_closed_R10_single_refY,10.3637687756103,11.999998242,S0,13.635247550811268,1.6362294663897003
GP_Ip_12.0mm_closed_R5_single_refY,10.452153852273906,11.999998242,S0,12.898705137377755,1.5478443897260945
GP_Ip_2.9mm_closed_R10_single_refY,3.0843567311640814,2.9,S0,6.357128660830395,0.18435673116408147
GP_Ip_2.9mm_closed_R5_single_refY,3.321149719077409,2.9,S0,14.52240410611755,0.42114971907740895
GP_Ip_20.0mm_closed_R10_single_refY,17.545563875304293,19.999996755,S0,12.27216638963754,2.454432879695709
GP_Ip_4.0mm_closed_R10_single_refY,4.064036232968337,3.999999725,S0,1.600912809271179,0.06403650796833693
GP_Ip_4.0mm_closed_R5_single_refY,3.930603015206281,3.999999725,S0,1.7349178641185707,0.0693967097937187
GP_Ip_4.7mm_closed_R5_single_refY,3.842854769530907,5.035549868,S0,23.685498698929642,1.1926950984690934
GP_Ip_5.6mm_closed_R10_single_refY,6.0167085606220265,5.716958782000001,S0,5.243168440636586,0.2997497786220258
GP_Ip_6.2mm_closed_R10_single_refY,6.519501859801958,6.199999013999999,S0,5.153272526019763,0.3195028458019582
GP_Ip_6.2mm_closed_R5_single_refY,6.263501293475832,6.199999013999999,S0,1.024230477012015,0.06350227947583242
GP_Ip_6.4mm_closed_R10_single_refY,6.736602709526147,6.4490039370000005,S0,4.459584384436485,0.2875987725261462
GP_Ip_7.1mm_closed_R10_single_refY,8.00731521351408,7.099998649,S0,12.779108974082282,0.9073165645140797
GP_Ip_8.8mm_closed_R5_single_refY,8.575124212061286,8.799999952,S0,2.555406149605781,0.2248757399387138
GP_Ip_9.7mm_closed_R5_single_refY,9.16042985343391,9.699995629,S0,5.5625362753046375,0.5395657755660892
GP_Is_10.5mm_closed_R10_single_refY,9.898249286757215,10.499999858,S0,5.7309578988642444,0.6017505712427855
GP_Is_10.5mm_closed_R5_single_refY,11.133016743896471,10.499999858,S0,6.0287323281644785,0.6330168858964704
GP_Is_14.0mm_closed_R10_single_refY,13.178526101341673,13.99999531,S0,5.867639170361456,0.8214692086583266
GP_Is_14.0mm_closed_R5_single_refY,13.331757449068904,13.99999531,S0,4.773129177077523,0.6682378609310948
GP_Is_18.0mm_closed_R10_single_refY,16.430803594071758,18.000001088,S0,8.717763328216545,1.5691974939282431
GP_Is_18.0mm_closed_R5_single_refY,17.691535594738696,18.000001088,S0,1.713697081201563,0.30846549326130557
GP_Is_4.8mm_closed_R10_single_refY,4.977258446781375,4.799998598,S0,3.6929145949174553,0.17725984878137524
GP_Is_4.8mm_closed_R5_single_refY,5.039073973607167,4.799998598,S0,4.980738446606654,0.2390753756071664
GP_Is_6.5mm_closed_R10_single_refY,5.622807580786644,6.5,S0,13.495267987897778,0.8771924192133556
GP_Is_7.0mm_closed_R5_single_refY,7.503360877102596,6.9999976550000005,S0,7.190905581847587,0.5033632221025952
GP_Is_7mm_closed_R10_single_refY,7.117941395436152,6.9999976550000005,S0,1.6849111421045448,0.11794374043615186
GP_Is_8.8mm_closed_R10_single_refY,10.679360720710497,8.799997158,S0,21.3564110188602,1.8793635627104965
GP_Is_8.8mm_closed_R5_single_refY,9.097921278643067,8.799997158,S0,3.385502464307354,0.29792412064306717
GP_Is_9.79mm_closed_R10_single_refY,9.96131414831605,9.799996856,S0,1.646095347645802,0.16131729231605085
GP_IIa_14.0mm_closed_R10_single_refY,13.931856381828007,14.0000009,result_sharp5_raw,0.4867465270805278,0.06814451817199263
GP_IIa_14.0mm_closed_R5_single_refY,15.313669621410678,14.0000009,result_sharp5_raw,9.383347406861086,1.3136687214106786
GP_IIa_22.0mm_closed_R10_single_refY,20.774275622946643,22.0000017,result_sharp5_raw,5.571481737900755,1.2257260770533556
GP_IIa_22.0mm_closed_R5_single_refY,20.74659256168834,22.0000017,result_sharp5_raw,5.697313824806009,1.2534091383116568
GP_IIa_4.5mm_closed_R10_single_refY,4.782676299511415,4.5000005,result_sharp5_raw,6.281683735622153,0.2826757995114155
GP_IIa_5.2mm_closed_R10_single_refY,5.245063062400733,5.20000071,result_sharp5_raw,0.8665835816920937,0.04506235240073231
GP_IIa_9.5mm_closed_R10_single_refY,10.1114858854063,9.50000156,result_sharp5_raw,6.436676052570038,0.6114843254063
GP_IIa_9.5mm_closed_R5_single_refY,9.834407852630424,9.50000156,result_sharp5_raw,3.520065660183158,0.3344062926304243
GP_Ip_10.3mm_closed_R5_single_refY,10.5371269682196,10.29999461,result_sharp5_raw,2.302257109818029,0.23713235821959877
GP_Ip_12.0mm_closed_R10_single_refY,3.737753099383162,11.999998242,result_sharp5_raw,68.85205294196606,8.262245142616838
GP_Ip_12.0mm_closed_R5_single_refY,10.33298096128297,11.999998242,result_sharp5_raw,13.891812707792475,1.6670172807170296
GP_Ip_2.9mm_closed_R10_single_refY,3.032726786689134,2.9,result_sharp5_raw,4.576785747901179,0.13272678668913418
GP_Ip_2.9mm_closed_R5_single_refY,3.321149719077409,2.9,result_sharp5_raw,14.52240410611755,0.42114971907740895
GP_Ip_20.0mm_closed_R10_single_refY,17.554744058531753,19.999996755,result_sharp5_raw,12.226265466052814,2.4452526964682484
GP_Ip_4.0mm_closed_R10_single_refY,4.034563423566281,3.999999725,result_sharp5_raw,0.8640925235633902,0.034563698566281165
GP_Ip_4.0mm_closed_R5_single_refY,3.528815681065708,3.999999725,result_sharp5_raw,11.779601908204928,0.4711840439342918
GP_Ip_4.7mm_closed_R5_single_refY,3.842854769530907,5.035549868,result_sharp5_raw,23.685498698929642,1.1926950984690934
GP_Ip_5.6mm_closed_R10_single_refY,5.914354614575742,5.716958782000001,result_sharp5_raw,3.452811890077765,0.197395832575741
GP_Ip_6.2mm_closed_R10_single_refY,6.519501859801958,6.199999013999999,result_sharp5_raw,5.153272526019763,0.3195028458019582
GP_Ip_6.2mm_closed_R5_single_refY,6.054350908923304,6.199999013999999,result_sharp5_raw,2.349163358700743,0.14564810507669534
GP_Ip_6.4mm_closed_R10_single_refY,6.736602709526147,6.4490039370000005,result_sharp5_raw,4.459584384436485,0.2875987725261462
GP_Ip_7.1mm_closed_R10_single_refY,8.00731521351408,7.099998649,result_sharp5_raw,12.779108974082282,0.9073165645140797
GP_Ip_8.8mm_closed_R5_single_refY,8.8764957630106,8.799999952,result_sharp5_raw,0.8692705844073899,0.07649581101060043
GP_Ip_9.7mm_closed_R5_single_refY,9.307000653139555,9.699995629,result_sharp5_raw,4.0514964221789,0.39299497586044474
GP_Is_10.5mm_closed_R10_single_refY,9.898249286757215,10.499999858,result_sharp5_raw,5.7309578988642444,0.6017505712427855
GP_Is_10.5mm_closed_R5_single_refY,11.16805397773378,10.499999858,result_sharp5_raw,6.36242027398492,0.6680541197337799
GP_Is_14.0mm_closed_R10_single_refY,13.968603611208524,13.99999531,result_sharp5_raw,0.2242264950549867,0.03139169879147552
GP_Is_14.0mm_closed_R5_single_refY,13.417940614632062,13.99999531,result_sharp5_raw,4.157534931116609,0.5820546953679369
GP_Is_18.0mm_closed_R10_single_refY,16.430803594071758,18.000001088,result_sharp5_raw,8.717763328216545,1.5691974939282431
GP_Is_18.0mm_closed_R5_single_refY,17.75227685244178,18.000001088,result_sharp5_raw,1.3762456699148167,0.24772423555821987
GP_Is_4.8mm_closed_R10_single_refY,4.986647118120491,4.799998598,result_sharp5_raw,3.888511971613092,0.1866485201204906
GP_Is_4.8mm_closed_R5_single_refY,5.039073973607167,4.799998598,result_sharp5_raw,4.980738446606654,0.2390753756071664
GP_Is_6.5mm_closed_R10_single_refY,5.474683839884662,6.5,result_sharp5_raw,15.7740947710052,1.025316160115338
GP_Is_7.0mm_closed_R5_single_refY,7.182435188168123,6.9999976550000005,result_sharp5_raw,2.606251346924519,0.18243753316812228
GP_Is_7mm_closed_R10_single_refY,7.117941395436152,6.9999976550000005,result_sharp5_raw,1.6849111421045448,0.11794374043615186
GP_Is_8.8mm_closed_R10_single_refY,10.679360720710497,8.799997158,result_sharp5_raw,21.3564110188602,1.8793635627104965
GP_Is_8.8mm_closed_R5_single_refY,8.76920106403698,8.799997158,result_sharp5_raw,0.34995572623591964,0.03079609396301919
GP_Is_9.79mm_closed_R10_single_refY,9.96131414831605,9.799996856,result_sharp5_raw,1.646095347645802,0.16131729231605085
GP_IIa_14.0mm_closed_R10_single_refY,13.931856381828007,14.0000009,post_capture_relaxed_area_guard,0.4867465270805278,0.06814451817199263
GP_IIa_14.0mm_closed_R5_single_refY,15.313669621410678,14.0000009,post_capture_relaxed_area_guard,9.383347406861086,1.3136687214106786
GP_IIa_22.0mm_closed_R10_single_refY,20.774275622946643,22.0000017,post_capture_relaxed_area_guard,5.571481737900755,1.2257260770533556
GP_IIa_22.0mm_closed_R5_single_refY,20.74659256168834,22.0000017,post_capture_relaxed_area_guard,5.697313824806009,1.2534091383116568
GP_IIa_4.5mm_closed_R10_single_refY,4.782676299511415,4.5000005,post_capture_relaxed_area_guard,6.281683735622153,0.2826757995114155
GP_IIa_5.2mm_closed_R10_single_refY,5.245063062400733,5.20000071,post_capture_relaxed_area_guard,0.8665835816920937,0.04506235240073231
GP_IIa_9.5mm_closed_R10_single_refY,10.1114858854063,9.50000156,post_capture_relaxed_area_guard,6.436676052570038,0.6114843254063
GP_IIa_9.5mm_closed_R5_single_refY,9.834407852630424,9.50000156,post_capture_relaxed_area_guard,3.520065660183158,0.3344062926304243
GP_Ip_10.3mm_closed_R5_single_refY,10.5371269682196,10.29999461,post_capture_relaxed_area_guard,2.302257109818029,0.23713235821959877
GP_Ip_12.0mm_closed_R10_single_refY,9.716308096156276,11.999998242,post_capture_relaxed_area_guard,19.030754003369832,2.2836901458437247
GP_Ip_12.0mm_closed_R5_single_refY,10.33298096128297,11.999998242,post_capture_relaxed_area_guard,13.891812707792475,1.6670172807170296
GP_Ip_2.9mm_closed_R10_single_refY,3.032726786689134,2.9,post_capture_relaxed_area_guard,4.576785747901179,0.13272678668913418
GP_Ip_2.9mm_closed_R5_single_refY,3.321149719077409,2.9,post_capture_relaxed_area_guard,14.52240410611755,0.42114971907740895
GP_Ip_20.0mm_closed_R10_single_refY,17.554744058531753,19.999996755,post_capture_relaxed_area_guard,12.226265466052814,2.4452526964682484
GP_Ip_4.0mm_closed_R10_single_refY,4.034563423566281,3.999999725,post_capture_relaxed_area_guard,0.8640925235633902,0.034563698566281165
GP_Ip_4.0mm_closed_R5_single_refY,3.528815681065708,3.999999725,post_capture_relaxed_area_guard,11.779601908204928,0.4711840439342918
GP_Ip_4.7mm_closed_R5_single_refY,3.842854769530907,5.035549868,post_capture_relaxed_area_guard,23.685498698929642,1.1926950984690934
GP_Ip_5.6mm_closed_R10_single_refY,5.914354614575742,5.716958782000001,post_capture_relaxed_area_guard,3.452811890077765,0.197395832575741
GP_Ip_6.2mm_closed_R10_single_refY,6.519501859801958,6.199999013999999,post_capture_relaxed_area_guard,5.153272526019763,0.3195028458019582
GP_Ip_6.2mm_closed_R5_single_refY,6.054350908923304,6.199999013999999,post_capture_relaxed_area_guard,2.349163358700743,0.14564810507669534
GP_Ip_6.4mm_closed_R10_single_refY,6.736602709526147,6.4490039370000005,post_capture_relaxed_area_guard,4.459584384436485,0.2875987725261462
GP_Ip_7.1mm_closed_R10_single_refY,8.00731521351408,7.099998649,post_capture_relaxed_area_guard,12.779108974082282,0.9073165645140797
GP_Ip_8.8mm_closed_R5_single_refY,8.8764957630106,8.799999952,post_capture_relaxed_area_guard,0.8692705844073899,0.07649581101060043
GP_Ip_9.7mm_closed_R5_single_refY,9.307000653139555,9.699995629,post_capture_relaxed_area_guard,4.0514964221789,0.39299497586044474
GP_Is_10.5mm_closed_R10_single_refY,9.898249286757215,10.499999858,post_capture_relaxed_area_guard,5.7309578988642444,0.6017505712427855
GP_Is_10.5mm_closed_R5_single_refY,11.16805397773378,10.499999858,post_capture_relaxed_area_guard,6.36242027398492,0.6680541197337799
GP_Is_14.0mm_closed_R10_single_refY,13.968603611208524,13.99999531,post_capture_relaxed_area_guard,0.2242264950549867,0.03139169879147552
GP_Is_14.0mm_closed_R5_single_refY,13.417940614632062,13.99999531,post_capture_relaxed_area_guard,4.157534931116609,0.5820546953679369
GP_Is_18.0mm_closed_R10_single_refY,16.430803594071758,18.000001088,post_capture_relaxed_area_guard,8.717763328216545,1.5691974939282431
GP_Is_18.0mm_closed_R5_single_refY,17.75227685244178,18.000001088,post_capture_relaxed_area_guard,1.3762456699148167,0.24772423555821987
GP_Is_4.8mm_closed_R10_single_refY,4.986647118120491,4.799998598,post_capture_relaxed_area_guard,3.888511971613092,0.1866485201204906
GP_Is_4.8mm_closed_R5_single_refY,5.039073973607167,4.799998598,post_capture_relaxed_area_guard,4.980738446606654,0.2390753756071664
GP_Is_6.5mm_closed_R10_single_refY,5.474683839884662,6.5,post_capture_relaxed_area_guard,15.7740947710052,1.025316160115338
GP_Is_7.0mm_closed_R5_single_refY,7.182435188168123,6.9999976550000005,post_capture_relaxed_area_guard,2.606251346924519,0.18243753316812228
GP_Is_7mm_closed_R10_single_refY,7.117941395436152,6.9999976550000005,post_capture_relaxed_area_guard,1.6849111421045448,0.11794374043615186
GP_Is_8.8mm_closed_R10_single_refY,10.679360720710497,8.799997158,post_capture_relaxed_area_guard,21.3564110188602,1.8793635627104965
GP_Is_8.8mm_closed_R5_single_refY,8.76920106403698,8.799997158,post_capture_relaxed_area_guard,0.34995572623591964,0.03079609396301919
GP_Is_9.79mm_closed_R10_single_refY,9.96131414831605,9.799996856,post_capture_relaxed_area_guard,1.646095347645802,0.16131729231605085
