group,stem,capture,source_kind,current_Dxy_mm,prediction_mm,replaced
GP_IIa_14.0mm_closed_R10_single_refY,GP_IIa_14.0mm_closed_R10_single_refY_001,photo:GP_IIa_14.0mm_closed_R10_single_refY_001,photo,7.466090165757369,7.466090165757369,False
GP_IIa_14.0mm_closed_R10_single_refY,GP_IIa_14.0mm_closed_R10_single_refY_002,photo:GP_IIa_14.0mm_closed_R10_single_refY_002,photo,16.18693695377197,16.18693695377197,False
GP_IIa_14.0mm_closed_R10_single_refY,GP_IIa_14.0mm_closed_R10_single_refY_003,photo:GP_IIa_14.0mm_closed_R10_single_refY_003,photo,11.318721135690057,11.318721135690057,False
GP_IIa_14.0mm_closed_R10_single_refY,GP_IIa_14.0mm_closed_R10_single_refY_004-kf01,GP_IIa_14.0mm_closed_R10_single_refY_004,video_keyframe,19.85997221769681,13.931856381828009,True
GP_IIa_14.0mm_closed_R10_single_refY,GP_IIa_14.0mm_closed_R10_single_refY_004-kf02,GP_IIa_14.0mm_closed_R10_single_refY_004,video_keyframe,13.906998464828757,13.931856381828009,True
GP_IIa_14.0mm_closed_R10_single_refY,GP_IIa_14.0mm_closed_R10_single_refY_004-kf03,GP_IIa_14.0mm_closed_R10_single_refY_004,video_keyframe,13.479480301737594,13.931856381828009,True
GP_IIa_14.0mm_closed_R10_single_refY,GP_IIa_14.0mm_closed_R10_single_refY_004-kf04,GP_IIa_14.0mm_closed_R10_single_refY_004,video_keyframe,1.450626999393006,13.931856381828009,True
GP_IIa_14.0mm_closed_R10_single_refY,GP_IIa_14.0mm_closed_R10_single_refY_004-kf05,GP_IIa_14.0mm_closed_R10_single_refY_004,video_keyframe,18.613459075397927,13.931856381828009,True
GP_IIa_14.0mm_closed_R10_single_refY,GP_IIa_14.0mm_closed_R10_single_refY_005-kf01,GP_IIa_14.0mm_closed_R10_single_refY_005,video_keyframe,14.388771776258375,16.516917508137183,True
GP_IIa_14.0mm_closed_R10_single_refY,GP_IIa_14.0mm_closed_R10_single_refY_005-kf02,GP_IIa_14.0mm_closed_R10_single_refY_005,video_keyframe,14.749668119842914,16.516917508137183,True
GP_IIa_14.0mm_closed_R10_single_refY,GP_IIa_14.0mm_closed_R10_single_refY_005-kf03,GP_IIa_14.0mm_closed_R10_single_refY_005,video_keyframe,17.658667949959934,16.516917508137183,True
GP_IIa_14.0mm_closed_R10_single_refY,GP_IIa_14.0mm_closed_R10_single_refY_005-kf04,GP_IIa_14.0mm_closed_R10_single_refY_005,video_keyframe,10.50217178417208,16.516917508137183,True
GP_IIa_14.0mm_closed_R10_single_refY,GP_IIa_14.0mm_closed_R10_single_refY_005-kf05,GP_IIa_14.0mm_closed_R10_single_refY_005,video_keyframe,11.511884074350755,16.516917508137183,True
GP_IIa_14.0mm_closed_R5_single_refY,GP_IIa_14.0mm_closed_R5_single_refY_001,photo:GP_IIa_14.0mm_closed_R5_single_refY_001,photo,15.313669621410678,15.313669621410678,False
GP_IIa_14.0mm_closed_R5_single_refY,GP_IIa_14.0mm_closed_R5_single_refY_002,photo:GP_IIa_14.0mm_closed_R5_single_refY_002,photo,15.933971922770414,15.933971922770414,False
GP_IIa_14.0mm_closed_R5_single_refY,GP_IIa_14.0mm_closed_R5_single_refY_003,photo:GP_IIa_14.0mm_closed_R5_single_refY_003,photo,13.78565627757625,13.78565627757625,False
GP_IIa_14.0mm_closed_R5_single_refY,GP_IIa_14.0mm_closed_R5_single_refY_004-kf01,GP_IIa_14.0mm_closed_R5_single_refY_004,video_keyframe,15.030135005928123,16.607490338687672,True
GP_IIa_14.0mm_closed_R5_single_refY,GP_IIa_14.0mm_closed_R5_single_refY_004-kf02,GP_IIa_14.0mm_closed_R5_single_refY_004,video_keyframe,16.70855530460458,16.607490338687672,True
GP_IIa_14.0mm_closed_R5_single_refY,GP_IIa_14.0mm_closed_R5_single_refY_004-kf03,GP_IIa_14.0mm_closed_R5_single_refY_004,video_keyframe,16.172942210414412,16.607490338687672,True
GP_IIa_14.0mm_closed_R5_single_refY,GP_IIa_14.0mm_closed_R5_single_refY_004-kf04,GP_IIa_14.0mm_closed_R5_single_refY_004,video_keyframe,15.27782814369286,16.607490338687672,True
GP_IIa_14.0mm_closed_R5_single_refY,GP_IIa_14.0mm_closed_R5_single_refY_004-kf05,GP_IIa_14.0mm_closed_R5_single_refY_004,video_keyframe,15.215374837001418,16.607490338687672,True
GP_IIa_14.0mm_closed_R5_single_refY,GP_IIa_14.0mm_closed_R5_single_refY_005-kf01,GP_IIa_14.0mm_closed_R5_single_refY_005,video_keyframe,14.751329243462669,14.975667931553192,True
GP_IIa_14.0mm_closed_R5_single_refY,GP_IIa_14.0mm_closed_R5_single_refY_005-kf02,GP_IIa_14.0mm_closed_R5_single_refY_005,video_keyframe,14.617386788626291,14.975667931553192,True
GP_IIa_14.0mm_closed_R5_single_refY,GP_IIa_14.0mm_closed_R5_single_refY_005-kf03,GP_IIa_14.0mm_closed_R5_single_refY_005,video_keyframe,12.651167933552934,14.975667931553192,True
GP_IIa_14.0mm_closed_R5_single_refY,GP_IIa_14.0mm_closed_R5_single_refY_005-kf04,GP_IIa_14.0mm_closed_R5_single_refY_005,video_keyframe,11.788909232206494,14.975667931553192,True
GP_IIa_14.0mm_closed_R5_single_refY,GP_IIa_14.0mm_closed_R5_single_refY_005-kf05,GP_IIa_14.0mm_closed_R5_single_refY_005,video_keyframe,13.012163306427524,14.975667931553192,True
GP_IIa_22.0mm_closed_R10_single_refY,GP_IIa_22.0mm_closed_R10_single_refY_003,photo:GP_IIa_22.0mm_closed_R10_single_refY_003,photo,21.50108055015489,21.50108055015489,False
GP_IIa_22.0mm_closed_R10_single_refY,GP_IIa_22.0mm_closed_R10_single_refY_004,photo:GP_IIa_22.0mm_closed_R10_single_refY_004,photo,19.655611043745832,19.655611043745832,False
GP_IIa_22.0mm_closed_R10_single_refY,GP_IIa_22.0mm_closed_R10_single_refY_005-kf02,GP_IIa_22.0mm_closed_R10_single_refY_005,video_keyframe,22.42715484670813,22.546779885334654,True
GP_IIa_22.0mm_closed_R10_single_refY,GP_IIa_22.0mm_closed_R10_single_refY_005-kf03,GP_IIa_22.0mm_closed_R10_single_refY_005,video_keyframe,22.522426747226817,22.546779885334654,True
GP_IIa_22.0mm_closed_R10_single_refY,GP_IIa_22.0mm_closed_R10_single_refY_005-kf04,GP_IIa_22.0mm_closed_R10_single_refY_005,video_keyframe,22.607522328007025,22.546779885334654,True
GP_IIa_22.0mm_closed_R10_single_refY,GP_IIa_22.0mm_closed_R10_single_refY_006-kf01,GP_IIa_22.0mm_closed_R10_single_refY_006,video_keyframe,20.95482205599963,20.774275622946643,True
GP_IIa_22.0mm_closed_R10_single_refY,GP_IIa_22.0mm_closed_R10_single_refY_006-kf02,GP_IIa_22.0mm_closed_R10_single_refY_006,video_keyframe,20.79003023071817,20.774275622946643,True
GP_IIa_22.0mm_closed_R10_single_refY,GP_IIa_22.0mm_closed_R10_single_refY_006-kf03,GP_IIa_22.0mm_closed_R10_single_refY_006,video_keyframe,21.009968392036114,20.774275622946643,True
GP_IIa_22.0mm_closed_R10_single_refY,GP_IIa_22.0mm_closed_R10_single_refY_006-kf04,GP_IIa_22.0mm_closed_R10_single_refY_006,video_keyframe,20.59143179461575,20.774275622946643,True
GP_IIa_22.0mm_closed_R10_single_refY,GP_IIa_22.0mm_closed_R10_single_refY_006-kf05,GP_IIa_22.0mm_closed_R10_single_refY_006,video_keyframe,20.44231699995247,20.774275622946643,True
GP_IIa_22.0mm_closed_R5_single_refY,GP_IIa_22.0mm_closed_R5_single_refY_001,photo:GP_IIa_22.0mm_closed_R5_single_refY_001,photo,22.38739181047852,22.38739181047852,False
GP_IIa_22.0mm_closed_R5_single_refY,GP_IIa_22.0mm_closed_R5_single_refY_002,photo:GP_IIa_22.0mm_closed_R5_single_refY_002,photo,21.028452857478825,21.028452857478825,False
GP_IIa_22.0mm_closed_R5_single_refY,GP_IIa_22.0mm_closed_R5_single_refY_003,photo:GP_IIa_22.0mm_closed_R5_single_refY_003,photo,19.65509270759432,19.65509270759432,False
GP_IIa_22.0mm_closed_R5_single_refY,GP_IIa_22.0mm_closed_R5_single_refY_004-kf01,GP_IIa_22.0mm_closed_R5_single_refY_004,video_keyframe,22.37296566132437,22.187366182343943,True
GP_IIa_22.0mm_closed_R5_single_refY,GP_IIa_22.0mm_closed_R5_single_refY_004-kf03,GP_IIa_22.0mm_closed_R5_single_refY_004,video_keyframe,22.649925044058183,22.187366182343943,True
GP_IIa_22.0mm_closed_R5_single_refY,GP_IIa_22.0mm_closed_R5_single_refY_004-kf04,GP_IIa_22.0mm_closed_R5_single_refY_004,video_keyframe,21.107207458700977,22.187366182343943,True
GP_IIa_22.0mm_closed_R5_single_refY,GP_IIa_22.0mm_closed_R5_single_refY_004-kf05,GP_IIa_22.0mm_closed_R5_single_refY_004,video_keyframe,21.29167576276593,22.187366182343943,True
GP_IIa_22.0mm_closed_R5_single_refY,GP_IIa_22.0mm_closed_R5_single_refY_005-kf01,GP_IIa_22.0mm_closed_R5_single_refY_005,video_keyframe,20.847749558574424,20.464732265897858,True
GP_IIa_22.0mm_closed_R5_single_refY,GP_IIa_22.0mm_closed_R5_single_refY_005-kf02,GP_IIa_22.0mm_closed_R5_single_refY_005,video_keyframe,20.579244792771203,20.464732265897858,True
GP_IIa_22.0mm_closed_R5_single_refY,GP_IIa_22.0mm_closed_R5_single_refY_005-kf03,GP_IIa_22.0mm_closed_R5_single_refY_005,video_keyframe,20.31647360654752,20.464732265897858,True
GP_IIa_22.0mm_closed_R5_single_refY,GP_IIa_22.0mm_closed_R5_single_refY_005-kf04,GP_IIa_22.0mm_closed_R5_single_refY_005,video_keyframe,20.324624812038827,20.464732265897858,True
GP_IIa_22.0mm_closed_R5_single_refY,GP_IIa_22.0mm_closed_R5_single_refY_005-kf05,GP_IIa_22.0mm_closed_R5_single_refY_005,video_keyframe,20.467050303456865,20.464732265897858,True
GP_IIa_4.5mm_closed_R10_single_refY,GP_IIa_4.5mm_closed_R10_single_refY_001,photo:GP_IIa_4.5mm_closed_R10_single_refY_001,photo,4.818255004326486,4.818255004326486,False
GP_IIa_4.5mm_closed_R10_single_refY,GP_IIa_4.5mm_closed_R10_single_refY_002,photo:GP_IIa_4.5mm_closed_R10_single_refY_002,photo,4.8285963064766495,4.8285963064766495,False
GP_IIa_4.5mm_closed_R10_single_refY,GP_IIa_4.5mm_closed_R10_single_refY_003,photo:GP_IIa_4.5mm_closed_R10_single_refY_003,photo,4.531337050968621,4.531337050968621,False
GP_IIa_4.5mm_closed_R10_single_refY,GP_IIa_4.5mm_closed_R10_single_refY_004-kf01,GP_IIa_4.5mm_closed_R10_single_refY_004,video_keyframe,4.711932406462926,4.782676299511415,True
GP_IIa_4.5mm_closed_R10_single_refY,GP_IIa_4.5mm_closed_R10_single_refY_004-kf02,GP_IIa_4.5mm_closed_R10_single_refY_004,video_keyframe,4.596722237643619,4.782676299511415,True
GP_IIa_4.5mm_closed_R10_single_refY,GP_IIa_4.5mm_closed_R10_single_refY_004-kf03,GP_IIa_4.5mm_closed_R10_single_refY_004,video_keyframe,4.8180092972298345,4.782676299511415,True
GP_IIa_4.5mm_closed_R10_single_refY,GP_IIa_4.5mm_closed_R10_single_refY_004-kf04,GP_IIa_4.5mm_closed_R10_single_refY_004,video_keyframe,4.757193080389122,4.782676299511415,True
GP_IIa_4.5mm_closed_R10_single_refY,GP_IIa_4.5mm_closed_R10_single_refY_004-kf05,GP_IIa_4.5mm_closed_R10_single_refY_004,video_keyframe,4.754201973877018,4.782676299511415,True
GP_IIa_4.5mm_closed_R10_single_refY,GP_IIa_4.5mm_closed_R10_single_refY_005-kf01,GP_IIa_4.5mm_closed_R10_single_refY_005,video_keyframe,4.693695710080011,4.74913894089637,True
GP_IIa_4.5mm_closed_R10_single_refY,GP_IIa_4.5mm_closed_R10_single_refY_005-kf02,GP_IIa_4.5mm_closed_R10_single_refY_005,video_keyframe,4.5721295740240935,4.74913894089637,True
GP_IIa_4.5mm_closed_R10_single_refY,GP_IIa_4.5mm_closed_R10_single_refY_005-kf03,GP_IIa_4.5mm_closed_R10_single_refY_005,video_keyframe,4.808720603787817,4.74913894089637,True
GP_IIa_4.5mm_closed_R10_single_refY,GP_IIa_4.5mm_closed_R10_single_refY_005-kf04,GP_IIa_4.5mm_closed_R10_single_refY_005,video_keyframe,4.900288302166084,4.74913894089637,True
GP_IIa_4.5mm_closed_R10_single_refY,GP_IIa_4.5mm_closed_R10_single_refY_005-kf05,GP_IIa_4.5mm_closed_R10_single_refY_005,video_keyframe,4.69892043982207,4.74913894089637,True
GP_IIa_5.2mm_closed_R10_single_refY,GP_IIa_5.2mm_closed_R10_single_refY_001,photo:GP_IIa_5.2mm_closed_R10_single_refY_001,photo,5.290359613325421,5.290359613325421,False
GP_IIa_5.2mm_closed_R10_single_refY,GP_IIa_5.2mm_closed_R10_single_refY_001-kf01,GP_IIa_5.2mm_closed_R10_single_refY_001,video_keyframe,4.806877786096165,5.007824488075674,True
GP_IIa_5.2mm_closed_R10_single_refY,GP_IIa_5.2mm_closed_R10_single_refY_001-kf02,GP_IIa_5.2mm_closed_R10_single_refY_001,video_keyframe,5.0081013373592205,5.007824488075674,True
GP_IIa_5.2mm_closed_R10_single_refY,GP_IIa_5.2mm_closed_R10_single_refY_001-kf03,GP_IIa_5.2mm_closed_R10_single_refY_001,video_keyframe,4.991613878201061,5.007824488075674,True
GP_IIa_5.2mm_closed_R10_single_refY,GP_IIa_5.2mm_closed_R10_single_refY_001-kf04,GP_IIa_5.2mm_closed_R10_single_refY_001,video_keyframe,5.1085770971525255,5.007824488075674,True
GP_IIa_5.2mm_closed_R10_single_refY,GP_IIa_5.2mm_closed_R10_single_refY_001-kf05,GP_IIa_5.2mm_closed_R10_single_refY_001,video_keyframe,5.116353078602576,5.007824488075674,True
GP_IIa_5.2mm_closed_R10_single_refY,GP_IIa_5.2mm_closed_R10_single_refY_002,photo:GP_IIa_5.2mm_closed_R10_single_refY_002,photo,5.309548439536294,5.309548439536294,False
GP_IIa_5.2mm_closed_R10_single_refY,GP_IIa_5.2mm_closed_R10_single_refY_003,photo:GP_IIa_5.2mm_closed_R10_single_refY_003,photo,5.245453545184027,5.245453545184027,False
GP_IIa_5.2mm_closed_R10_single_refY,GP_IIa_5.2mm_closed_R10_single_refY_004-kf01,GP_IIa_5.2mm_closed_R10_single_refY_004,video_keyframe,5.042190454338964,5.245063062400733,True
GP_IIa_5.2mm_closed_R10_single_refY,GP_IIa_5.2mm_closed_R10_single_refY_004-kf02,GP_IIa_5.2mm_closed_R10_single_refY_004,video_keyframe,5.239914271159811,5.245063062400733,True
GP_IIa_5.2mm_closed_R10_single_refY,GP_IIa_5.2mm_closed_R10_single_refY_004-kf03,GP_IIa_5.2mm_closed_R10_single_refY_004,video_keyframe,5.333307103702658,5.245063062400733,True
GP_IIa_5.2mm_closed_R10_single_refY,GP_IIa_5.2mm_closed_R10_single_refY_004-kf04,GP_IIa_5.2mm_closed_R10_single_refY_004,video_keyframe,5.373378639809699,5.245063062400733,True
GP_IIa_5.2mm_closed_R10_single_refY,GP_IIa_5.2mm_closed_R10_single_refY_004-kf05,GP_IIa_5.2mm_closed_R10_single_refY_004,video_keyframe,5.544313980107642,5.245063062400733,True
GP_IIa_9.5mm_closed_R10_single_refY,GP_IIa_9.5mm_closed_R10_single_refY_001,photo:GP_IIa_9.5mm_closed_R10_single_refY_001,photo,10.330471788813448,10.330471788813448,False
GP_IIa_9.5mm_closed_R10_single_refY,GP_IIa_9.5mm_closed_R10_single_refY_002,photo:GP_IIa_9.5mm_closed_R10_single_refY_002,photo,10.029749216459454,10.029749216459454,False
GP_IIa_9.5mm_closed_R10_single_refY,GP_IIa_9.5mm_closed_R10_single_refY_003,photo:GP_IIa_9.5mm_closed_R10_single_refY_003,photo,9.837453067763276,9.837453067763276,False
GP_IIa_9.5mm_closed_R10_single_refY,GP_IIa_9.5mm_closed_R10_single_refY_004-kf01,GP_IIa_9.5mm_closed_R10_single_refY_004,video_keyframe,10.229151626570667,10.229151626570667,False
GP_IIa_9.5mm_closed_R10_single_refY,GP_IIa_9.5mm_closed_R10_single_refY_004-kf02,GP_IIa_9.5mm_closed_R10_single_refY_004,video_keyframe,10.262880336818808,10.262880336818808,False
GP_IIa_9.5mm_closed_R10_single_refY,GP_IIa_9.5mm_closed_R10_single_refY_004-kf03,GP_IIa_9.5mm_closed_R10_single_refY_004,video_keyframe,10.311942344652616,10.311942344652616,False
GP_IIa_9.5mm_closed_R10_single_refY,GP_IIa_9.5mm_closed_R10_single_refY_004-kf04,GP_IIa_9.5mm_closed_R10_single_refY_004,video_keyframe,10.265015705019607,10.265015705019607,False
GP_IIa_9.5mm_closed_R10_single_refY,GP_IIa_9.5mm_closed_R10_single_refY_004-kf05,GP_IIa_9.5mm_closed_R10_single_refY_004,video_keyframe,10.1114858854063,10.1114858854063,False
GP_IIa_9.5mm_closed_R10_single_refY,GP_IIa_9.5mm_closed_R10_single_refY_005-kf01,GP_IIa_9.5mm_closed_R10_single_refY_005,video_keyframe,10.053713581018098,10.053713581018098,False
GP_IIa_9.5mm_closed_R10_single_refY,GP_IIa_9.5mm_closed_R10_single_refY_005-kf02,GP_IIa_9.5mm_closed_R10_single_refY_005,video_keyframe,10.109709112218855,10.109709112218855,False
GP_IIa_9.5mm_closed_R10_single_refY,GP_IIa_9.5mm_closed_R10_single_refY_005-kf03,GP_IIa_9.5mm_closed_R10_single_refY_005,video_keyframe,10.074519391687884,10.074519391687884,False
GP_IIa_9.5mm_closed_R10_single_refY,GP_IIa_9.5mm_closed_R10_single_refY_005-kf04,GP_IIa_9.5mm_closed_R10_single_refY_005,video_keyframe,10.04870724096964,10.04870724096964,False
GP_IIa_9.5mm_closed_R10_single_refY,GP_IIa_9.5mm_closed_R10_single_refY_005-kf05,GP_IIa_9.5mm_closed_R10_single_refY_005,video_keyframe,10.13055057228516,10.13055057228516,False
GP_IIa_9.5mm_closed_R5_single_refY,GP_IIa_9.5mm_closed_R5_single_refY_001,photo:GP_IIa_9.5mm_closed_R5_single_refY_001,photo,9.788780769916675,9.788780769916675,False
GP_IIa_9.5mm_closed_R5_single_refY,GP_IIa_9.5mm_closed_R5_single_refY_002,photo:GP_IIa_9.5mm_closed_R5_single_refY_002,photo,8.464268578478382,8.464268578478382,False
GP_IIa_9.5mm_closed_R5_single_refY,GP_IIa_9.5mm_closed_R5_single_refY_003,photo:GP_IIa_9.5mm_closed_R5_single_refY_003,photo,9.29291232895857,9.29291232895857,False
GP_IIa_9.5mm_closed_R5_single_refY,GP_IIa_9.5mm_closed_R5_single_refY_004-kf01,GP_IIa_9.5mm_closed_R5_single_refY_004,video_keyframe,10.661478930403154,9.834407852630424,True
GP_IIa_9.5mm_closed_R5_single_refY,GP_IIa_9.5mm_closed_R5_single_refY_004-kf02,GP_IIa_9.5mm_closed_R5_single_refY_004,video_keyframe,9.0793146847737,9.834407852630424,True
GP_IIa_9.5mm_closed_R5_single_refY,GP_IIa_9.5mm_closed_R5_single_refY_004-kf03,GP_IIa_9.5mm_closed_R5_single_refY_004,video_keyframe,9.447448422002806,9.834407852630424,True
GP_IIa_9.5mm_closed_R5_single_refY,GP_IIa_9.5mm_closed_R5_single_refY_004-kf04,GP_IIa_9.5mm_closed_R5_single_refY_004,video_keyframe,10.549617802857316,9.834407852630424,True
GP_IIa_9.5mm_closed_R5_single_refY,GP_IIa_9.5mm_closed_R5_single_refY_004-kf05,GP_IIa_9.5mm_closed_R5_single_refY_004,video_keyframe,9.19913617081213,9.834407852630424,True
GP_IIa_9.5mm_closed_R5_single_refY,GP_IIa_9.5mm_closed_R5_single_refY_005-kf01,GP_IIa_9.5mm_closed_R5_single_refY_005,video_keyframe,14.602092406814815,11.729666495643068,True
GP_IIa_9.5mm_closed_R5_single_refY,GP_IIa_9.5mm_closed_R5_single_refY_005-kf02,GP_IIa_9.5mm_closed_R5_single_refY_005,video_keyframe,14.082072955380037,11.729666495643068,True
GP_IIa_9.5mm_closed_R5_single_refY,GP_IIa_9.5mm_closed_R5_single_refY_005-kf03,GP_IIa_9.5mm_closed_R5_single_refY_005,video_keyframe,8.719133880820708,11.729666495643068,True
GP_IIa_9.5mm_closed_R5_single_refY,GP_IIa_9.5mm_closed_R5_single_refY_005-kf04,GP_IIa_9.5mm_closed_R5_single_refY_005,video_keyframe,6.965274372005181,11.729666495643068,True
GP_IIa_9.5mm_closed_R5_single_refY,GP_IIa_9.5mm_closed_R5_single_refY_005-kf05,GP_IIa_9.5mm_closed_R5_single_refY_005,video_keyframe,7.805738731693912,11.729666495643068,True
GP_Ip_10.3mm_closed_R5_single_refY,GP_Ip_10.3mm_closed_R5_single_refY_002,photo:GP_Ip_10.3mm_closed_R5_single_refY_002,photo,9.373311377621151,9.373311377621151,False
GP_Ip_10.3mm_closed_R5_single_refY,GP_Ip_10.3mm_closed_R5_single_refY_003,photo:GP_Ip_10.3mm_closed_R5_single_refY_003,photo,8.704553122605144,8.704553122605144,False
GP_Ip_10.3mm_closed_R5_single_refY,GP_Ip_10.3mm_closed_R5_single_refY_005-kf01,GP_Ip_10.3mm_closed_R5_single_refY_005,video_keyframe,10.088047115734724,10.537126968219601,True
GP_Ip_10.3mm_closed_R5_single_refY,GP_Ip_10.3mm_closed_R5_single_refY_005-kf02,GP_Ip_10.3mm_closed_R5_single_refY_005,video_keyframe,10.560922747400395,10.537126968219601,True
GP_Ip_10.3mm_closed_R5_single_refY,GP_Ip_10.3mm_closed_R5_single_refY_005-kf04,GP_Ip_10.3mm_closed_R5_single_refY_005,video_keyframe,9.63433350487731,10.537126968219601,True
GP_Ip_10.3mm_closed_R5_single_refY,GP_Ip_10.3mm_closed_R5_single_refY_005-kf05,GP_Ip_10.3mm_closed_R5_single_refY_005,video_keyframe,9.488956272560978,10.537126968219601,True
GP_Ip_12.0mm_closed_R10_single_refY,GP_Ip_12.0mm_closed_R10_single_refY_004-kf02,GP_Ip_12.0mm_closed_R10_single_refY_004,video_keyframe,10.3637687756103,12.019581800547503,True
GP_Ip_12.0mm_closed_R10_single_refY,GP_Ip_12.0mm_closed_R10_single_refY_004-kf03,GP_Ip_12.0mm_closed_R10_single_refY_004,video_keyframe,10.826299747463311,12.019581800547503,True
GP_Ip_12.0mm_closed_R10_single_refY,GP_Ip_12.0mm_closed_R10_single_refY_004-kf04,GP_Ip_12.0mm_closed_R10_single_refY_004,video_keyframe,11.310836582755702,12.019581800547503,True
GP_Ip_12.0mm_closed_R10_single_refY,GP_Ip_12.0mm_closed_R10_single_refY_004-kf05,GP_Ip_12.0mm_closed_R10_single_refY_004,video_keyframe,13.62475589316743,12.019581800547503,True
GP_Ip_12.0mm_closed_R10_single_refY,GP_Ip_12.0mm_closed_R10_single_refY_005-kf01,GP_Ip_12.0mm_closed_R10_single_refY_005,video_keyframe,4.140556422293852,9.716308096156276,True
GP_Ip_12.0mm_closed_R10_single_refY,GP_Ip_12.0mm_closed_R10_single_refY_005-kf02,GP_Ip_12.0mm_closed_R10_single_refY_005,video_keyframe,3.64801252878048,9.716308096156276,True
GP_Ip_12.0mm_closed_R10_single_refY,GP_Ip_12.0mm_closed_R10_single_refY_005-kf03,GP_Ip_12.0mm_closed_R10_single_refY_005,video_keyframe,10.786335145521198,9.716308096156276,True
GP_Ip_12.0mm_closed_R10_single_refY,GP_Ip_12.0mm_closed_R10_single_refY_005-kf04,GP_Ip_12.0mm_closed_R10_single_refY_005,video_keyframe,3.3834314167663257,9.716308096156276,True
GP_Ip_12.0mm_closed_R10_single_refY,GP_Ip_12.0mm_closed_R10_single_refY_005-kf05,GP_Ip_12.0mm_closed_R10_single_refY_005,video_keyframe,3.017740449201186,9.716308096156276,True
GP_Ip_12.0mm_closed_R5_single_refY,GP_Ip_12.0mm_closed_R5_single_refY_002,photo:GP_Ip_12.0mm_closed_R5_single_refY_002,photo,10.30679018497858,10.30679018497858,False
GP_Ip_12.0mm_closed_R5_single_refY,GP_Ip_12.0mm_closed_R5_single_refY_003,photo:GP_Ip_12.0mm_closed_R5_single_refY_003,photo,10.349256139144618,10.349256139144618,False
GP_Ip_12.0mm_closed_R5_single_refY,GP_Ip_12.0mm_closed_R5_single_refY_004-kf01,GP_Ip_12.0mm_closed_R5_single_refY_004,video_keyframe,11.250755354571,11.378790863490986,True
GP_Ip_12.0mm_closed_R5_single_refY,GP_Ip_12.0mm_closed_R5_single_refY_004-kf02,GP_Ip_12.0mm_closed_R5_single_refY_004,video_keyframe,11.422831093777113,11.378790863490986,True
GP_Ip_12.0mm_closed_R5_single_refY,GP_Ip_12.0mm_closed_R5_single_refY_004-kf03,GP_Ip_12.0mm_closed_R5_single_refY_004,video_keyframe,11.542942747941709,11.378790863490986,True
GP_Ip_12.0mm_closed_R5_single_refY,GP_Ip_12.0mm_closed_R5_single_refY_004-kf04,GP_Ip_12.0mm_closed_R5_single_refY_004,video_keyframe,11.702277372106668,11.378790863490986,True
GP_Ip_12.0mm_closed_R5_single_refY,GP_Ip_12.0mm_closed_R5_single_refY_004-kf05,GP_Ip_12.0mm_closed_R5_single_refY_004,video_keyframe,11.748084075222842,11.378790863490986,True
GP_Ip_12.0mm_closed_R5_single_refY,GP_Ip_12.0mm_closed_R5_single_refY_005-kf01,GP_Ip_12.0mm_closed_R5_single_refY_005,video_keyframe,10.178715230237378,10.316705783421323,True
GP_Ip_12.0mm_closed_R5_single_refY,GP_Ip_12.0mm_closed_R5_single_refY_005-kf02,GP_Ip_12.0mm_closed_R5_single_refY_005,video_keyframe,10.131484844350195,10.316705783421323,True
GP_Ip_12.0mm_closed_R5_single_refY,GP_Ip_12.0mm_closed_R5_single_refY_005-kf03,GP_Ip_12.0mm_closed_R5_single_refY_005,video_keyframe,10.310733971352471,10.316705783421323,True
GP_Ip_12.0mm_closed_R5_single_refY,GP_Ip_12.0mm_closed_R5_single_refY_005-kf04,GP_Ip_12.0mm_closed_R5_single_refY_005,video_keyframe,10.236661177665884,10.316705783421323,True
GP_Ip_12.0mm_closed_R5_single_refY,GP_Ip_12.0mm_closed_R5_single_refY_005-kf05,GP_Ip_12.0mm_closed_R5_single_refY_005,video_keyframe,10.555051565403192,10.316705783421323,True
GP_Ip_2.9mm_closed_R10_single_refY,GP_Ip_2.9mm_closed_R10_single_refY_001,photo:GP_Ip_2.9mm_closed_R10_single_refY_001,photo,3.032726786689134,3.032726786689134,False
GP_Ip_2.9mm_closed_R10_single_refY,GP_Ip_2.9mm_closed_R10_single_refY_002,photo:GP_Ip_2.9mm_closed_R10_single_refY_002,photo,3.131757957608352,3.131757957608352,False
GP_Ip_2.9mm_closed_R10_single_refY,GP_Ip_2.9mm_closed_R10_single_refY_003,photo:GP_Ip_2.9mm_closed_R10_single_refY_003,photo,2.9937257735844827,2.9937257735844827,False
GP_Ip_2.9mm_closed_R10_single_refY,GP_Ip_2.9mm_closed_R10_single_refY_004-kf01,GP_Ip_2.9mm_closed_R10_single_refY_004,video_keyframe,3.106620188964683,3.1045429211688207,True
GP_Ip_2.9mm_closed_R10_single_refY,GP_Ip_2.9mm_closed_R10_single_refY_004-kf02,GP_Ip_2.9mm_closed_R10_single_refY_004,video_keyframe,3.167586322776417,3.1045429211688207,True
GP_Ip_2.9mm_closed_R10_single_refY,GP_Ip_2.9mm_closed_R10_single_refY_004-kf03,GP_Ip_2.9mm_closed_R10_single_refY_004,video_keyframe,3.294149818700266,3.1045429211688207,True
GP_Ip_2.9mm_closed_R10_single_refY,GP_Ip_2.9mm_closed_R10_single_refY_004-kf04,GP_Ip_2.9mm_closed_R10_single_refY_004,video_keyframe,3.046201059277012,3.1045429211688207,True
GP_Ip_2.9mm_closed_R10_single_refY,GP_Ip_2.9mm_closed_R10_single_refY_004-kf05,GP_Ip_2.9mm_closed_R10_single_refY_004,video_keyframe,3.045454176216424,3.1045429211688207,True
GP_Ip_2.9mm_closed_R10_single_refY,GP_Ip_2.9mm_closed_R10_single_refY_005-kf01,GP_Ip_2.9mm_closed_R10_single_refY_005,video_keyframe,2.9364499687075107,3.027641192805252,True
GP_Ip_2.9mm_closed_R10_single_refY,GP_Ip_2.9mm_closed_R10_single_refY_005-kf02,GP_Ip_2.9mm_closed_R10_single_refY_005,video_keyframe,3.0911923093644003,3.027641192805252,True
GP_Ip_2.9mm_closed_R10_single_refY,GP_Ip_2.9mm_closed_R10_single_refY_005-kf03,GP_Ip_2.9mm_closed_R10_single_refY_005,video_keyframe,3.0843567311640814,3.027641192805252,True
GP_Ip_2.9mm_closed_R10_single_refY,GP_Ip_2.9mm_closed_R10_single_refY_005-kf04,GP_Ip_2.9mm_closed_R10_single_refY_005,video_keyframe,3.056618524421036,3.027641192805252,True
GP_Ip_2.9mm_closed_R10_single_refY,GP_Ip_2.9mm_closed_R10_single_refY_005-kf05,GP_Ip_2.9mm_closed_R10_single_refY_005,video_keyframe,3.102031588596075,3.027641192805252,True
GP_Ip_2.9mm_closed_R5_single_refY,GP_Ip_2.9mm_closed_R5_single_refY_001,photo:GP_Ip_2.9mm_closed_R5_single_refY_001,photo,4.6480369993597,4.6480369993597,False
GP_Ip_2.9mm_closed_R5_single_refY,GP_Ip_2.9mm_closed_R5_single_refY_002,photo:GP_Ip_2.9mm_closed_R5_single_refY_002,photo,2.472152897874901,2.472152897874901,False
GP_Ip_2.9mm_closed_R5_single_refY,GP_Ip_2.9mm_closed_R5_single_refY_003,photo:GP_Ip_2.9mm_closed_R5_single_refY_003,photo,3.321149719077409,3.321149719077409,False
GP_Ip_2.9mm_closed_R5_single_refY,GP_Ip_2.9mm_closed_R5_single_refY_004-kf01,GP_Ip_2.9mm_closed_R5_single_refY_004,video_keyframe,3.714263032543163,3.714263032543163,False
GP_Ip_2.9mm_closed_R5_single_refY,GP_Ip_2.9mm_closed_R5_single_refY_004-kf03,GP_Ip_2.9mm_closed_R5_single_refY_004,video_keyframe,1.4904692136347852,1.4904692136347852,False
GP_Ip_2.9mm_closed_R5_single_refY,GP_Ip_2.9mm_closed_R5_single_refY_004-kf05,GP_Ip_2.9mm_closed_R5_single_refY_004,video_keyframe,4.191137873962889,4.191137873962889,False
GP_Ip_2.9mm_closed_R5_single_refY,GP_Ip_2.9mm_closed_R5_single_refY_005-kf02,GP_Ip_2.9mm_closed_R5_single_refY_005,video_keyframe,3.0608364439682845,3.0608364439682845,False
GP_Ip_2.9mm_closed_R5_single_refY,GP_Ip_2.9mm_closed_R5_single_refY_005-kf04,GP_Ip_2.9mm_closed_R5_single_refY_005,video_keyframe,3.136525443508244,3.136525443508244,False
GP_Ip_2.9mm_closed_R5_single_refY,GP_Ip_2.9mm_closed_R5_single_refY_005-kf05,GP_Ip_2.9mm_closed_R5_single_refY_005,video_keyframe,3.4331818361442985,3.4331818361442985,False
GP_Ip_20.0mm_closed_R10_single_refY,GP_Ip_20.0mm_closed_R10_single_refY_005-kf01,GP_Ip_20.0mm_closed_R10_single_refY_005,video_keyframe,17.545563875304293,17.554744058531753,True
GP_Ip_20.0mm_closed_R10_single_refY,GP_Ip_20.0mm_closed_R10_single_refY_005-kf02,GP_Ip_20.0mm_closed_R10_single_refY_005,video_keyframe,17.663640073541924,17.554744058531753,True
GP_Ip_20.0mm_closed_R10_single_refY,GP_Ip_20.0mm_closed_R10_single_refY_005-kf03,GP_Ip_20.0mm_closed_R10_single_refY_005,video_keyframe,17.757780876333317,17.554744058531753,True
GP_Ip_20.0mm_closed_R10_single_refY,GP_Ip_20.0mm_closed_R10_single_refY_005-kf04,GP_Ip_20.0mm_closed_R10_single_refY_005,video_keyframe,17.371865507810806,17.554744058531753,True
GP_Ip_20.0mm_closed_R10_single_refY,GP_Ip_20.0mm_closed_R10_single_refY_005-kf05,GP_Ip_20.0mm_closed_R10_single_refY_005,video_keyframe,17.388933090415925,17.554744058531753,True
GP_Ip_4.0mm_closed_R10_single_refY,GP_Ip_4.0mm_closed_R10_single_refY_001,photo:GP_Ip_4.0mm_closed_R10_single_refY_001,photo,3.928359968870288,3.928359968870288,False
GP_Ip_4.0mm_closed_R10_single_refY,GP_Ip_4.0mm_closed_R10_single_refY_002,photo:GP_Ip_4.0mm_closed_R10_single_refY_002,photo,4.046172713284366,4.046172713284366,False
GP_Ip_4.0mm_closed_R10_single_refY,GP_Ip_4.0mm_closed_R10_single_refY_003,photo:GP_Ip_4.0mm_closed_R10_single_refY_003,photo,4.034563423566281,4.034563423566281,False
GP_Ip_4.0mm_closed_R10_single_refY,GP_Ip_4.0mm_closed_R10_single_refY_004-kf01,GP_Ip_4.0mm_closed_R10_single_refY_004,video_keyframe,4.311227571590553,4.380595148215292,True
GP_Ip_4.0mm_closed_R10_single_refY,GP_Ip_4.0mm_closed_R10_single_refY_004-kf02,GP_Ip_4.0mm_closed_R10_single_refY_004,video_keyframe,4.118919593895097,4.380595148215292,True
GP_Ip_4.0mm_closed_R10_single_refY,GP_Ip_4.0mm_closed_R10_single_refY_004-kf03,GP_Ip_4.0mm_closed_R10_single_refY_004,video_keyframe,4.1590362068651645,4.380595148215292,True
GP_Ip_4.0mm_closed_R10_single_refY,GP_Ip_4.0mm_closed_R10_single_refY_004-kf04,GP_Ip_4.0mm_closed_R10_single_refY_004,video_keyframe,4.097321376334662,4.380595148215292,True
GP_Ip_4.0mm_closed_R10_single_refY,GP_Ip_4.0mm_closed_R10_single_refY_004-kf05,GP_Ip_4.0mm_closed_R10_single_refY_004,video_keyframe,4.123612756237389,4.380595148215292,True
GP_Ip_4.0mm_closed_R10_single_refY,GP_Ip_4.0mm_closed_R10_single_refY_005-kf01,GP_Ip_4.0mm_closed_R10_single_refY_005,video_keyframe,3.983814778717748,3.9978597028420193,True
GP_Ip_4.0mm_closed_R10_single_refY,GP_Ip_4.0mm_closed_R10_single_refY_005-kf02,GP_Ip_4.0mm_closed_R10_single_refY_005,video_keyframe,3.93630386489932,3.9978597028420193,True
GP_Ip_4.0mm_closed_R10_single_refY,GP_Ip_4.0mm_closed_R10_single_refY_005-kf03,GP_Ip_4.0mm_closed_R10_single_refY_005,video_keyframe,4.007436735888033,3.9978597028420193,True
GP_Ip_4.0mm_closed_R10_single_refY,GP_Ip_4.0mm_closed_R10_single_refY_005-kf04,GP_Ip_4.0mm_closed_R10_single_refY_005,video_keyframe,4.064036232968337,3.9978597028420193,True
GP_Ip_4.0mm_closed_R10_single_refY,GP_Ip_4.0mm_closed_R10_single_refY_005-kf05,GP_Ip_4.0mm_closed_R10_single_refY_005,video_keyframe,4.317620619580709,3.9978597028420193,True
GP_Ip_4.0mm_closed_R5_single_refY,GP_Ip_4.0mm_closed_R5_single_refY_002,photo:GP_Ip_4.0mm_closed_R5_single_refY_002,photo,4.38256984943158,4.38256984943158,False
GP_Ip_4.0mm_closed_R5_single_refY,GP_Ip_4.0mm_closed_R5_single_refY_003,photo:GP_Ip_4.0mm_closed_R5_single_refY_003,photo,4.823777415533669,4.823777415533669,False
GP_Ip_4.0mm_closed_R5_single_refY,GP_Ip_4.0mm_closed_R5_single_refY_004,photo:GP_Ip_4.0mm_closed_R5_single_refY_004,photo,5.135118322226182,5.135118322226182,False
GP_Ip_4.0mm_closed_R5_single_refY,GP_Ip_4.0mm_closed_R5_single_refY_005-kf03,GP_Ip_4.0mm_closed_R5_single_refY_005,video_keyframe,3.0278432825075168,3.0278432825075168,False
GP_Ip_4.0mm_closed_R5_single_refY,GP_Ip_4.0mm_closed_R5_single_refY_006-kf03,GP_Ip_4.0mm_closed_R5_single_refY_006,video_keyframe,3.0827528647265865,3.0827528647265865,False
GP_Ip_4.0mm_closed_R5_single_refY,GP_Ip_4.0mm_closed_R5_single_refY_007-kf02,GP_Ip_4.0mm_closed_R5_single_refY_007,video_keyframe,3.9508932802663055,3.528815681065708,True
GP_Ip_4.0mm_closed_R5_single_refY,GP_Ip_4.0mm_closed_R5_single_refY_007-kf03,GP_Ip_4.0mm_closed_R5_single_refY_007,video_keyframe,1.424947482498894,3.528815681065708,True
GP_Ip_4.0mm_closed_R5_single_refY,GP_Ip_4.0mm_closed_R5_single_refY_007-kf04,GP_Ip_4.0mm_closed_R5_single_refY_007,video_keyframe,3.910312750146257,3.528815681065708,True
GP_Ip_4.7mm_closed_R5_single_refY,GP_Ip_4.7mm_closed_R5_single_refY_003,photo:GP_Ip_4.7mm_closed_R5_single_refY_003,photo,3.842854769530907,3.842854769530907,False
GP_Ip_5.6mm_closed_R10_single_refY,GP_Ip_5.6mm_closed_R10_single_refY_001,photo:GP_Ip_5.6mm_closed_R10_single_refY_001,photo,5.991168049292653,5.991168049292653,False
GP_Ip_5.6mm_closed_R10_single_refY,GP_Ip_5.6mm_closed_R10_single_refY_005-kf01,GP_Ip_5.6mm_closed_R10_single_refY_005,video_keyframe,6.013400045026334,5.914354614575742,True
GP_Ip_5.6mm_closed_R10_single_refY,GP_Ip_5.6mm_closed_R10_single_refY_005-kf02,GP_Ip_5.6mm_closed_R10_single_refY_005,video_keyframe,6.02001707621772,5.914354614575742,True
GP_Ip_5.6mm_closed_R10_single_refY,GP_Ip_5.6mm_closed_R10_single_refY_005-kf03,GP_Ip_5.6mm_closed_R10_single_refY_005,video_keyframe,5.823954144315694,5.914354614575742,True
GP_Ip_5.6mm_closed_R10_single_refY,GP_Ip_5.6mm_closed_R10_single_refY_005-kf04,GP_Ip_5.6mm_closed_R10_single_refY_005,video_keyframe,6.07499236772965,5.914354614575742,True
GP_Ip_5.6mm_closed_R10_single_refY,GP_Ip_5.6mm_closed_R10_single_refY_005-kf05,GP_Ip_5.6mm_closed_R10_single_refY_005,video_keyframe,7.026142194199823,5.914354614575742,True
GP_Ip_6.2mm_closed_R10_single_refY,GP_Ip_6.2mm_closed_R10_single_refY_005-kf04,GP_Ip_6.2mm_closed_R10_single_refY_005,video_keyframe,6.547769229079244,6.547769229079244,False
GP_Ip_6.2mm_closed_R10_single_refY,GP_Ip_6.2mm_closed_R10_single_refY_005-kf05,GP_Ip_6.2mm_closed_R10_single_refY_005,video_keyframe,6.491234490524672,6.491234490524672,False
GP_Ip_6.2mm_closed_R5_single_refY,GP_Ip_6.2mm_closed_R5_single_refY_001,photo:GP_Ip_6.2mm_closed_R5_single_refY_001,photo,6.392251209535011,6.392251209535011,False
GP_Ip_6.2mm_closed_R5_single_refY,GP_Ip_6.2mm_closed_R5_single_refY_002,photo:GP_Ip_6.2mm_closed_R5_single_refY_002,photo,2.2496443126780967,2.2496443126780967,False
GP_Ip_6.2mm_closed_R5_single_refY,GP_Ip_6.2mm_closed_R5_single_refY_004-kf02,GP_Ip_6.2mm_closed_R5_single_refY_004,video_keyframe,6.062173317818723,6.091793904373772,True
GP_Ip_6.2mm_closed_R5_single_refY,GP_Ip_6.2mm_closed_R5_single_refY_004-kf03,GP_Ip_6.2mm_closed_R5_single_refY_004,video_keyframe,6.306117056301413,6.091793904373772,True
GP_Ip_6.2mm_closed_R5_single_refY,GP_Ip_6.2mm_closed_R5_single_refY_004-kf04,GP_Ip_6.2mm_closed_R5_single_refY_004,video_keyframe,6.22088553065025,6.091793904373772,True
GP_Ip_6.2mm_closed_R5_single_refY,GP_Ip_6.2mm_closed_R5_single_refY_004-kf05,GP_Ip_6.2mm_closed_R5_single_refY_004,video_keyframe,6.123825005789608,6.091793904373772,True
GP_Ip_6.2mm_closed_R5_single_refY,GP_Ip_6.2mm_closed_R5_single_refY_005-kf02,GP_Ip_6.2mm_closed_R5_single_refY_005,video_keyframe,6.790986125094176,6.016907913472836,True
GP_Ip_6.2mm_closed_R5_single_refY,GP_Ip_6.2mm_closed_R5_single_refY_005-kf03,GP_Ip_6.2mm_closed_R5_single_refY_005,video_keyframe,6.737744182647978,6.016907913472836,True
GP_Ip_6.2mm_closed_R5_single_refY,GP_Ip_6.2mm_closed_R5_single_refY_005-kf04,GP_Ip_6.2mm_closed_R5_single_refY_005,video_keyframe,8.604334916452634,6.016907913472836,True
GP_Ip_6.2mm_closed_R5_single_refY,GP_Ip_6.2mm_closed_R5_single_refY_005-kf05,GP_Ip_6.2mm_closed_R5_single_refY_005,video_keyframe,6.078331804554232,6.016907913472836,True
GP_Ip_6.4mm_closed_R10_single_refY,GP_Ip_6.4mm_closed_R10_single_refY_004,photo:GP_Ip_6.4mm_closed_R10_single_refY_004,photo,6.736602709526147,6.736602709526147,False
GP_Ip_7.1mm_closed_R10_single_refY,GP_Ip_7.1mm_closed_R10_single_refY_003,photo:GP_Ip_7.1mm_closed_R10_single_refY_003,photo,8.00731521351408,8.00731521351408,False
GP_Ip_8.8mm_closed_R5_single_refY,GP_Ip_8.8mm_closed_R5_single_refY_002,photo:GP_Ip_8.8mm_closed_R5_single_refY_002,photo,9.607790557561882,9.607790557561882,False
GP_Ip_8.8mm_closed_R5_single_refY,GP_Ip_8.8mm_closed_R5_single_refY_005-kf01,GP_Ip_8.8mm_closed_R5_single_refY_005,video_keyframe,8.28758449363835,8.8764957630106,True
GP_Ip_8.8mm_closed_R5_single_refY,GP_Ip_8.8mm_closed_R5_single_refY_005-kf02,GP_Ip_8.8mm_closed_R5_single_refY_005,video_keyframe,8.11556553664064,8.8764957630106,True
GP_Ip_8.8mm_closed_R5_single_refY,GP_Ip_8.8mm_closed_R5_single_refY_005-kf03,GP_Ip_8.8mm_closed_R5_single_refY_005,video_keyframe,10.34347391484829,8.8764957630106,True
GP_Ip_8.8mm_closed_R5_single_refY,GP_Ip_8.8mm_closed_R5_single_refY_005-kf04,GP_Ip_8.8mm_closed_R5_single_refY_005,video_keyframe,8.195525300980895,8.8764957630106,True
GP_Ip_8.8mm_closed_R5_single_refY,GP_Ip_8.8mm_closed_R5_single_refY_005-kf05,GP_Ip_8.8mm_closed_R5_single_refY_005,video_keyframe,8.86266393048422,8.8764957630106,True
GP_Ip_9.7mm_closed_R5_single_refY,GP_Ip_9.7mm_closed_R5_single_refY_002,photo:GP_Ip_9.7mm_closed_R5_single_refY_002,photo,9.165839604959372,9.165839604959372,False
GP_Ip_9.7mm_closed_R5_single_refY,GP_Ip_9.7mm_closed_R5_single_refY_003,photo:GP_Ip_9.7mm_closed_R5_single_refY_003,photo,8.334985772668654,8.334985772668654,False
GP_Ip_9.7mm_closed_R5_single_refY,GP_Ip_9.7mm_closed_R5_single_refY_005-kf01,GP_Ip_9.7mm_closed_R5_single_refY_005,video_keyframe,9.296090835231864,9.307000653139555,True
GP_Ip_9.7mm_closed_R5_single_refY,GP_Ip_9.7mm_closed_R5_single_refY_005-kf02,GP_Ip_9.7mm_closed_R5_single_refY_005,video_keyframe,9.155020101908448,9.307000653139555,True
GP_Ip_9.7mm_closed_R5_single_refY,GP_Ip_9.7mm_closed_R5_single_refY_005-kf03,GP_Ip_9.7mm_closed_R5_single_refY_005,video_keyframe,9.312774769310588,9.307000653139555,True
GP_Ip_9.7mm_closed_R5_single_refY,GP_Ip_9.7mm_closed_R5_single_refY_005-kf05,GP_Ip_9.7mm_closed_R5_single_refY_005,video_keyframe,9.06748039254714,9.307000653139555,True
GP_Is_10.5mm_closed_R10_single_refY,GP_Is_10.5mm_closed_R10_single_refY_001,photo:GP_Is_10.5mm_closed_R10_single_refY_001,photo,9.883035606474706,9.883035606474706,False
GP_Is_10.5mm_closed_R10_single_refY,GP_Is_10.5mm_closed_R10_single_refY_002,photo:GP_Is_10.5mm_closed_R10_single_refY_002,photo,9.899896962429018,9.899896962429018,False
GP_Is_10.5mm_closed_R10_single_refY,GP_Is_10.5mm_closed_R10_single_refY_003,photo:GP_Is_10.5mm_closed_R10_single_refY_003,photo,9.8893068646819,9.8893068646819,False
GP_Is_10.5mm_closed_R10_single_refY,GP_Is_10.5mm_closed_R10_single_refY_004-kf01,GP_Is_10.5mm_closed_R10_single_refY_004,video_keyframe,9.884768813549426,9.884768813549426,False
GP_Is_10.5mm_closed_R10_single_refY,GP_Is_10.5mm_closed_R10_single_refY_004-kf02,GP_Is_10.5mm_closed_R10_single_refY_004,video_keyframe,9.906918117511296,9.906918117511296,False
GP_Is_10.5mm_closed_R10_single_refY,GP_Is_10.5mm_closed_R10_single_refY_004-kf03,GP_Is_10.5mm_closed_R10_single_refY_004,video_keyframe,9.900688837437244,9.900688837437244,False
GP_Is_10.5mm_closed_R10_single_refY,GP_Is_10.5mm_closed_R10_single_refY_004-kf04,GP_Is_10.5mm_closed_R10_single_refY_004,video_keyframe,9.931589189128095,9.931589189128095,False
GP_Is_10.5mm_closed_R10_single_refY,GP_Is_10.5mm_closed_R10_single_refY_004-kf05,GP_Is_10.5mm_closed_R10_single_refY_004,video_keyframe,9.898249286757215,9.898249286757215,False
GP_Is_10.5mm_closed_R10_single_refY,GP_Is_10.5mm_closed_R10_single_refY_005-kf01,GP_Is_10.5mm_closed_R10_single_refY_005,video_keyframe,9.840865013070118,9.840865013070118,False
GP_Is_10.5mm_closed_R10_single_refY,GP_Is_10.5mm_closed_R10_single_refY_005-kf02,GP_Is_10.5mm_closed_R10_single_refY_005,video_keyframe,10.926731732260867,10.926731732260867,False
GP_Is_10.5mm_closed_R10_single_refY,GP_Is_10.5mm_closed_R10_single_refY_005-kf03,GP_Is_10.5mm_closed_R10_single_refY_005,video_keyframe,9.919733418834264,9.919733418834264,False
GP_Is_10.5mm_closed_R10_single_refY,GP_Is_10.5mm_closed_R10_single_refY_005-kf04,GP_Is_10.5mm_closed_R10_single_refY_005,video_keyframe,8.914017493294434,8.914017493294434,False
GP_Is_10.5mm_closed_R10_single_refY,GP_Is_10.5mm_closed_R10_single_refY_005-kf05,GP_Is_10.5mm_closed_R10_single_refY_005,video_keyframe,9.23202935073745,9.23202935073745,False
GP_Is_10.5mm_closed_R5_single_refY,GP_Is_10.5mm_closed_R5_single_refY_001,photo:GP_Is_10.5mm_closed_R5_single_refY_001,photo,11.468570945881638,11.468570945881638,False
GP_Is_10.5mm_closed_R5_single_refY,GP_Is_10.5mm_closed_R5_single_refY_002,photo:GP_Is_10.5mm_closed_R5_single_refY_002,photo,11.16805397773378,11.16805397773378,False
GP_Is_10.5mm_closed_R5_single_refY,GP_Is_10.5mm_closed_R5_single_refY_003,photo:GP_Is_10.5mm_closed_R5_single_refY_003,photo,10.21498021815165,10.21498021815165,False
GP_Is_10.5mm_closed_R5_single_refY,GP_Is_10.5mm_closed_R5_single_refY_004-kf01,GP_Is_10.5mm_closed_R5_single_refY_004,video_keyframe,11.503371768941427,11.425289973066016,True
GP_Is_10.5mm_closed_R5_single_refY,GP_Is_10.5mm_closed_R5_single_refY_004-kf02,GP_Is_10.5mm_closed_R5_single_refY_004,video_keyframe,11.133016743896471,11.425289973066016,True
GP_Is_10.5mm_closed_R5_single_refY,GP_Is_10.5mm_closed_R5_single_refY_004-kf03,GP_Is_10.5mm_closed_R5_single_refY_004,video_keyframe,11.21513335958036,11.425289973066016,True
GP_Is_10.5mm_closed_R5_single_refY,GP_Is_10.5mm_closed_R5_single_refY_004-kf04,GP_Is_10.5mm_closed_R5_single_refY_004,video_keyframe,11.423587695137163,11.425289973066016,True
GP_Is_10.5mm_closed_R5_single_refY,GP_Is_10.5mm_closed_R5_single_refY_004-kf05,GP_Is_10.5mm_closed_R5_single_refY_004,video_keyframe,11.313722105219282,11.425289973066016,True
GP_Is_10.5mm_closed_R5_single_refY,GP_Is_10.5mm_closed_R5_single_refY_005-kf01,GP_Is_10.5mm_closed_R5_single_refY_005,video_keyframe,10.882386033020014,10.889598725074514,True
GP_Is_10.5mm_closed_R5_single_refY,GP_Is_10.5mm_closed_R5_single_refY_005-kf02,GP_Is_10.5mm_closed_R5_single_refY_005,video_keyframe,10.89769721108447,10.889598725074514,True
GP_Is_10.5mm_closed_R5_single_refY,GP_Is_10.5mm_closed_R5_single_refY_005-kf03,GP_Is_10.5mm_closed_R5_single_refY_005,video_keyframe,10.903846742179692,10.889598725074514,True
GP_Is_10.5mm_closed_R5_single_refY,GP_Is_10.5mm_closed_R5_single_refY_005-kf04,GP_Is_10.5mm_closed_R5_single_refY_005,video_keyframe,10.490439157774814,10.889598725074514,True
GP_Is_10.5mm_closed_R5_single_refY,GP_Is_10.5mm_closed_R5_single_refY_005-kf05,GP_Is_10.5mm_closed_R5_single_refY_005,video_keyframe,10.06010051089535,10.889598725074514,True
GP_Is_14.0mm_closed_R10_single_refY,GP_Is_14.0mm_closed_R10_single_refY_002,photo:GP_Is_14.0mm_closed_R10_single_refY_002,photo,14.295047580209491,14.295047580209491,False
GP_Is_14.0mm_closed_R10_single_refY,GP_Is_14.0mm_closed_R10_single_refY_003,photo:GP_Is_14.0mm_closed_R10_single_refY_003,photo,11.56161116923876,11.56161116923876,False
GP_Is_14.0mm_closed_R10_single_refY,GP_Is_14.0mm_closed_R10_single_refY_004-kf01,GP_Is_14.0mm_closed_R10_single_refY_004,video_keyframe,13.489390184170466,13.642159642207561,True
GP_Is_14.0mm_closed_R10_single_refY,GP_Is_14.0mm_closed_R10_single_refY_004-kf02,GP_Is_14.0mm_closed_R10_single_refY_004,video_keyframe,6.501749096574509,13.642159642207561,True
GP_Is_14.0mm_closed_R10_single_refY,GP_Is_14.0mm_closed_R10_single_refY_004-kf03,GP_Is_14.0mm_closed_R10_single_refY_004,video_keyframe,11.561544417938142,13.642159642207561,True
GP_Is_14.0mm_closed_R10_single_refY,GP_Is_14.0mm_closed_R10_single_refY_004-kf04,GP_Is_14.0mm_closed_R10_single_refY_004,video_keyframe,13.652239952172328,13.642159642207561,True
GP_Is_14.0mm_closed_R10_single_refY,GP_Is_14.0mm_closed_R10_single_refY_004-kf05,GP_Is_14.0mm_closed_R10_single_refY_004,video_keyframe,11.748646303229398,13.642159642207561,True
GP_Is_14.0mm_closed_R10_single_refY,GP_Is_14.0mm_closed_R10_single_refY_005-kf01,GP_Is_14.0mm_closed_R10_single_refY_005,video_keyframe,12.86766201851288,14.566742607649527,True
GP_Is_14.0mm_closed_R10_single_refY,GP_Is_14.0mm_closed_R10_single_refY_005-kf02,GP_Is_14.0mm_closed_R10_single_refY_005,video_keyframe,15.751329288288694,14.566742607649527,True
GP_Is_14.0mm_closed_R10_single_refY,GP_Is_14.0mm_closed_R10_single_refY_005-kf03,GP_Is_14.0mm_closed_R10_single_refY_005,video_keyframe,13.722734270004732,14.566742607649527,True
GP_Is_14.0mm_closed_R10_single_refY,GP_Is_14.0mm_closed_R10_single_refY_005-kf04,GP_Is_14.0mm_closed_R10_single_refY_005,video_keyframe,14.628892688729676,14.566742607649527,True
GP_Is_14.0mm_closed_R10_single_refY,GP_Is_14.0mm_closed_R10_single_refY_005-kf05,GP_Is_14.0mm_closed_R10_single_refY_005,video_keyframe,10.499488670592386,14.566742607649527,True
GP_Is_14.0mm_closed_R5_single_refY,GP_Is_14.0mm_closed_R5_single_refY_001,photo:GP_Is_14.0mm_closed_R5_single_refY_001,photo,12.664262766111458,12.664262766111458,False
GP_Is_14.0mm_closed_R5_single_refY,GP_Is_14.0mm_closed_R5_single_refY_002,photo:GP_Is_14.0mm_closed_R5_single_refY_002,photo,11.280654751297403,11.280654751297403,False
GP_Is_14.0mm_closed_R5_single_refY,GP_Is_14.0mm_closed_R5_single_refY_003,photo:GP_Is_14.0mm_closed_R5_single_refY_003,photo,12.931711544760454,12.931711544760454,False
GP_Is_14.0mm_closed_R5_single_refY,GP_Is_14.0mm_closed_R5_single_refY_004-kf01,GP_Is_14.0mm_closed_R5_single_refY_004,video_keyframe,13.445422234397013,13.539501808685223,True
GP_Is_14.0mm_closed_R5_single_refY,GP_Is_14.0mm_closed_R5_single_refY_004-kf02,GP_Is_14.0mm_closed_R5_single_refY_004,video_keyframe,13.653730166484122,13.539501808685223,True
GP_Is_14.0mm_closed_R5_single_refY,GP_Is_14.0mm_closed_R5_single_refY_004-kf03,GP_Is_14.0mm_closed_R5_single_refY_004,video_keyframe,13.06932906114661,13.539501808685223,True
GP_Is_14.0mm_closed_R5_single_refY,GP_Is_14.0mm_closed_R5_single_refY_004-kf04,GP_Is_14.0mm_closed_R5_single_refY_004,video_keyframe,13.331757449068904,13.539501808685223,True
GP_Is_14.0mm_closed_R5_single_refY,GP_Is_14.0mm_closed_R5_single_refY_004-kf05,GP_Is_14.0mm_closed_R5_single_refY_004,video_keyframe,13.552409817995322,13.539501808685223,True
GP_Is_14.0mm_closed_R5_single_refY,GP_Is_14.0mm_closed_R5_single_refY_005-kf03,GP_Is_14.0mm_closed_R5_single_refY_005,video_keyframe,14.023225312437583,13.417940614632062,True
GP_Is_14.0mm_closed_R5_single_refY,GP_Is_14.0mm_closed_R5_single_refY_005-kf04,GP_Is_14.0mm_closed_R5_single_refY_005,video_keyframe,11.763293416649342,13.417940614632062,True
GP_Is_14.0mm_closed_R5_single_refY,GP_Is_14.0mm_closed_R5_single_refY_005-kf05,GP_Is_14.0mm_closed_R5_single_refY_005,video_keyframe,13.903772741055905,13.417940614632062,True
GP_Is_18.0mm_closed_R10_single_refY,GP_Is_18.0mm_closed_R10_single_refY_001,photo:GP_Is_18.0mm_closed_R10_single_refY_001,photo,17.079528204867106,17.079528204867106,False
GP_Is_18.0mm_closed_R10_single_refY,GP_Is_18.0mm_closed_R10_single_refY_002,photo:GP_Is_18.0mm_closed_R10_single_refY_002,photo,16.430803594071758,16.430803594071758,False
GP_Is_18.0mm_closed_R10_single_refY,GP_Is_18.0mm_closed_R10_single_refY_003,photo:GP_Is_18.0mm_closed_R10_single_refY_003,photo,15.336488232142528,15.336488232142528,False
GP_Is_18.0mm_closed_R10_single_refY,GP_Is_18.0mm_closed_R10_single_refY_004-kf01,GP_Is_18.0mm_closed_R10_single_refY_004,video_keyframe,16.673383147941443,16.83133228467349,True
GP_Is_18.0mm_closed_R10_single_refY,GP_Is_18.0mm_closed_R10_single_refY_004-kf02,GP_Is_18.0mm_closed_R10_single_refY_004,video_keyframe,16.90892595836342,16.83133228467349,True
GP_Is_18.0mm_closed_R10_single_refY,GP_Is_18.0mm_closed_R10_single_refY_004-kf03,GP_Is_18.0mm_closed_R10_single_refY_004,video_keyframe,16.86546307889098,16.83133228467349,True
GP_Is_18.0mm_closed_R10_single_refY,GP_Is_18.0mm_closed_R10_single_refY_004-kf04,GP_Is_18.0mm_closed_R10_single_refY_004,video_keyframe,16.98147062187425,16.83133228467349,True
GP_Is_18.0mm_closed_R10_single_refY,GP_Is_18.0mm_closed_R10_single_refY_004-kf05,GP_Is_18.0mm_closed_R10_single_refY_004,video_keyframe,17.20927622798728,16.83133228467349,True
GP_Is_18.0mm_closed_R10_single_refY,GP_Is_18.0mm_closed_R10_single_refY_005-kf01,GP_Is_18.0mm_closed_R10_single_refY_005,video_keyframe,16.189213765329907,13.367096337816582,True
GP_Is_18.0mm_closed_R10_single_refY,GP_Is_18.0mm_closed_R10_single_refY_005-kf02,GP_Is_18.0mm_closed_R10_single_refY_005,video_keyframe,13.280040680423625,13.367096337816582,True
GP_Is_18.0mm_closed_R10_single_refY,GP_Is_18.0mm_closed_R10_single_refY_005-kf03,GP_Is_18.0mm_closed_R10_single_refY_005,video_keyframe,13.276448778474183,13.367096337816582,True
GP_Is_18.0mm_closed_R10_single_refY,GP_Is_18.0mm_closed_R10_single_refY_005-kf04,GP_Is_18.0mm_closed_R10_single_refY_005,video_keyframe,15.69574033631709,13.367096337816582,True
GP_Is_18.0mm_closed_R10_single_refY,GP_Is_18.0mm_closed_R10_single_refY_005-kf05,GP_Is_18.0mm_closed_R10_single_refY_005,video_keyframe,15.245490448397994,13.367096337816582,True
GP_Is_18.0mm_closed_R5_single_refY,GP_Is_18.0mm_closed_R5_single_refY_002,photo:GP_Is_18.0mm_closed_R5_single_refY_002,photo,17.75227685244178,17.75227685244178,False
GP_Is_18.0mm_closed_R5_single_refY,GP_Is_18.0mm_closed_R5_single_refY_004-kf01,GP_Is_18.0mm_closed_R5_single_refY_004,video_keyframe,19.80732201279885,18.725249162711552,True
GP_Is_18.0mm_closed_R5_single_refY,GP_Is_18.0mm_closed_R5_single_refY_004-kf02,GP_Is_18.0mm_closed_R5_single_refY_004,video_keyframe,18.8388442402779,18.725249162711552,True
GP_Is_18.0mm_closed_R5_single_refY,GP_Is_18.0mm_closed_R5_single_refY_004-kf03,GP_Is_18.0mm_closed_R5_single_refY_004,video_keyframe,18.46036403152729,18.725249162711552,True
GP_Is_18.0mm_closed_R5_single_refY,GP_Is_18.0mm_closed_R5_single_refY_004-kf04,GP_Is_18.0mm_closed_R5_single_refY_004,video_keyframe,18.09761117050246,18.725249162711552,True
GP_Is_18.0mm_closed_R5_single_refY,GP_Is_18.0mm_closed_R5_single_refY_004-kf05,GP_Is_18.0mm_closed_R5_single_refY_004,video_keyframe,17.691535594738696,18.725249162711552,True
GP_Is_18.0mm_closed_R5_single_refY,GP_Is_18.0mm_closed_R5_single_refY_005-kf01,GP_Is_18.0mm_closed_R5_single_refY_005,video_keyframe,15.78594896935865,16.513949814263693,True
GP_Is_18.0mm_closed_R5_single_refY,GP_Is_18.0mm_closed_R5_single_refY_005-kf02,GP_Is_18.0mm_closed_R5_single_refY_005,video_keyframe,16.125129445745895,16.513949814263693,True
GP_Is_18.0mm_closed_R5_single_refY,GP_Is_18.0mm_closed_R5_single_refY_005-kf03,GP_Is_18.0mm_closed_R5_single_refY_005,video_keyframe,16.547174276749583,16.513949814263693,True
GP_Is_18.0mm_closed_R5_single_refY,GP_Is_18.0mm_closed_R5_single_refY_005-kf04,GP_Is_18.0mm_closed_R5_single_refY_005,video_keyframe,16.486805438468032,16.513949814263693,True
GP_Is_18.0mm_closed_R5_single_refY,GP_Is_18.0mm_closed_R5_single_refY_005-kf05,GP_Is_18.0mm_closed_R5_single_refY_005,video_keyframe,16.22137895653641,16.513949814263693,True
GP_Is_4.8mm_closed_R10_single_refY,GP_Is_4.8mm_closed_R10_single_refY_002,photo:GP_Is_4.8mm_closed_R10_single_refY_002,photo,4.986647118120491,4.986647118120491,False
GP_Is_4.8mm_closed_R10_single_refY,GP_Is_4.8mm_closed_R10_single_refY_004-kf01,GP_Is_4.8mm_closed_R10_single_refY_004,video_keyframe,4.972463078854496,5.008959164071951,True
GP_Is_4.8mm_closed_R10_single_refY,GP_Is_4.8mm_closed_R10_single_refY_004-kf02,GP_Is_4.8mm_closed_R10_single_refY_004,video_keyframe,4.977258446781375,5.008959164071951,True
GP_Is_4.8mm_closed_R10_single_refY,GP_Is_4.8mm_closed_R10_single_refY_004-kf03,GP_Is_4.8mm_closed_R10_single_refY_004,video_keyframe,5.110165848992401,5.008959164071951,True
GP_Is_4.8mm_closed_R10_single_refY,GP_Is_4.8mm_closed_R10_single_refY_004-kf04,GP_Is_4.8mm_closed_R10_single_refY_004,video_keyframe,5.010887090427168,5.008959164071951,True
GP_Is_4.8mm_closed_R10_single_refY,GP_Is_4.8mm_closed_R10_single_refY_004-kf05,GP_Is_4.8mm_closed_R10_single_refY_004,video_keyframe,4.871807091862502,5.008959164071951,True
GP_Is_4.8mm_closed_R10_single_refY,GP_Is_4.8mm_closed_R10_single_refY_005-kf01,GP_Is_4.8mm_closed_R10_single_refY_005,video_keyframe,4.979405336964157,4.680844463937981,True
GP_Is_4.8mm_closed_R10_single_refY,GP_Is_4.8mm_closed_R10_single_refY_005-kf02,GP_Is_4.8mm_closed_R10_single_refY_005,video_keyframe,5.00625424374085,4.680844463937981,True
GP_Is_4.8mm_closed_R10_single_refY,GP_Is_4.8mm_closed_R10_single_refY_005-kf03,GP_Is_4.8mm_closed_R10_single_refY_005,video_keyframe,4.678865402194356,4.680844463937981,True
GP_Is_4.8mm_closed_R10_single_refY,GP_Is_4.8mm_closed_R10_single_refY_005-kf04,GP_Is_4.8mm_closed_R10_single_refY_005,video_keyframe,4.880173454777104,4.680844463937981,True
GP_Is_4.8mm_closed_R10_single_refY,GP_Is_4.8mm_closed_R10_single_refY_005-kf05,GP_Is_4.8mm_closed_R10_single_refY_005,video_keyframe,4.895505834769503,4.680844463937981,True
GP_Is_4.8mm_closed_R5_single_refY,GP_Is_4.8mm_closed_R5_single_refY_001,photo:GP_Is_4.8mm_closed_R5_single_refY_001,photo,5.101283458410636,5.101283458410636,False
GP_Is_4.8mm_closed_R5_single_refY,GP_Is_4.8mm_closed_R5_single_refY_004-kf01,GP_Is_4.8mm_closed_R5_single_refY_004,video_keyframe,5.116576406844306,5.116576406844306,False
GP_Is_4.8mm_closed_R5_single_refY,GP_Is_4.8mm_closed_R5_single_refY_004-kf02,GP_Is_4.8mm_closed_R5_single_refY_004,video_keyframe,5.105233083199308,5.105233083199308,False
GP_Is_4.8mm_closed_R5_single_refY,GP_Is_4.8mm_closed_R5_single_refY_004-kf03,GP_Is_4.8mm_closed_R5_single_refY_004,video_keyframe,5.035065258354923,5.035065258354923,False
GP_Is_4.8mm_closed_R5_single_refY,GP_Is_4.8mm_closed_R5_single_refY_004-kf04,GP_Is_4.8mm_closed_R5_single_refY_004,video_keyframe,4.999405768081894,4.999405768081894,False
GP_Is_4.8mm_closed_R5_single_refY,GP_Is_4.8mm_closed_R5_single_refY_004-kf05,GP_Is_4.8mm_closed_R5_single_refY_004,video_keyframe,5.004904191431917,5.004904191431917,False
GP_Is_4.8mm_closed_R5_single_refY,GP_Is_4.8mm_closed_R5_single_refY_005-kf01,GP_Is_4.8mm_closed_R5_single_refY_005,video_keyframe,5.075729399180906,5.075729399180906,False
GP_Is_4.8mm_closed_R5_single_refY,GP_Is_4.8mm_closed_R5_single_refY_005-kf02,GP_Is_4.8mm_closed_R5_single_refY_005,video_keyframe,5.060140995661588,5.060140995661588,False
GP_Is_4.8mm_closed_R5_single_refY,GP_Is_4.8mm_closed_R5_single_refY_005-kf03,GP_Is_4.8mm_closed_R5_single_refY_005,video_keyframe,5.039073973607167,5.039073973607167,False
GP_Is_4.8mm_closed_R5_single_refY,GP_Is_4.8mm_closed_R5_single_refY_005-kf04,GP_Is_4.8mm_closed_R5_single_refY_005,video_keyframe,4.696236427541899,4.696236427541899,False
GP_Is_4.8mm_closed_R5_single_refY,GP_Is_4.8mm_closed_R5_single_refY_005-kf05,GP_Is_4.8mm_closed_R5_single_refY_005,video_keyframe,4.86361736265965,4.86361736265965,False
GP_Is_6.5mm_closed_R10_single_refY,GP_Is_6.5mm_closed_R10_single_refY_001,photo:GP_Is_6.5mm_closed_R10_single_refY_001,photo,5.634261647488985,5.634261647488985,False
GP_Is_6.5mm_closed_R10_single_refY,GP_Is_6.5mm_closed_R10_single_refY_002,photo:GP_Is_6.5mm_closed_R10_single_refY_002,photo,5.646198676630009,5.646198676630009,False
GP_Is_6.5mm_closed_R10_single_refY,GP_Is_6.5mm_closed_R10_single_refY_003,photo:GP_Is_6.5mm_closed_R10_single_refY_003,photo,5.3246239414027,5.3246239414027,False
GP_Is_6.5mm_closed_R10_single_refY,GP_Is_6.5mm_closed_R10_single_refY_004-kf01,GP_Is_6.5mm_closed_R10_single_refY_004,video_keyframe,5.164735219421789,5.459068546673493,True
GP_Is_6.5mm_closed_R10_single_refY,GP_Is_6.5mm_closed_R10_single_refY_004-kf02,GP_Is_6.5mm_closed_R10_single_refY_004,video_keyframe,5.2691214949762974,5.459068546673493,True
GP_Is_6.5mm_closed_R10_single_refY,GP_Is_6.5mm_closed_R10_single_refY_004-kf03,GP_Is_6.5mm_closed_R10_single_refY_004,video_keyframe,5.470805822752898,5.459068546673493,True
GP_Is_6.5mm_closed_R10_single_refY,GP_Is_6.5mm_closed_R10_single_refY_004-kf04,GP_Is_6.5mm_closed_R10_single_refY_004,video_keyframe,5.622807580786644,5.459068546673493,True
GP_Is_6.5mm_closed_R10_single_refY,GP_Is_6.5mm_closed_R10_single_refY_004-kf05,GP_Is_6.5mm_closed_R10_single_refY_004,video_keyframe,5.636014193111908,5.459068546673493,True
GP_Is_6.5mm_closed_R10_single_refY,GP_Is_6.5mm_closed_R10_single_refY_005-kf01,GP_Is_6.5mm_closed_R10_single_refY_005,video_keyframe,5.994998408224773,5.994998408224773,False
GP_Is_6.5mm_closed_R10_single_refY,GP_Is_6.5mm_closed_R10_single_refY_005-kf02,GP_Is_6.5mm_closed_R10_single_refY_005,video_keyframe,6.083135560144981,6.083135560144981,False
GP_Is_6.5mm_closed_R10_single_refY,GP_Is_6.5mm_closed_R10_single_refY_005-kf03,GP_Is_6.5mm_closed_R10_single_refY_005,video_keyframe,5.90930948129378,5.90930948129378,False
GP_Is_6.5mm_closed_R10_single_refY,GP_Is_6.5mm_closed_R10_single_refY_005-kf04,GP_Is_6.5mm_closed_R10_single_refY_005,video_keyframe,5.474683839884662,5.474683839884662,False
GP_Is_6.5mm_closed_R10_single_refY,GP_Is_6.5mm_closed_R10_single_refY_005-kf05,GP_Is_6.5mm_closed_R10_single_refY_005,video_keyframe,5.475052350260399,5.475052350260399,False
GP_Is_7.0mm_closed_R5_single_refY,GP_Is_7.0mm_closed_R5_single_refY_001,photo:GP_Is_7.0mm_closed_R5_single_refY_001,photo,7.264062505485404,7.264062505485404,False
GP_Is_7.0mm_closed_R5_single_refY,GP_Is_7.0mm_closed_R5_single_refY_003,photo:GP_Is_7.0mm_closed_R5_single_refY_003,photo,9.383153451540446,9.383153451540446,False
GP_Is_7.0mm_closed_R5_single_refY,GP_Is_7.0mm_closed_R5_single_refY_004-kf02,GP_Is_7.0mm_closed_R5_single_refY_004,video_keyframe,8.458909890490016,8.894437761440297,True
GP_Is_7.0mm_closed_R5_single_refY,GP_Is_7.0mm_closed_R5_single_refY_004-kf03,GP_Is_7.0mm_closed_R5_single_refY_004,video_keyframe,8.568967472642909,8.894437761440297,True
GP_Is_7.0mm_closed_R5_single_refY,GP_Is_7.0mm_closed_R5_single_refY_004-kf05,GP_Is_7.0mm_closed_R5_single_refY_004,video_keyframe,9.5067680651383,8.894437761440297,True
GP_Is_7.0mm_closed_R5_single_refY,GP_Is_7.0mm_closed_R5_single_refY_005-kf01,GP_Is_7.0mm_closed_R5_single_refY_005,video_keyframe,7.053593303808559,7.100807870850843,True
GP_Is_7.0mm_closed_R5_single_refY,GP_Is_7.0mm_closed_R5_single_refY_005-kf02,GP_Is_7.0mm_closed_R5_single_refY_005,video_keyframe,7.222649441002696,7.100807870850843,True
GP_Is_7.0mm_closed_R5_single_refY,GP_Is_7.0mm_closed_R5_single_refY_005-kf03,GP_Is_7.0mm_closed_R5_single_refY_005,video_keyframe,7.25843598854216,7.100807870850843,True
GP_Is_7.0mm_closed_R5_single_refY,GP_Is_7.0mm_closed_R5_single_refY_005-kf04,GP_Is_7.0mm_closed_R5_single_refY_005,video_keyframe,7.671273422451731,7.100807870850843,True
GP_Is_7.0mm_closed_R5_single_refY,GP_Is_7.0mm_closed_R5_single_refY_005-kf05,GP_Is_7.0mm_closed_R5_single_refY_005,video_keyframe,7.335448331753462,7.100807870850843,True
GP_Is_7mm_closed_R10_single_refY,GP_Is_7mm_closed_R10_single_refY_001,photo:GP_Is_7mm_closed_R10_single_refY_001,photo,7.23155157813008,7.23155157813008,False
GP_Is_7mm_closed_R10_single_refY,GP_Is_7mm_closed_R10_single_refY_002,photo:GP_Is_7mm_closed_R10_single_refY_002,photo,7.048663310985742,7.048663310985742,False
GP_Is_7mm_closed_R10_single_refY,GP_Is_7mm_closed_R10_single_refY_003,photo:GP_Is_7mm_closed_R10_single_refY_003,photo,6.926043536791139,6.926043536791139,False
GP_Is_7mm_closed_R10_single_refY,GP_Is_7mm_closed_R10_single_refY_004-kf01,GP_Is_7mm_closed_R10_single_refY_004,video_keyframe,7.307987115938712,7.389448035971393,True
GP_Is_7mm_closed_R10_single_refY,GP_Is_7mm_closed_R10_single_refY_004-kf02,GP_Is_7mm_closed_R10_single_refY_004,video_keyframe,8.057091833682101,7.389448035971393,True
GP_Is_7mm_closed_R10_single_refY,GP_Is_7mm_closed_R10_single_refY_004-kf03,GP_Is_7mm_closed_R10_single_refY_004,video_keyframe,7.331940716761731,7.389448035971393,True
GP_Is_7mm_closed_R10_single_refY,GP_Is_7mm_closed_R10_single_refY_004-kf04,GP_Is_7mm_closed_R10_single_refY_004,video_keyframe,7.219811824879134,7.389448035971393,True
GP_Is_7mm_closed_R10_single_refY,GP_Is_7mm_closed_R10_single_refY_004-kf05,GP_Is_7mm_closed_R10_single_refY_004,video_keyframe,7.412483739489546,7.389448035971393,True
GP_Is_7mm_closed_R10_single_refY,GP_Is_7mm_closed_R10_single_refY_005-kf01,GP_Is_7mm_closed_R10_single_refY_005,video_keyframe,7.065033352792995,7.065033352792995,False
GP_Is_7mm_closed_R10_single_refY,GP_Is_7mm_closed_R10_single_refY_005-kf02,GP_Is_7mm_closed_R10_single_refY_005,video_keyframe,7.117941395436152,7.117941395436152,False
GP_Is_7mm_closed_R10_single_refY,GP_Is_7mm_closed_R10_single_refY_005-kf03,GP_Is_7mm_closed_R10_single_refY_005,video_keyframe,7.083049570615955,7.083049570615955,False
GP_Is_7mm_closed_R10_single_refY,GP_Is_7mm_closed_R10_single_refY_005-kf04,GP_Is_7mm_closed_R10_single_refY_005,video_keyframe,6.818461217842433,6.818461217842433,False
GP_Is_7mm_closed_R10_single_refY,GP_Is_7mm_closed_R10_single_refY_005-kf05,GP_Is_7mm_closed_R10_single_refY_005,video_keyframe,6.966784640851986,6.966784640851986,False
GP_Is_8.8mm_closed_R10_single_refY,GP_Is_8.8mm_closed_R10_single_refY_003,photo:GP_Is_8.8mm_closed_R10_single_refY_003,photo,8.47077781396326,8.47077781396326,False
GP_Is_8.8mm_closed_R10_single_refY,GP_Is_8.8mm_closed_R10_single_refY_005-kf05,GP_Is_8.8mm_closed_R10_single_refY_005,video_keyframe,12.887943627457728,12.887943627457728,False
GP_Is_8.8mm_closed_R5_single_refY,GP_Is_8.8mm_closed_R5_single_refY_001,photo:GP_Is_8.8mm_closed_R5_single_refY_001,photo,9.70301416775792,9.70301416775792,False
GP_Is_8.8mm_closed_R5_single_refY,GP_Is_8.8mm_closed_R5_single_refY_002,photo:GP_Is_8.8mm_closed_R5_single_refY_002,photo,8.76920106403698,8.76920106403698,False
GP_Is_8.8mm_closed_R5_single_refY,GP_Is_8.8mm_closed_R5_single_refY_003,photo:GP_Is_8.8mm_closed_R5_single_refY_003,photo,8.698354303500995,8.698354303500995,False
GP_Is_8.8mm_closed_R5_single_refY,GP_Is_8.8mm_closed_R5_single_refY_004-kf01,GP_Is_8.8mm_closed_R5_single_refY_004,video_keyframe,13.26668306985528,11.232141743470269,True
GP_Is_8.8mm_closed_R5_single_refY,GP_Is_8.8mm_closed_R5_single_refY_004-kf02,GP_Is_8.8mm_closed_R5_single_refY_004,video_keyframe,10.017093238034471,11.232141743470269,True
GP_Is_8.8mm_closed_R5_single_refY,GP_Is_8.8mm_closed_R5_single_refY_004-kf03,GP_Is_8.8mm_closed_R5_single_refY_004,video_keyframe,9.617168595987623,11.232141743470269,True
GP_Is_8.8mm_closed_R5_single_refY,GP_Is_8.8mm_closed_R5_single_refY_004-kf04,GP_Is_8.8mm_closed_R5_single_refY_004,video_keyframe,9.456853515684598,11.232141743470269,True
GP_Is_8.8mm_closed_R5_single_refY,GP_Is_8.8mm_closed_R5_single_refY_004-kf05,GP_Is_8.8mm_closed_R5_single_refY_004,video_keyframe,9.44459800865725,11.232141743470269,True
GP_Is_8.8mm_closed_R5_single_refY,GP_Is_8.8mm_closed_R5_single_refY_005-kf01,GP_Is_8.8mm_closed_R5_single_refY_005,video_keyframe,8.913041218543787,8.462065893815424,True
GP_Is_8.8mm_closed_R5_single_refY,GP_Is_8.8mm_closed_R5_single_refY_005-kf02,GP_Is_8.8mm_closed_R5_single_refY_005,video_keyframe,9.097921278643067,8.462065893815424,True
GP_Is_8.8mm_closed_R5_single_refY,GP_Is_8.8mm_closed_R5_single_refY_005-kf03,GP_Is_8.8mm_closed_R5_single_refY_005,video_keyframe,8.665078088158737,8.462065893815424,True
GP_Is_8.8mm_closed_R5_single_refY,GP_Is_8.8mm_closed_R5_single_refY_005-kf04,GP_Is_8.8mm_closed_R5_single_refY_005,video_keyframe,8.477430548922811,8.462065893815424,True
GP_Is_8.8mm_closed_R5_single_refY,GP_Is_8.8mm_closed_R5_single_refY_005-kf05,GP_Is_8.8mm_closed_R5_single_refY_005,video_keyframe,8.32735642379535,8.462065893815424,True
GP_Is_9.79mm_closed_R10_single_refY,GP_Is_9.79mm_closed_R10_single_refY_001,photo:GP_Is_9.79mm_closed_R10_single_refY_001,photo,9.99538854879919,9.99538854879919,False
GP_Is_9.79mm_closed_R10_single_refY,GP_Is_9.79mm_closed_R10_single_refY_002,photo:GP_Is_9.79mm_closed_R10_single_refY_002,photo,9.09864939025118,9.09864939025118,False
GP_Is_9.79mm_closed_R10_single_refY,GP_Is_9.79mm_closed_R10_single_refY_003,photo:GP_Is_9.79mm_closed_R10_single_refY_003,photo,10.043514673902656,10.043514673902656,False
GP_Is_9.79mm_closed_R10_single_refY,GP_Is_9.79mm_closed_R10_single_refY_004-kf01,GP_Is_9.79mm_closed_R10_single_refY_004,video_keyframe,9.802824164431875,9.802824164431875,False
GP_Is_9.79mm_closed_R10_single_refY,GP_Is_9.79mm_closed_R10_single_refY_004-kf02,GP_Is_9.79mm_closed_R10_single_refY_004,video_keyframe,9.818377937781062,9.818377937781062,False
GP_Is_9.79mm_closed_R10_single_refY,GP_Is_9.79mm_closed_R10_single_refY_004-kf03,GP_Is_9.79mm_closed_R10_single_refY_004,video_keyframe,9.969717440559814,9.969717440559814,False
GP_Is_9.79mm_closed_R10_single_refY,GP_Is_9.79mm_closed_R10_single_refY_004-kf04,GP_Is_9.79mm_closed_R10_single_refY_004,video_keyframe,8.668313618035372,8.668313618035372,False
GP_Is_9.79mm_closed_R10_single_refY,GP_Is_9.79mm_closed_R10_single_refY_004-kf05,GP_Is_9.79mm_closed_R10_single_refY_004,video_keyframe,9.361113095403276,9.361113095403276,False
GP_Is_9.79mm_closed_R10_single_refY,GP_Is_9.79mm_closed_R10_single_refY_005-kf01,GP_Is_9.79mm_closed_R10_single_refY_005,video_keyframe,9.99405805651946,9.99405805651946,False
GP_Is_9.79mm_closed_R10_single_refY,GP_Is_9.79mm_closed_R10_single_refY_005-kf02,GP_Is_9.79mm_closed_R10_single_refY_005,video_keyframe,10.059472761352934,10.059472761352934,False
GP_Is_9.79mm_closed_R10_single_refY,GP_Is_9.79mm_closed_R10_single_refY_005-kf03,GP_Is_9.79mm_closed_R10_single_refY_005,video_keyframe,10.023618721894534,10.023618721894534,False
GP_Is_9.79mm_closed_R10_single_refY,GP_Is_9.79mm_closed_R10_single_refY_005-kf04,GP_Is_9.79mm_closed_R10_single_refY_005,video_keyframe,9.866502079700886,9.866502079700886,False
GP_Is_9.79mm_closed_R10_single_refY,GP_Is_9.79mm_closed_R10_single_refY_005-kf05,GP_Is_9.79mm_closed_R10_single_refY_005,video_keyframe,9.96131414831605,9.96131414831605,False
